plan_key,plan_id,issuer_id,plan_type,metal_level,product_type,state
1,77963AK0010001,77963,PPO,Gold,QHP,AK
2,77963AK0010002,77963,PPO,Silver,QHP,AK
3,77963AK0010003,77963,PPO,Bronze Expanded,QHP,AK
4,77963AK0010004,77963,PPO,Bronze Expanded,QHP,AK
5,38344AK1060001,38344,PPO,Gold,QHP,AK
6,38344AK1060002,38344,PPO,Silver,QHP,AK
7,38344AK1060004,38344,PPO,Bronze Expanded,QHP,AK
8,38344AK1070001,38344,PPO,Silver,QHP,AK
9,38344AK1070002,38344,PPO,Bronze Expanded,QHP,AK
10,38344AK1080001,38344,PPO,Gold,QHP,AK
11,38344AK1080002,38344,PPO,Bronze Expanded,QHP,AK
12,46944AL0370001,46944,PPO,Gold,QHP,AL
13,46944AL0410001,46944,PPO,Silver,QHP,AL
14,46944AL0460001,46944,PPO,Bronze Expanded,QHP,AL
15,46944AL0470001,46944,PPO,Catastrophic,QHP,AL
16,46944AL0560001,46944,PPO,Bronze Expanded,QHP,AL
17,46944AL0650001,46944,PPO,Gold,QHP,AL
18,46944AL0660001,46944,PPO,Silver,QHP,AL
19,73301AL0020001,73301,EPO,Gold,QHP,AL
20,73301AL0020003,73301,EPO,Bronze Expanded,QHP,AL
21,73301AL0020004,73301,EPO,Catastrophic,QHP,AL
22,73301AL0020006,73301,EPO,Bronze Expanded,QHP,AL
23,73301AL0020009,73301,EPO,Silver,QHP,AL
24,73301AL0020010,73301,EPO,Bronze Expanded,QHP,AL
25,73301AL0020011,73301,EPO,Silver,QHP,AL
26,73301AL0020012,73301,EPO,Silver,QHP,AL
27,69461AL0110001,69461,EPO,Gold,QHP,AL
28,69461AL0110002,69461,EPO,Gold,QHP,AL
29,69461AL0110003,69461,EPO,Silver,QHP,AL
30,69461AL0110004,69461,EPO,Silver,QHP,AL
31,69461AL0110005,69461,EPO,Silver,QHP,AL
32,69461AL0110006,69461,EPO,Bronze,QHP,AL
33,69461AL0110007,69461,EPO,Bronze Expanded,QHP,AL
34,46944AL0710001,46944,EPO,Silver,QHP,AL
35,73301AL0020014,73301,EPO,Gold,QHP,AL
36,73301AL0020015,73301,EPO,Bronze Expanded,QHP,AL
37,73301AL0020016,73301,EPO,Bronze Expanded,QHP,AL
38,73301AL0020018,73301,EPO,Silver,QHP,AL
39,73301AL0020022,73301,EPO,Silver,QHP,AL
40,73301AL0020023,73301,EPO,Silver,QHP,AL
41,73301AL0020024,73301,EPO,Bronze Expanded,QHP,AL
42,37903AR0070025,37903,PPO,Silver,QHP,AR
43,37903AR0070027,37903,PPO,Gold,QHP,AR
44,70525AR0070261,70525,POS,Silver,QHP,AR
45,70525AR0070263,70525,POS,Gold,QHP,AR
46,62141AR0080007,62141,PPO,Silver,QHP,AR
47,62141AR0080009,62141,PPO,Silver,QHP,AR
48,62141AR0080012,62141,PPO,Silver,QHP,AR
49,62141AR0080014,62141,PPO,Gold,QHP,AR
50,62141AR0080101,62141,PPO,Silver,QHP,AR
51,62141AR0100007,62141,PPO,Silver,QHP,AR
52,62141AR0100009,62141,PPO,Silver,QHP,AR
53,62141AR0100013,62141,PPO,Silver,QHP,AR
54,62141AR0100014,62141,PPO,Gold,QHP,AR
55,75293AR1200003,75293,PPO,Silver,QHP,AR
56,75293AR1200004,75293,PPO,Silver,QHP,AR
57,75293AR1200006,75293,PPO,Silver,QHP,AR
58,75293AR1200007,75293,PPO,Bronze Expanded,QHP,AR
59,75293AR1200008,75293,PPO,Bronze Expanded,QHP,AR
60,75293AR1200014,75293,PPO,Silver,QHP,AR
61,75293AR1200020,75293,PPO,Gold,QHP,AR
62,13262AR0230002,13262,POS,Silver,QHP,AR
63,13262AR0230003,13262,POS,Gold,QHP,AR
64,15724AR0010002,15724,PPO,Bronze Expanded,QHP,AR
65,15724AR0010005,15724,PPO,Bronze Expanded,QHP,AR
66,15724AR0010006,15724,PPO,Silver,QHP,AR
67,15724AR0010008,15724,PPO,Silver,QHP,AR
68,15724AR0010011,15724,PPO,Catastrophic,QHP,AR
69,15724AR0010013,15724,PPO,Gold,QHP,AR
70,15724AR0010014,15724,PPO,Bronze Expanded,QHP,AR
71,15724AR0010015,15724,PPO,Silver,QHP,AR
72,15724AR0010016,15724,PPO,Silver,QHP,AR
73,15724AR0010020,15724,PPO,Gold,QHP,AR
74,15724AR0010021,15724,PPO,Bronze Expanded,QHP,AR
75,15724AR0010023,15724,PPO,Bronze Expanded,QHP,AR
76,15724AR0010024,15724,PPO,Bronze Expanded,QHP,AR
77,15724AR0010025,15724,PPO,Silver,QHP,AR
78,15724AR0010026,15724,PPO,Silver,QHP,AR
79,15724AR0010027,15724,PPO,Silver,QHP,AR
80,15724AR0010028,15724,PPO,Silver,QHP,AR
81,15724AR0010029,15724,PPO,Silver,QHP,AR
82,15724AR0010030,15724,PPO,Silver,QHP,AR
83,15724AR0010033,15724,PPO,Gold,QHP,AR
84,15724AR0010034,15724,PPO,Gold,QHP,AR
85,15724AR0010035,15724,PPO,Gold,QHP,AR
86,15724AR0010036,15724,PPO,Gold,QHP,AR
87,15724AR0010037,15724,PPO,Gold,QHP,AR
88,15724AR0010038,15724,PPO,Bronze Expanded,QHP,AR
89,15724AR0010041,15724,PPO,Bronze Expanded,QHP,AR
90,15724AR0010043,15724,PPO,Bronze Expanded,QHP,AR
91,15724AR0010045,15724,PPO,Silver,QHP,AR
92,37903AR0070050,37903,PPO,Silver,QHP,AR
93,70525AR0070285,70525,POS,Bronze Expanded,QHP,AR
94,70525AR0070286,70525,POS,Silver,QHP,AR
95,62141AR0080017,62141,PPO,Bronze Expanded,QHP,AR
96,62141AR0080025,62141,PPO,Bronze Expanded,QHP,AR
97,62141AR0080026,62141,PPO,Bronze Expanded,QHP,AR
98,62141AR0080029,62141,PPO,Silver,QHP,AR
99,62141AR0080030,62141,PPO,Gold,QHP,AR
100,62141AR0080075,62141,PPO,Bronze,QHP,AR
101,62141AR0100017,62141,PPO,Bronze Expanded,QHP,AR
102,62141AR0100025,62141,PPO,Bronze Expanded,QHP,AR
103,62141AR0100026,62141,PPO,Bronze Expanded,QHP,AR
104,62141AR0100030,62141,PPO,Gold,QHP,AR
105,62141AR0100031,62141,PPO,Silver,QHP,AR
106,62141AR0100075,62141,PPO,Bronze,QHP,AR
107,75293AR1200023,75293,PPO,Silver,QHP,AR
108,75293AR1200024,75293,PPO,Bronze Expanded,QHP,AR
109,53901AZ1420001,53901,HMO,Gold,QHP,AZ
110,53901AZ1420002,53901,HMO,Gold,QHP,AZ
111,53901AZ1420003,53901,HMO,Gold,QHP,AZ
112,53901AZ1420006,53901,HMO,Gold,QHP,AZ
113,53901AZ1420007,53901,HMO,Gold,QHP,AZ
114,53901AZ1420008,53901,HMO,Silver,QHP,AZ
115,53901AZ1420009,53901,HMO,Silver,QHP,AZ
116,53901AZ1420010,53901,HMO,Silver,QHP,AZ
117,53901AZ1420013,53901,HMO,Silver,QHP,AZ
118,53901AZ1420014,53901,HMO,Silver,QHP,AZ
119,53901AZ1420015,53901,HMO,Bronze Expanded,QHP,AZ
120,53901AZ1420016,53901,HMO,Bronze Expanded,QHP,AZ
121,53901AZ1420017,53901,HMO,Bronze Expanded,QHP,AZ
122,53901AZ1420020,53901,HMO,Bronze Expanded,QHP,AZ
123,53901AZ1420021,53901,HMO,Bronze Expanded,QHP,AZ
124,53901AZ1420022,53901,HMO,Bronze Expanded,QHP,AZ
125,53901AZ1420023,53901,HMO,Bronze Expanded,QHP,AZ
126,53901AZ1420024,53901,HMO,Bronze Expanded,QHP,AZ
127,53901AZ1420027,53901,HMO,Bronze Expanded,QHP,AZ
128,53901AZ1420028,53901,HMO,Bronze Expanded,QHP,AZ
129,53901AZ1420037,53901,HMO,Silver,QHP,AZ
130,53901AZ1420038,53901,HMO,Silver,QHP,AZ
131,53901AZ1420039,53901,HMO,Silver,QHP,AZ
132,53901AZ1420040,53901,HMO,Silver,QHP,AZ
133,53901AZ1420041,53901,HMO,Silver,QHP,AZ
134,53901AZ1420042,53901,HMO,Silver,QHP,AZ
135,53901AZ1420043,53901,HMO,Silver,QHP,AZ
136,53901AZ1420044,53901,HMO,Silver,QHP,AZ
137,53901AZ1420045,53901,HMO,Silver,QHP,AZ
138,53901AZ1420046,53901,HMO,Silver,QHP,AZ
139,53901AZ1420047,53901,HMO,Silver,QHP,AZ
140,53901AZ1420048,53901,HMO,Gold,QHP,AZ
141,53901AZ1420049,53901,HMO,Gold,QHP,AZ
142,53901AZ1420050,53901,HMO,Gold,QHP,AZ
143,53901AZ1420051,53901,HMO,Gold,QHP,AZ
144,53901AZ1420052,53901,HMO,Gold,QHP,AZ
145,53901AZ1420053,53901,HMO,Gold,QHP,AZ
146,53901AZ1420054,53901,HMO,Silver,QHP,AZ
147,53901AZ1420055,53901,HMO,Silver,QHP,AZ
148,53901AZ1420056,53901,HMO,Silver,QHP,AZ
149,53901AZ1420057,53901,HMO,Silver,QHP,AZ
150,53901AZ1420058,53901,HMO,Silver,QHP,AZ
151,53901AZ1420059,53901,HMO,Silver,QHP,AZ
152,53901AZ1420060,53901,HMO,Bronze Expanded,QHP,AZ
153,53901AZ1420061,53901,HMO,Bronze Expanded,QHP,AZ
154,53901AZ1420062,53901,HMO,Bronze Expanded,QHP,AZ
155,53901AZ1420063,53901,HMO,Bronze Expanded,QHP,AZ
156,53901AZ1420064,53901,HMO,Bronze Expanded,QHP,AZ
157,53901AZ1420065,53901,HMO,Bronze Expanded,QHP,AZ
158,53901AZ1420066,53901,HMO,Bronze Expanded,QHP,AZ
159,53901AZ1420067,53901,HMO,Bronze Expanded,QHP,AZ
160,53901AZ1420068,53901,HMO,Bronze Expanded,QHP,AZ
161,53901AZ1420069,53901,HMO,Bronze Expanded,QHP,AZ
162,53901AZ1420070,53901,HMO,Bronze Expanded,QHP,AZ
163,53901AZ1420071,53901,HMO,Bronze Expanded,QHP,AZ
164,53901AZ1420078,53901,HMO,Gold,QHP,AZ
165,53901AZ1420079,53901,HMO,Silver,QHP,AZ
166,53901AZ1420080,53901,HMO,Bronze Expanded,QHP,AZ
167,53901AZ1420081,53901,HMO,Silver,QHP,AZ
168,53901AZ1420082,53901,HMO,Silver,QHP,AZ
169,53901AZ1420083,53901,HMO,Silver,QHP,AZ
170,91450AZ0080035,91450,HMO,Silver,QHP,AZ
171,91450AZ0080036,91450,HMO,Bronze,QHP,AZ
172,91450AZ0080037,91450,HMO,Bronze Expanded,QHP,AZ
173,91450AZ0080044,91450,HMO,Silver,QHP,AZ
174,91450AZ0080052,91450,HMO,Silver,QHP,AZ
175,91450AZ0080059,91450,HMO,Gold,QHP,AZ
176,91450AZ0180035,91450,HMO,Silver,QHP,AZ
177,91450AZ0180036,91450,HMO,Bronze,QHP,AZ
178,91450AZ0180044,91450,HMO,Silver,QHP,AZ
179,91450AZ0180059,91450,HMO,Gold,QHP,AZ
180,87247AZ0010001,87247,HMO,Gold,QHP,AZ
181,87247AZ0010002,87247,HMO,Silver,QHP,AZ
182,87247AZ0010003,87247,HMO,Silver,QHP,AZ
183,87247AZ0010006,87247,HMO,Bronze Expanded,QHP,AZ
184,87247AZ0010007,87247,HMO,Bronze Expanded,QHP,AZ
185,87247AZ0010008,87247,HMO,Bronze Expanded,QHP,AZ
186,87247AZ0010009,87247,HMO,Bronze Expanded,QHP,AZ
187,87247AZ0010010,87247,HMO,Catastrophic,QHP,AZ
188,87247AZ0010011,87247,HMO,Silver,QHP,AZ
189,87247AZ0010012,87247,HMO,Silver,QHP,AZ
190,87247AZ0010020,87247,HMO,Catastrophic,QHP,AZ
191,87247AZ0010021,87247,HMO,Gold,QHP,AZ
192,87247AZ0010022,87247,HMO,Silver,QHP,AZ
193,87247AZ0010023,87247,HMO,Silver,QHP,AZ
194,87247AZ0010026,87247,HMO,Bronze Expanded,QHP,AZ
195,87247AZ0010027,87247,HMO,Bronze Expanded,QHP,AZ
196,87247AZ0010028,87247,HMO,Bronze Expanded,QHP,AZ
197,87247AZ0010029,87247,HMO,Bronze Expanded,QHP,AZ
198,87247AZ0010031,87247,HMO,Silver,QHP,AZ
199,87247AZ0010032,87247,HMO,Silver,QHP,AZ
200,13877AZ0070003,13877,HMO,Bronze Expanded,QHP,AZ
201,13877AZ0070005,13877,HMO,Bronze Expanded,QHP,AZ
202,13877AZ0070006,13877,HMO,Silver,QHP,AZ
203,13877AZ0070008,13877,HMO,Silver,QHP,AZ
204,13877AZ0070011,13877,HMO,Catastrophic,QHP,AZ
205,13877AZ0070013,13877,HMO,Gold,QHP,AZ
206,97667AZ0110013,97667,HMO,Silver,QHP,AZ
207,97667AZ0110014,97667,HMO,Bronze Expanded,QHP,AZ
208,97667AZ0110016,97667,HMO,Bronze Expanded,QHP,AZ
209,97667AZ0110018,97667,HMO,Silver,QHP,AZ
210,97667AZ0110019,97667,HMO,Gold,QHP,AZ
211,23435AZ0040001,23435,HMO,Bronze Expanded,QHP,AZ
212,23435AZ0040002,23435,HMO,Bronze Expanded,QHP,AZ
213,23435AZ0040003,23435,HMO,Bronze,QHP,AZ
214,23435AZ0040004,23435,HMO,Bronze,QHP,AZ
215,23435AZ0040005,23435,HMO,Gold,QHP,AZ
216,23435AZ0040006,23435,HMO,Gold,QHP,AZ
217,23435AZ0040007,23435,HMO,Silver,QHP,AZ
218,23435AZ0040008,23435,HMO,Silver,QHP,AZ
219,23435AZ0040009,23435,HMO,Silver,QHP,AZ
220,23435AZ0040010,23435,HMO,Silver,QHP,AZ
221,40702AZ0060001,40702,HMO,Gold,QHP,AZ
222,40702AZ0060002,40702,HMO,Silver,QHP,AZ
223,40702AZ0060003,40702,HMO,Silver,QHP,AZ
224,40702AZ0060004,40702,HMO,Silver,QHP,AZ
225,40702AZ0060005,40702,HMO,Bronze Expanded,QHP,AZ
226,40702AZ0060006,40702,HMO,Bronze Expanded,QHP,AZ
227,40702AZ0060007,40702,HMO,Bronze Expanded,QHP,AZ
228,40702AZ0060008,40702,HMO,Gold,QHP,AZ
229,40702AZ0060009,40702,HMO,Gold,QHP,AZ
230,40702AZ0060010,40702,HMO,Silver,QHP,AZ
231,40702AZ0060011,40702,HMO,Silver,QHP,AZ
232,40702AZ0060012,40702,HMO,Silver,QHP,AZ
233,40702AZ0060013,40702,HMO,Bronze Expanded,QHP,AZ
234,40702AZ0060014,40702,HMO,Bronze,QHP,AZ
235,32311AZ0010001,32311,HMO,Gold,QHP,AZ
236,32311AZ0010003,32311,HMO,Silver,QHP,AZ
237,32311AZ0010005,32311,HMO,Bronze Expanded,QHP,AZ
238,32311AZ0010025,32311,HMO,Gold,QHP,AZ
239,32311AZ0010027,32311,HMO,Silver,QHP,AZ
240,32311AZ0010029,32311,HMO,Bronze Expanded,QHP,AZ
241,32311AZ0010035,32311,HMO,Bronze,QHP,AZ
242,32311AZ0010041,32311,HMO,Bronze Expanded,QHP,AZ
243,53901AZ1420085,53901,HMO,Bronze Expanded,QHP,AZ
244,53901AZ1420086,53901,HMO,Bronze Expanded,QHP,AZ
245,53901AZ1420087,53901,HMO,Bronze Expanded,QHP,AZ
246,53901AZ1420088,53901,HMO,Bronze Expanded,QHP,AZ
247,53901AZ1420089,53901,HMO,Bronze Expanded,QHP,AZ
248,53901AZ1420090,53901,HMO,Bronze Expanded,QHP,AZ
249,53901AZ1420091,53901,HMO,Bronze Expanded,QHP,AZ
250,53901AZ1420092,53901,HMO,Bronze Expanded,QHP,AZ
251,53901AZ1420093,53901,HMO,Bronze Expanded,QHP,AZ
252,53901AZ1420094,53901,HMO,Bronze Expanded,QHP,AZ
253,53901AZ1420095,53901,HMO,Bronze Expanded,QHP,AZ
254,53901AZ1420096,53901,HMO,Bronze Expanded,QHP,AZ
255,53901AZ1420097,53901,HMO,Silver,QHP,AZ
256,53901AZ1420098,53901,HMO,Silver,QHP,AZ
257,53901AZ1420099,53901,HMO,Silver,QHP,AZ
258,53901AZ1420100,53901,HMO,Silver,QHP,AZ
259,53901AZ1420101,53901,HMO,Silver,QHP,AZ
260,53901AZ1420102,53901,HMO,Silver,QHP,AZ
261,53901AZ1420103,53901,HMO,Silver,QHP,AZ
262,53901AZ1420104,53901,HMO,Silver,QHP,AZ
263,53901AZ1420105,53901,HMO,Silver,QHP,AZ
264,53901AZ1420106,53901,HMO,Silver,QHP,AZ
265,53901AZ1420107,53901,HMO,Bronze Expanded,QHP,AZ
266,53901AZ1420108,53901,HMO,Gold,QHP,AZ
267,53901AZ1420109,53901,HMO,Gold,QHP,AZ
268,53901AZ1420110,53901,HMO,Gold,QHP,AZ
269,53901AZ1420111,53901,HMO,Gold,QHP,AZ
270,53901AZ1420112,53901,HMO,Gold,QHP,AZ
271,53901AZ1420113,53901,HMO,Gold,QHP,AZ
272,53901AZ1420114,53901,HMO,Gold,QHP,AZ
273,53901AZ1420115,53901,HMO,Gold,QHP,AZ
274,53901AZ1420116,53901,HMO,Gold,QHP,AZ
275,53901AZ1420117,53901,HMO,Gold,QHP,AZ
276,53901AZ1420118,53901,HMO,Gold,QHP,AZ
277,53901AZ1420119,53901,HMO,Gold,QHP,AZ
278,53901AZ1490001,53901,PPO,Gold,QHP,AZ
279,53901AZ1490002,53901,PPO,Silver,QHP,AZ
280,91450AZ0080069,91450,HMO,Silver,QHP,AZ
281,91450AZ0080072,91450,HMO,Silver,QHP,AZ
282,91450AZ0080086,91450,HMO,Bronze Expanded,QHP,AZ
283,91450AZ0080087,91450,HMO,Bronze Expanded,QHP,AZ
284,91450AZ0080097,91450,HMO,Silver,QHP,AZ
285,91450AZ0080098,91450,HMO,Silver,QHP,AZ
286,91450AZ0080099,91450,HMO,Silver,QHP,AZ
287,91450AZ0080109,91450,HMO,Gold,QHP,AZ
288,91450AZ0080119,91450,HMO,Bronze Expanded,QHP,AZ
289,91450AZ0180001,91450,HMO,Silver,QHP,AZ
290,91450AZ0180037,91450,HMO,Bronze Expanded,QHP,AZ
291,91450AZ0180046,91450,HMO,Silver,QHP,AZ
292,91450AZ0180072,91450,HMO,Silver,QHP,AZ
293,91450AZ0180086,91450,HMO,Bronze Expanded,QHP,AZ
294,91450AZ0180087,91450,HMO,Bronze Expanded,QHP,AZ
295,91450AZ0180097,91450,HMO,Silver,QHP,AZ
296,91450AZ0180099,91450,HMO,Silver,QHP,AZ
297,91450AZ0180109,91450,HMO,Gold,QHP,AZ
298,91450AZ0180119,91450,HMO,Bronze Expanded,QHP,AZ
299,87247AZ0010013,87247,HMO,Silver,QHP,AZ
300,87247AZ0010014,87247,HMO,Bronze Expanded,QHP,AZ
301,87247AZ0010018,87247,HMO,Silver,QHP,AZ
302,87247AZ0010019,87247,HMO,Gold,QHP,AZ
303,87247AZ0010033,87247,HMO,Silver,QHP,AZ
304,87247AZ0010034,87247,HMO,Bronze Expanded,QHP,AZ
305,87247AZ0010038,87247,HMO,Silver,QHP,AZ
306,87247AZ0010039,87247,HMO,Gold,QHP,AZ
307,87247AZ0010040,87247,HMO,Bronze Expanded,QHP,AZ
308,87247AZ0010041,87247,HMO,Bronze Expanded,QHP,AZ
309,13877AZ0070002,13877,HMO,Bronze Expanded,QHP,AZ
310,13877AZ0070012,13877,HMO,Bronze Expanded,QHP,AZ
311,13877AZ0070014,13877,HMO,Bronze Expanded,QHP,AZ
312,13877AZ0070015,13877,HMO,Silver,QHP,AZ
313,13877AZ0070017,13877,HMO,Silver,QHP,AZ
314,13877AZ0070021,13877,HMO,Bronze Expanded,QHP,AZ
315,13877AZ0070022,13877,HMO,Bronze Expanded,QHP,AZ
316,13877AZ0070023,13877,HMO,Bronze Expanded,QHP,AZ
317,13877AZ0070024,13877,HMO,Bronze Expanded,QHP,AZ
318,13877AZ0070025,13877,HMO,Silver,QHP,AZ
319,13877AZ0070026,13877,HMO,Silver,QHP,AZ
320,13877AZ0070027,13877,HMO,Silver,QHP,AZ
321,13877AZ0070028,13877,HMO,Silver,QHP,AZ
322,13877AZ0070029,13877,HMO,Silver,QHP,AZ
323,13877AZ0070030,13877,HMO,Silver,QHP,AZ
324,13877AZ0070035,13877,HMO,Gold,QHP,AZ
325,13877AZ0070036,13877,HMO,Gold,QHP,AZ
326,13877AZ0070040,13877,HMO,Bronze Expanded,QHP,AZ
327,13877AZ0070041,13877,HMO,Bronze Expanded,QHP,AZ
328,13877AZ0070042,13877,HMO,Bronze Expanded,QHP,AZ
329,13877AZ0070043,13877,HMO,Bronze Expanded,QHP,AZ
330,13877AZ0070044,13877,HMO,Silver,QHP,AZ
331,13877AZ0070045,13877,HMO,Silver,QHP,AZ
332,97667AZ0110021,97667,HMO,Silver,QHP,AZ
333,97667AZ0110022,97667,HMO,Silver,QHP,AZ
334,97667AZ0110024,97667,HMO,Bronze,QHP,AZ
335,97667AZ0110025,97667,HMO,Bronze Expanded,QHP,AZ
336,97667AZ0110026,97667,HMO,Bronze Expanded,QHP,AZ
337,97667AZ0110027,97667,HMO,Silver,QHP,AZ
338,97667AZ0110029,97667,HMO,Gold,QHP,AZ
339,76168DE0690001,76168,PPO,Bronze Expanded,QHP,DE
340,76168DE0690002,76168,PPO,Silver,QHP,DE
341,76168DE0690004,76168,PPO,Gold,QHP,DE
342,76168DE0690005,76168,PPO,Platinum,QHP,DE
343,76168DE0700001,76168,PPO,Bronze Expanded,QHP,DE
344,76168DE0700002,76168,PPO,Silver,QHP,DE
345,76168DE0700004,76168,PPO,Gold,QHP,DE
346,76168DE0700005,76168,PPO,Platinum,QHP,DE
347,76168DE0710001,76168,PPO,Bronze Expanded,QHP,DE
348,76168DE0710002,76168,PPO,Silver,QHP,DE
349,76168DE0720001,76168,PPO,Catastrophic,QHP,DE
350,76168DE0730001,76168,PPO,Gold,QHP,DE
351,76168DE0740002,76168,PPO,Gold,QHP,DE
352,54172FL0010001,54172,HMO,Gold,QHP,FL
353,54172FL0010002,54172,HMO,Silver,QHP,FL
354,54172FL0010003,54172,HMO,Bronze,QHP,FL
355,54172FL0040001,54172,HMO,Gold,QHP,FL
356,54172FL0040002,54172,HMO,Silver,QHP,FL
357,54172FL0050001,54172,HMO,Silver,QHP,FL
358,48121FL0070026,48121,EPO,Bronze,QHP,FL
359,48121FL0070027,48121,EPO,Bronze Expanded,QHP,FL
360,48121FL0070028,48121,EPO,Bronze Expanded,QHP,FL
361,48121FL0070029,48121,EPO,Silver,QHP,FL
362,48121FL0070030,48121,EPO,Silver,QHP,FL
363,48121FL0070031,48121,EPO,Silver,QHP,FL
364,48121FL0070032,48121,EPO,Silver,QHP,FL
365,48121FL0070033,48121,EPO,Gold,QHP,FL
366,56503FL1300001,56503,HMO,Catastrophic,QHP,FL
367,56503FL1320001,56503,POS,Catastrophic,QHP,FL
368,56503FL1330001,56503,HMO,Silver,QHP,FL
369,56503FL1390001,56503,HMO,Gold,QHP,FL
370,56503FL1400001,56503,HMO,Platinum,QHP,FL
371,56503FL1410001,56503,POS,Silver,QHP,FL
372,56503FL1980001,56503,HMO,Platinum,QHP,FL
373,56503FL1990001,56503,POS,Platinum,QHP,FL
374,56503FL2000001,56503,HMO,Gold,QHP,FL
375,56503FL2010001,56503,POS,Gold,QHP,FL
376,56503FL2090002,56503,HMO,Gold,QHP,FL
377,56503FL2240001,56503,HMO,Bronze Expanded,QHP,FL
378,56503FL2260001,56503,HMO,Bronze Expanded,QHP,FL
379,56503FL2530002,56503,HMO,Bronze Expanded,QHP,FL
380,56503FL2540002,56503,POS,Bronze Expanded,QHP,FL
381,56503FL2550002,56503,HMO,Silver,QHP,FL
382,56503FL2560002,56503,POS,Silver,QHP,FL
383,56503FL2570001,56503,HMO,Silver,QHP,FL
384,56503FL2580002,56503,POS,Silver,QHP,FL
385,56503FL2590002,56503,HMO,Gold,QHP,FL
386,56503FL2600002,56503,POS,Gold,QHP,FL
387,56503FL2610001,56503,HMO,Platinum,QHP,FL
388,56503FL2620002,56503,POS,Platinum,QHP,FL
389,56503FL2630002,56503,HMO,Platinum,QHP,FL
390,56503FL2640002,56503,POS,Platinum,QHP,FL
391,56503FL2650002,56503,HMO,Platinum,QHP,FL
392,56503FL2660002,56503,HMO,Platinum,QHP,FL
393,56503FL2670001,56503,HMO,Bronze Expanded,QHP,FL
394,56503FL2680001,56503,HMO,Silver,QHP,FL
395,56503FL2730001,56503,HMO,Bronze Expanded,QHP,FL
396,56503FL2780001,56503,HMO,Bronze Expanded,QHP,FL
397,56503FL2790001,56503,POS,Bronze Expanded,QHP,FL
398,56503FL2860001,56503,HMO,Gold,QHP,FL
399,21663FL0130006,21663,EPO,Bronze,QHP,FL
400,21663FL0130019,21663,EPO,Silver,QHP,FL
401,21663FL0130020,21663,EPO,Gold,QHP,FL
402,21663FL0130021,21663,EPO,Gold,QHP,FL
403,21663FL0130023,21663,EPO,Bronze,QHP,FL
404,21663FL0130025,21663,EPO,Bronze Expanded,QHP,FL
405,21663FL0130026,21663,EPO,Bronze Expanded,QHP,FL
406,21663FL0130037,21663,EPO,Silver,QHP,FL
407,21663FL0130039,21663,EPO,Silver,QHP,FL
408,21663FL0130040,21663,EPO,Silver,QHP,FL
409,21663FL0150020,21663,EPO,Gold,QHP,FL
410,21663FL0150021,21663,EPO,Gold,QHP,FL
411,21663FL0150023,21663,EPO,Bronze,QHP,FL
412,21663FL0150025,21663,EPO,Bronze,QHP,FL
413,21663FL0150037,21663,EPO,Silver,QHP,FL
414,30252FL0020033,30252,HMO,Silver,QHP,FL
415,30252FL0020044,30252,HMO,Bronze,QHP,FL
416,30252FL0020060,30252,HMO,Silver,QHP,FL
417,30252FL0020062,30252,HMO,Platinum,QHP,FL
418,30252FL0020066,30252,HMO,Bronze Expanded,QHP,FL
419,30252FL0020068,30252,HMO,Platinum,QHP,FL
420,30252FL0020070,30252,HMO,Silver,QHP,FL
421,30252FL0020074,30252,HMO,Gold,QHP,FL
422,30252FL0020076,30252,HMO,Bronze Expanded,QHP,FL
423,30252FL0020078,30252,HMO,Silver,QHP,FL
424,30252FL0020080,30252,HMO,Bronze Expanded,QHP,FL
425,30252FL0020084,30252,HMO,Gold,QHP,FL
426,30252FL0070001,30252,HMO,Bronze Expanded,QHP,FL
427,30252FL0070003,30252,HMO,Bronze Expanded,QHP,FL
428,30252FL0070005,30252,HMO,Silver,QHP,FL
429,30252FL0070007,30252,HMO,Silver,QHP,FL
430,30252FL0070009,30252,HMO,Gold,QHP,FL
431,30252FL0070013,30252,HMO,Silver,QHP,FL
432,30252FL0070015,30252,HMO,Bronze Expanded,QHP,FL
433,30252FL0070017,30252,HMO,Silver,QHP,FL
434,30252FL0070022,30252,HMO,Silver,QHP,FL
435,30252FL0070023,30252,HMO,Gold,QHP,FL
436,30252FL0070025,30252,HMO,Bronze Expanded,QHP,FL
437,30252FL0070026,30252,HMO,Bronze Expanded,QHP,FL
438,30252FL0070027,30252,HMO,Platinum,QHP,FL
439,30252FL0070028,30252,HMO,Gold,QHP,FL
440,30252FL0070029,30252,HMO,Silver,QHP,FL
441,16842FL0070073,16842,EPO,Silver,QHP,FL
442,16842FL0070084,16842,EPO,Bronze,QHP,FL
443,16842FL0070100,16842,EPO,Silver,QHP,FL
444,16842FL0070102,16842,EPO,Platinum,QHP,FL
445,16842FL0070108,16842,EPO,Bronze Expanded,QHP,FL
446,16842FL0070110,16842,EPO,Platinum,QHP,FL
447,16842FL0070114,16842,EPO,Silver,QHP,FL
448,16842FL0070120,16842,EPO,Gold,QHP,FL
449,16842FL0070122,16842,EPO,Bronze Expanded,QHP,FL
450,16842FL0070124,16842,EPO,Silver,QHP,FL
451,16842FL0070126,16842,EPO,Bronze Expanded,QHP,FL
452,16842FL0070130,16842,EPO,Gold,QHP,FL
453,16842FL0120033,16842,EPO,Silver,QHP,FL
454,16842FL0120044,16842,EPO,Bronze,QHP,FL
455,16842FL0120060,16842,EPO,Silver,QHP,FL
456,16842FL0120062,16842,EPO,Platinum,QHP,FL
457,16842FL0120068,16842,EPO,Bronze Expanded,QHP,FL
458,16842FL0120070,16842,EPO,Platinum,QHP,FL
459,16842FL0120072,16842,EPO,Silver,QHP,FL
460,16842FL0120076,16842,EPO,Gold,QHP,FL
461,16842FL0120078,16842,EPO,Bronze Expanded,QHP,FL
462,16842FL0120080,16842,EPO,Silver,QHP,FL
463,16842FL0120082,16842,EPO,Bronze Expanded,QHP,FL
464,16842FL0120086,16842,EPO,Gold,QHP,FL
465,36194FL0120002,36194,HMO,Bronze Expanded,QHP,FL
466,36194FL0120004,36194,HMO,Silver,QHP,FL
467,36194FL0120007,36194,HMO,Silver,QHP,FL
468,36194FL0120011,36194,HMO,Gold,QHP,FL
469,36194FL0120012,36194,HMO,Gold,QHP,FL
470,36194FL0120013,36194,HMO,Gold,QHP,FL
471,36194FL0120014,36194,HMO,Gold,QHP,FL
472,36194FL0120015,36194,HMO,Catastrophic,QHP,FL
473,36194FL0120016,36194,HMO,Bronze Expanded,QHP,FL
474,36194FL0160001,36194,HMO,Bronze Expanded,QHP,FL
475,36194FL0160003,36194,HMO,Gold,QHP,FL
476,36194FL0160004,36194,HMO,Bronze,QHP,FL
477,36194FL0160006,36194,HMO,Bronze Expanded,QHP,FL
478,36194FL0160008,36194,HMO,Silver,QHP,FL
479,36194FL0330002,36194,HMO,Gold,QHP,FL
480,36194FL0330007,36194,HMO,Silver,QHP,FL
481,36194FL0330011,36194,HMO,Catastrophic,QHP,FL
482,36194FL0330012,36194,HMO,Gold,QHP,FL
483,36194FL0330021,36194,HMO,Gold,QHP,FL
484,36194FL0330022,36194,HMO,Gold,QHP,FL
485,36194FL0330027,36194,HMO,Silver,QHP,FL
486,36194FL0330031,36194,HMO,Bronze Expanded,QHP,FL
487,36194FL0330033,36194,HMO,Bronze Expanded,QHP,FL
488,36194FL0340001,36194,HMO,Bronze Expanded,QHP,FL
489,36194FL0340006,36194,HMO,Gold,QHP,FL
490,36194FL0340007,36194,HMO,Bronze,QHP,FL
491,36194FL0340012,36194,HMO,Bronze Expanded,QHP,FL
492,36194FL0340013,36194,HMO,Silver,QHP,FL
493,40572FL0070001,40572,EPO,Bronze Expanded,QHP,FL
494,40572FL0070003,40572,EPO,Bronze Expanded,QHP,FL
495,40572FL0070005,40572,EPO,Bronze Expanded,QHP,FL
496,40572FL0070006,40572,EPO,Silver,QHP,FL
497,40572FL0070008,40572,EPO,Silver,QHP,FL
498,40572FL0070009,40572,EPO,Silver,QHP,FL
499,40572FL0070011,40572,EPO,Catastrophic,QHP,FL
500,40572FL0070013,40572,EPO,Gold,QHP,FL
501,12379FL0010001,12379,EPO,Gold,QHP,FL
502,12379FL0010002,12379,EPO,Silver,QHP,FL
503,12379FL0010003,12379,EPO,Silver,QHP,FL
504,12379FL0010004,12379,EPO,Silver,QHP,FL
505,12379FL0010006,12379,EPO,Bronze Expanded,QHP,FL
506,12379FL0010008,12379,EPO,Bronze Expanded,QHP,FL
507,12379FL0010009,12379,EPO,Catastrophic,QHP,FL
508,12379FL0010011,12379,EPO,Gold,QHP,FL
509,12379FL0010012,12379,EPO,Silver,QHP,FL
510,12379FL0010013,12379,EPO,Silver,QHP,FL
511,12379FL0010014,12379,EPO,Silver,QHP,FL
512,12379FL0010016,12379,EPO,Bronze Expanded,QHP,FL
513,12379FL0010018,12379,EPO,Bronze Expanded,QHP,FL
514,12379FL0010019,12379,EPO,Catastrophic,QHP,FL
515,12379FL0010021,12379,EPO,Gold,QHP,FL
516,12379FL0010022,12379,EPO,Silver,QHP,FL
517,12379FL0010023,12379,EPO,Silver,QHP,FL
518,12379FL0010024,12379,EPO,Silver,QHP,FL
519,12379FL0010026,12379,EPO,Bronze Expanded,QHP,FL
520,12379FL0010028,12379,EPO,Bronze Expanded,QHP,FL
521,12379FL0010029,12379,EPO,Catastrophic,QHP,FL
522,12379FL0010031,12379,EPO,Gold,QHP,FL
523,12379FL0010032,12379,EPO,Silver,QHP,FL
524,12379FL0010033,12379,EPO,Silver,QHP,FL
525,12379FL0010034,12379,EPO,Silver,QHP,FL
526,12379FL0010036,12379,EPO,Bronze Expanded,QHP,FL
527,12379FL0010038,12379,EPO,Bronze Expanded,QHP,FL
528,12379FL0010039,12379,EPO,Catastrophic,QHP,FL
529,86382FL0040004,86382,HMO,Bronze Expanded,QHP,FL
530,86382FL0040005,86382,HMO,Bronze Expanded,QHP,FL
531,86382FL0040006,86382,HMO,Silver,QHP,FL
532,86382FL0040007,86382,HMO,Silver,QHP,FL
533,86382FL0040008,86382,HMO,Silver,QHP,FL
534,86382FL0040009,86382,HMO,Silver,QHP,FL
535,86382FL0040010,86382,HMO,Gold,QHP,FL
536,86382FL0050004,86382,HMO,Bronze Expanded,QHP,FL
537,86382FL0050005,86382,HMO,Bronze Expanded,QHP,FL
538,86382FL0050006,86382,HMO,Silver,QHP,FL
539,86382FL0050007,86382,HMO,Silver,QHP,FL
540,86382FL0050008,86382,HMO,Silver,QHP,FL
541,86382FL0050009,86382,HMO,Silver,QHP,FL
542,86382FL0050010,86382,HMO,Gold,QHP,FL
543,19898FL0340001,19898,HMO,Gold,QHP,FL
544,19898FL0340002,19898,HMO,Silver,QHP,FL
545,19898FL0340003,19898,HMO,Silver,QHP,FL
546,19898FL0340004,19898,HMO,Silver,QHP,FL
547,19898FL0340005,19898,HMO,Silver,QHP,FL
548,19898FL0340006,19898,HMO,Bronze Expanded,QHP,FL
549,19898FL0340007,19898,HMO,Bronze Expanded,QHP,FL
550,19898FL0340008,19898,HMO,Catastrophic,QHP,FL
551,19898FL0350001,19898,HMO,Gold,QHP,FL
552,19898FL0350002,19898,HMO,Silver,QHP,FL
553,19898FL0350003,19898,HMO,Silver,QHP,FL
554,19898FL0350004,19898,HMO,Silver,QHP,FL
555,19898FL0350005,19898,HMO,Silver,QHP,FL
556,19898FL0350006,19898,HMO,Bronze Expanded,QHP,FL
557,66966FL0050001,66966,HMO,Silver,QHP,FL
558,66966FL0050002,66966,HMO,Silver,QHP,FL
559,66966FL0050003,66966,HMO,Gold,QHP,FL
560,92120FL0080001,92120,HMO,Bronze Expanded,QHP,FL
561,92120FL0080002,92120,HMO,Bronze Expanded,QHP,FL
562,92120FL0080003,92120,HMO,Bronze,QHP,FL
563,92120FL0080004,92120,HMO,Bronze,QHP,FL
564,92120FL0080005,92120,HMO,Gold,QHP,FL
565,92120FL0080006,92120,HMO,Gold,QHP,FL
566,92120FL0080007,92120,HMO,Silver,QHP,FL
567,92120FL0080008,92120,HMO,Silver,QHP,FL
568,92120FL0080009,92120,HMO,Silver,QHP,FL
569,92120FL0080010,92120,HMO,Silver,QHP,FL
570,68398FL0030011,68398,HMO,Gold,QHP,FL
571,68398FL0030012,68398,HMO,Gold,QHP,FL
572,68398FL0030013,68398,HMO,Gold,QHP,FL
573,68398FL0030014,68398,HMO,Gold,QHP,FL
574,68398FL0030015,68398,HMO,Silver,QHP,FL
575,68398FL0030016,68398,HMO,Silver,QHP,FL
576,68398FL0030017,68398,HMO,Silver,QHP,FL
577,68398FL0030018,68398,HMO,Silver,QHP,FL
578,68398FL0030019,68398,HMO,Silver,QHP,FL
579,68398FL0030020,68398,HMO,Silver,QHP,FL
580,68398FL0030021,68398,HMO,Silver,QHP,FL
581,68398FL0030022,68398,HMO,Silver,QHP,FL
582,68398FL0030024,68398,HMO,Silver,QHP,FL
583,68398FL0030025,68398,HMO,Silver,QHP,FL
584,68398FL0030026,68398,HMO,Silver,QHP,FL
585,68398FL0030027,68398,HMO,Bronze,QHP,FL
586,68398FL0030028,68398,HMO,Bronze Expanded,QHP,FL
587,68398FL0030029,68398,HMO,Bronze,QHP,FL
588,68398FL0030030,68398,HMO,Bronze Expanded,QHP,FL
589,68398FL0030031,68398,HMO,Bronze Expanded,QHP,FL
590,54172FL0010004,54172,HMO,Silver,QHP,FL
591,54172FL0010005,54172,HMO,Bronze Expanded,QHP,FL
592,54172FL0010007,54172,HMO,Silver,QHP,FL
593,54172FL0060001,54172,HMO,Silver,QHP,FL
594,48121FL0070050,48121,EPO,Bronze Expanded,QHP,FL
595,48121FL0070051,48121,EPO,Bronze Expanded,QHP,FL
596,48121FL0070053,48121,EPO,Silver,QHP,FL
597,48121FL0070054,48121,EPO,Silver,QHP,FL
598,48121FL0070055,48121,EPO,Silver,QHP,FL
599,48121FL0070056,48121,EPO,Silver,QHP,FL
600,48121FL0070058,48121,EPO,Gold,QHP,FL
601,48121FL0070122,48121,EPO,Bronze Expanded,QHP,FL
602,48121FL0070123,48121,EPO,Silver,QHP,FL
603,56503FL2930001,56503,HMO,Bronze Expanded,QHP,FL
604,56503FL2940001,56503,HMO,Silver,QHP,FL
605,56503FL3000001,56503,HMO,Bronze Expanded,QHP,FL
606,56503FL3010001,56503,HMO,Gold,QHP,FL
607,21663FL0130047,21663,EPO,Silver,QHP,FL
608,21663FL0130048,21663,EPO,Silver,QHP,FL
609,21663FL0130053,21663,EPO,Silver,QHP,FL
610,21663FL0130054,21663,EPO,Silver,QHP,FL
611,21663FL0130100,21663,EPO,Bronze Expanded,QHP,FL
612,21663FL0130101,21663,EPO,Bronze Expanded,QHP,FL
613,21663FL0130102,21663,EPO,Bronze Expanded,QHP,FL
614,21663FL0130103,21663,EPO,Bronze Expanded,QHP,FL
615,21663FL0130104,21663,EPO,Bronze Expanded,QHP,FL
616,21663FL0130105,21663,EPO,Bronze Expanded,QHP,FL
617,21663FL0130106,21663,EPO,Bronze Expanded,QHP,FL
618,21663FL0130107,21663,EPO,Bronze Expanded,QHP,FL
619,21663FL0130108,21663,EPO,Silver,QHP,FL
620,21663FL0130109,21663,EPO,Silver,QHP,FL
621,21663FL0130110,21663,EPO,Silver,QHP,FL
622,21663FL0130111,21663,EPO,Silver,QHP,FL
623,21663FL0130112,21663,EPO,Silver,QHP,FL
624,21663FL0130113,21663,EPO,Silver,QHP,FL
625,21663FL0130114,21663,EPO,Gold,QHP,FL
626,21663FL0130115,21663,EPO,Gold,QHP,FL
627,21663FL0150012,21663,EPO,Silver,QHP,FL
628,21663FL0150013,21663,EPO,Bronze Expanded,QHP,FL
629,21663FL0150014,21663,EPO,Bronze Expanded,QHP,FL
630,21663FL0150015,21663,EPO,Silver,QHP,FL
631,21663FL0150047,21663,EPO,Silver,QHP,FL
632,21663FL0150053,21663,EPO,Silver,QHP,FL
633,21663FL0150071,21663,EPO,Silver,QHP,FL
634,21663FL0150100,21663,EPO,Bronze Expanded,QHP,FL
635,21663FL0150101,21663,EPO,Bronze Expanded,QHP,FL
636,21663FL0150102,21663,EPO,Bronze Expanded,QHP,FL
637,21663FL0150103,21663,EPO,Bronze Expanded,QHP,FL
638,21663FL0150104,21663,EPO,Bronze Expanded,QHP,FL
639,21663FL0150105,21663,EPO,Bronze Expanded,QHP,FL
640,21663FL0150106,21663,EPO,Bronze Expanded,QHP,FL
641,21663FL0150107,21663,EPO,Bronze Expanded,QHP,FL
642,21663FL0150110,21663,EPO,Silver,QHP,FL
643,21663FL0150111,21663,EPO,Silver,QHP,FL
644,21663FL0150112,21663,EPO,Silver,QHP,FL
645,21663FL0150113,21663,EPO,Silver,QHP,FL
646,21663FL0150114,21663,EPO,Gold,QHP,FL
647,21663FL0150115,21663,EPO,Gold,QHP,FL
648,21663FL0150116,21663,EPO,Silver,QHP,FL
649,21663FL0150117,21663,EPO,Silver,QHP,FL
650,30252FL0020089,30252,HMO,Platinum,QHP,FL
651,30252FL0020091,30252,HMO,Bronze Expanded,QHP,FL
652,30252FL0020092,30252,HMO,Bronze,QHP,FL
653,30252FL0020094,30252,HMO,Gold,QHP,FL
654,30252FL0020095,30252,HMO,Silver,QHP,FL
655,30252FL0020097,30252,HMO,Bronze Expanded,QHP,FL
656,30252FL0020099,30252,HMO,Bronze Expanded,QHP,FL
657,30252FL0070030,30252,HMO,Silver,QHP,FL
658,30252FL0070031,30252,HMO,Bronze Expanded,QHP,FL
659,30252FL0070032,30252,HMO,Bronze Expanded,QHP,FL
660,30252FL0070033,30252,HMO,Bronze Expanded,QHP,FL
661,30252FL0070034,30252,HMO,Bronze Expanded,QHP,FL
662,30252FL0070035,30252,HMO,Silver,QHP,FL
663,30252FL0070037,30252,HMO,Silver,QHP,FL
664,30252FL0070038,30252,HMO,Bronze Expanded,QHP,FL
665,30252FL0070039,30252,HMO,Bronze Expanded,QHP,FL
666,30252FL0070040,30252,HMO,Bronze Expanded,QHP,FL
667,30252FL0070041,30252,HMO,Bronze Expanded,QHP,FL
668,30252FL0070047,30252,HMO,Silver,QHP,FL
669,30252FL0070048,30252,HMO,Bronze Expanded,QHP,FL
670,30252FL0130001,30252,HMO,Silver,QHP,FL
671,16842FL0070137,16842,EPO,Bronze Expanded,QHP,FL
672,16842FL0120091,16842,EPO,Bronze Expanded,QHP,FL
673,36194FL0120017,36194,HMO,Bronze Expanded,QHP,FL
674,36194FL0330034,36194,HMO,Bronze Expanded,QHP,FL
675,36194FL0410001,36194,HMO,Bronze Expanded,QHP,FL
676,36194FL0410002,36194,HMO,Silver,QHP,FL
677,36194FL0410003,36194,HMO,Gold,QHP,FL
678,36194FL0420001,36194,HMO,Bronze Expanded,QHP,FL
679,36194FL0420002,36194,HMO,Silver,QHP,FL
680,36194FL0420003,36194,HMO,Gold,QHP,FL
681,40572FL0070002,40572,EPO,Bronze Expanded,QHP,FL
682,40572FL0070012,40572,EPO,Bronze Expanded,QHP,FL
683,40572FL0070014,40572,EPO,Bronze Expanded,QHP,FL
684,40572FL0070015,40572,EPO,Silver,QHP,FL
685,40572FL0070016,40572,EPO,Silver,QHP,FL
686,40572FL0070017,40572,EPO,Silver,QHP,FL
687,40572FL0070020,40572,EPO,Gold,QHP,FL
688,40572FL0070021,40572,EPO,Bronze Expanded,QHP,FL
689,40572FL0070022,40572,EPO,Bronze Expanded,QHP,FL
690,40572FL0070024,40572,EPO,Bronze Expanded,QHP,FL
691,40572FL0070025,40572,EPO,Silver,QHP,FL
692,40572FL0070027,40572,EPO,Silver,QHP,FL
693,40572FL0070028,40572,EPO,Silver,QHP,FL
694,40572FL0070029,40572,EPO,Silver,QHP,FL
695,40572FL0070030,40572,EPO,Silver,QHP,FL
696,40572FL0070033,40572,EPO,Gold,QHP,FL
697,40572FL0070034,40572,EPO,Gold,QHP,FL
698,40572FL0070035,40572,EPO,Gold,QHP,FL
699,40572FL0070036,40572,EPO,Gold,QHP,FL
700,40572FL0070037,40572,EPO,Gold,QHP,FL
701,40572FL0070039,40572,EPO,Bronze Expanded,QHP,FL
702,40572FL0070042,40572,EPO,Bronze Expanded,QHP,FL
703,40572FL0070043,40572,EPO,Bronze Expanded,QHP,FL
704,40572FL0070045,40572,EPO,Silver,QHP,FL
705,40572FL0200001,40572,EPO,Silver,QHP,FL
706,40572FL0200002,40572,EPO,Bronze Expanded,QHP,FL
707,40572FL0200003,40572,EPO,Bronze Expanded,QHP,FL
708,40572FL0200004,40572,EPO,Bronze Expanded,QHP,FL
709,40572FL0200005,40572,EPO,Bronze Expanded,QHP,FL
710,40572FL0200006,40572,EPO,Silver,QHP,FL
711,40572FL0200008,40572,EPO,Silver,QHP,FL
712,40572FL0200009,40572,EPO,Silver,QHP,FL
713,40572FL0200011,40572,EPO,Catastrophic,QHP,FL
714,40572FL0200012,40572,EPO,Bronze Expanded,QHP,FL
715,40572FL0200013,40572,EPO,Gold,QHP,FL
716,40572FL0200014,40572,EPO,Bronze Expanded,QHP,FL
717,40572FL0200016,40572,EPO,Silver,QHP,FL
718,40572FL0200017,40572,EPO,Silver,QHP,FL
719,40572FL0200020,40572,EPO,Gold,QHP,FL
720,40572FL0200021,40572,EPO,Bronze Expanded,QHP,FL
721,40572FL0200022,40572,EPO,Bronze Expanded,QHP,FL
722,40572FL0200024,40572,EPO,Bronze Expanded,QHP,FL
723,40572FL0200025,40572,EPO,Silver,QHP,FL
724,40572FL0200027,40572,EPO,Silver,QHP,FL
725,40572FL0200028,40572,EPO,Silver,QHP,FL
726,40572FL0200029,40572,EPO,Silver,QHP,FL
727,40572FL0200030,40572,EPO,Silver,QHP,FL
728,40572FL0200033,40572,EPO,Gold,QHP,FL
729,40572FL0200034,40572,EPO,Gold,QHP,FL
730,40572FL0200035,40572,EPO,Gold,QHP,FL
731,40572FL0200036,40572,EPO,Gold,QHP,FL
732,40572FL0200037,40572,EPO,Gold,QHP,FL
733,40572FL0200039,40572,EPO,Bronze Expanded,QHP,FL
734,40572FL0200042,40572,EPO,Bronze Expanded,QHP,FL
735,40572FL0200043,40572,EPO,Bronze Expanded,QHP,FL
736,40572FL0200045,40572,EPO,Silver,QHP,FL
737,12379FL0010015,12379,EPO,Silver,QHP,FL
738,12379FL0010044,12379,EPO,Silver,QHP,FL
739,12379FL0010046,12379,EPO,Bronze Expanded,QHP,FL
740,12379FL0010047,12379,EPO,Bronze Expanded,QHP,FL
741,12379FL0010048,12379,EPO,Silver,QHP,FL
742,12379FL0010050,12379,EPO,Silver,QHP,FL
743,12379FL0010051,12379,EPO,Bronze Expanded,QHP,FL
744,12379FL0010052,12379,EPO,Gold,QHP,FL
745,12379FL0010053,12379,EPO,Silver,QHP,FL
746,12379FL0010054,12379,EPO,Silver,QHP,FL
747,12379FL0010055,12379,EPO,Silver,QHP,FL
748,12379FL0010056,12379,EPO,Silver,QHP,FL
749,12379FL0010059,12379,EPO,Bronze Expanded,QHP,FL
750,12379FL0010060,12379,EPO,Bronze Expanded,QHP,FL
751,12379FL0010061,12379,EPO,Bronze Expanded,QHP,FL
752,12379FL0010062,12379,EPO,Bronze Expanded,QHP,FL
753,12379FL0010063,12379,EPO,Catastrophic,QHP,FL
754,12379FL0010064,12379,EPO,Gold,QHP,FL
755,12379FL0010065,12379,EPO,Silver,QHP,FL
756,12379FL0010066,12379,EPO,Silver,QHP,FL
757,12379FL0010067,12379,EPO,Silver,QHP,FL
758,12379FL0010068,12379,EPO,Silver,QHP,FL
759,12379FL0010071,12379,EPO,Bronze Expanded,QHP,FL
760,12379FL0010072,12379,EPO,Bronze Expanded,QHP,FL
761,12379FL0010073,12379,EPO,Bronze Expanded,QHP,FL
762,12379FL0010074,12379,EPO,Bronze Expanded,QHP,FL
763,12379FL0010075,12379,EPO,Catastrophic,QHP,FL
764,12379FL0010076,12379,EPO,Gold,QHP,FL
765,12379FL0010077,12379,EPO,Silver,QHP,FL
766,12379FL0010078,12379,EPO,Silver,QHP,FL
767,12379FL0010079,12379,EPO,Silver,QHP,FL
768,12379FL0010080,12379,EPO,Silver,QHP,FL
769,12379FL0010083,12379,EPO,Bronze Expanded,QHP,FL
770,12379FL0010085,12379,EPO,Bronze Expanded,QHP,FL
771,12379FL0010086,12379,EPO,Bronze Expanded,QHP,FL
772,12379FL0010087,12379,EPO,Catastrophic,QHP,FL
773,12379FL0010088,12379,EPO,Gold,QHP,FL
774,12379FL0010089,12379,EPO,Silver,QHP,FL
775,12379FL0010090,12379,EPO,Silver,QHP,FL
776,12379FL0010091,12379,EPO,Silver,QHP,FL
777,12379FL0010092,12379,EPO,Silver,QHP,FL
778,12379FL0010095,12379,EPO,Bronze Expanded,QHP,FL
779,12379FL0010097,12379,EPO,Bronze Expanded,QHP,FL
780,12379FL0010098,12379,EPO,Bronze Expanded,QHP,FL
781,12379FL0010099,12379,EPO,Catastrophic,QHP,FL
782,12379FL0010101,12379,EPO,Bronze Expanded,QHP,FL
783,12379FL0010102,12379,EPO,Bronze Expanded,QHP,FL
784,12379FL0010103,12379,EPO,Bronze Expanded,QHP,FL
785,12379FL0010104,12379,EPO,Bronze Expanded,QHP,FL
786,12379FL0010105,12379,EPO,Bronze Expanded,QHP,FL
787,12379FL0010107,12379,EPO,Bronze Expanded,QHP,FL
788,12379FL0010111,12379,EPO,Silver,QHP,FL
789,12379FL0010112,12379,EPO,Gold,QHP,FL
790,12379FL0010113,12379,EPO,Bronze Expanded,QHP,FL
791,12379FL0010117,12379,EPO,Silver,QHP,FL
792,12379FL0010118,12379,EPO,Gold,QHP,FL
793,12379FL0010119,12379,EPO,Bronze Expanded,QHP,FL
794,12379FL0010123,12379,EPO,Silver,QHP,FL
795,12379FL0010124,12379,EPO,Gold,QHP,FL
796,12379FL0010125,12379,EPO,Bronze Expanded,QHP,FL
797,12379FL0010129,12379,EPO,Silver,QHP,FL
798,12379FL0010130,12379,EPO,Gold,QHP,FL
799,12379FL0010131,12379,EPO,Bronze Expanded,QHP,FL
800,12379FL0010135,12379,EPO,Silver,QHP,FL
801,12379FL0010136,12379,EPO,Gold,QHP,FL
802,12379FL0010137,12379,EPO,Bronze Expanded,QHP,FL
803,12379FL0010141,12379,EPO,Silver,QHP,FL
804,12379FL0010142,12379,EPO,Gold,QHP,FL
805,12379FL0010143,12379,EPO,Silver,QHP,FL
806,12379FL0010144,12379,EPO,Bronze Expanded,QHP,FL
807,12379FL0010145,12379,EPO,Gold,QHP,FL
808,12379FL0010146,12379,EPO,Silver,QHP,FL
809,12379FL0010147,12379,EPO,Bronze Expanded,QHP,FL
810,12379FL0010148,12379,EPO,Gold,QHP,FL
811,12379FL0010149,12379,EPO,Bronze Expanded,QHP,FL
812,12379FL0010150,12379,EPO,Bronze Expanded,QHP,FL
813,12379FL0010151,12379,EPO,Bronze Expanded,QHP,FL
814,12379FL0010152,12379,EPO,Bronze Expanded,QHP,FL
815,12379FL0010153,12379,EPO,Bronze Expanded,QHP,FL
816,12379FL0010154,12379,EPO,Silver,QHP,FL
817,12379FL0010155,12379,EPO,Silver,QHP,FL
818,12379FL0010157,12379,EPO,Silver,QHP,FL
819,12379FL0010159,12379,EPO,Silver,QHP,FL
820,12379FL0010163,12379,EPO,Silver,QHP,FL
821,12379FL0010164,12379,EPO,Gold,QHP,FL
822,12379FL0010165,12379,EPO,Gold,QHP,FL
823,12379FL0010166,12379,EPO,Catastrophic,QHP,FL
824,12379FL0010167,12379,EPO,Bronze Expanded,QHP,FL
825,12379FL0010168,12379,EPO,Bronze Expanded,QHP,FL
826,12379FL0010169,12379,EPO,Bronze Expanded,QHP,FL
827,12379FL0010170,12379,EPO,Bronze Expanded,QHP,FL
828,12379FL0010171,12379,EPO,Bronze Expanded,QHP,FL
829,12379FL0010172,12379,EPO,Silver,QHP,FL
830,12379FL0010173,12379,EPO,Silver,QHP,FL
831,12379FL0010175,12379,EPO,Silver,QHP,FL
832,12379FL0010177,12379,EPO,Silver,QHP,FL
833,12379FL0010181,12379,EPO,Silver,QHP,FL
834,12379FL0010182,12379,EPO,Gold,QHP,FL
835,12379FL0010183,12379,EPO,Gold,QHP,FL
836,12379FL0010184,12379,EPO,Catastrophic,QHP,FL
837,12379FL0010185,12379,EPO,Bronze Expanded,QHP,FL
838,12379FL0010186,12379,EPO,Bronze Expanded,QHP,FL
839,12379FL0010187,12379,EPO,Bronze Expanded,QHP,FL
840,12379FL0010188,12379,EPO,Bronze Expanded,QHP,FL
841,12379FL0010189,12379,EPO,Bronze Expanded,QHP,FL
842,12379FL0010190,12379,EPO,Silver,QHP,FL
843,12379FL0010191,12379,EPO,Silver,QHP,FL
844,12379FL0010193,12379,EPO,Silver,QHP,FL
845,12379FL0010195,12379,EPO,Silver,QHP,FL
846,12379FL0010199,12379,EPO,Silver,QHP,FL
847,12379FL0010200,12379,EPO,Gold,QHP,FL
848,12379FL0010201,12379,EPO,Gold,QHP,FL
849,12379FL0010202,12379,EPO,Catastrophic,QHP,FL
850,12379FL0010221,12379,EPO,Bronze Expanded,QHP,FL
851,12379FL0010222,12379,EPO,Silver,QHP,FL
852,12379FL0010223,12379,EPO,Bronze Expanded,QHP,FL
853,12379FL0010224,12379,EPO,Silver,QHP,FL
854,12379FL0010225,12379,EPO,Bronze Expanded,QHP,FL
855,12379FL0010226,12379,EPO,Silver,QHP,FL
856,12379FL0010227,12379,EPO,Bronze Expanded,QHP,FL
857,12379FL0010228,12379,EPO,Silver,QHP,FL
858,12379FL0010229,12379,EPO,Bronze Expanded,QHP,FL
859,12379FL0010230,12379,EPO,Silver,QHP,FL
860,12379FL0010231,12379,EPO,Bronze Expanded,QHP,FL
861,12379FL0010232,12379,EPO,Silver,QHP,FL
862,12379FL0010233,12379,EPO,Bronze Expanded,QHP,FL
863,12379FL0010234,12379,EPO,Silver,QHP,FL
864,12379FL0010235,12379,EPO,Bronze Expanded,QHP,FL
865,12379FL0010236,12379,EPO,Silver,QHP,FL
866,12379FL0010237,12379,EPO,Bronze Expanded,QHP,FL
867,12379FL0010238,12379,EPO,Silver,QHP,FL
868,12379FL0010241,12379,EPO,Bronze Expanded,QHP,FL
869,12379FL0010242,12379,EPO,Bronze Expanded,QHP,FL
870,12379FL0010243,12379,EPO,Silver,QHP,FL
871,12379FL0010244,12379,EPO,Silver,QHP,FL
872,12379FL0010245,12379,EPO,Bronze Expanded,QHP,FL
873,12379FL0010246,12379,EPO,Bronze Expanded,QHP,FL
874,12379FL0010247,12379,EPO,Silver,QHP,FL
875,12379FL0010248,12379,EPO,Silver,QHP,FL
876,12379FL0010251,12379,EPO,Bronze Expanded,QHP,FL
877,12379FL0010252,12379,EPO,Silver,QHP,FL
878,12379FL0010253,12379,EPO,Bronze Expanded,QHP,FL
879,12379FL0010254,12379,EPO,Bronze Expanded,QHP,FL
880,12379FL0010255,12379,EPO,Bronze Expanded,QHP,FL
881,12379FL0010256,12379,EPO,Silver,QHP,FL
882,12379FL0010257,12379,EPO,Bronze Expanded,QHP,FL
883,12379FL0010258,12379,EPO,Bronze Expanded,QHP,FL
884,49046GA0410014,49046,HMO,Catastrophic,QHP,GA
885,49046GA0410015,49046,HMO,Bronze Expanded,QHP,GA
886,49046GA0410017,49046,HMO,Bronze Expanded,QHP,GA
887,49046GA0410022,49046,HMO,Bronze Expanded,QHP,GA
888,49046GA0410023,49046,HMO,Silver,QHP,GA
889,49046GA0410026,49046,HMO,Bronze Expanded,QHP,GA
890,49046GA0410031,49046,HMO,Silver,QHP,GA
891,49046GA0410032,49046,HMO,Silver,QHP,GA
892,49046GA0410034,49046,HMO,Silver,QHP,GA
893,49046GA0410035,49046,HMO,Bronze Expanded,QHP,GA
894,49046GA0410036,49046,HMO,Bronze Expanded,QHP,GA
895,49046GA0410037,49046,HMO,Catastrophic,QHP,GA
896,49046GA0410039,49046,HMO,Catastrophic,QHP,GA
897,49046GA0410043,49046,HMO,Bronze Expanded,QHP,GA
898,49046GA0410047,49046,HMO,Bronze Expanded,QHP,GA
899,49046GA0410063,49046,HMO,Bronze Expanded,QHP,GA
900,49046GA0410083,49046,HMO,Bronze,QHP,GA
901,49046GA0410084,49046,HMO,Bronze,QHP,GA
902,49046GA0410085,49046,HMO,Silver,QHP,GA
903,49046GA0410086,49046,HMO,Silver,QHP,GA
904,49046GA0410088,49046,HMO,Silver,QHP,GA
905,49046GA0410092,49046,HMO,Gold,QHP,GA
906,49046GA0410093,49046,HMO,Gold,QHP,GA
907,49046GA0410097,49046,HMO,Gold,QHP,GA
908,49046GA0410100,49046,HMO,Bronze,QHP,GA
909,49046GA0410109,49046,HMO,Silver,QHP,GA
910,49046GA0410114,49046,HMO,Bronze Expanded,QHP,GA
911,49046GA0410115,49046,HMO,Bronze Expanded,QHP,GA
912,49046GA0410116,49046,HMO,Silver,QHP,GA
913,49046GA0410117,49046,HMO,Silver,QHP,GA
914,49046GA0410120,49046,HMO,Bronze Expanded,QHP,GA
915,49046GA0410124,49046,HMO,Silver,QHP,GA
916,49046GA0410132,49046,HMO,Silver,QHP,GA
917,49046GA0410149,49046,HMO,Silver,QHP,GA
918,49046GA0410152,49046,HMO,Silver,QHP,GA
919,49046GA0410155,49046,HMO,Silver,QHP,GA
920,60224GA0010001,60224,HMO,Bronze Expanded,QHP,GA
921,60224GA0010002,60224,HMO,Gold,QHP,GA
922,60224GA0010003,60224,HMO,Silver,QHP,GA
923,60224GA0010004,60224,HMO,Silver,QHP,GA
924,60224GA0010005,60224,HMO,Silver,QHP,GA
925,60224GA0010006,60224,HMO,Bronze Expanded,QHP,GA
926,60224GA0020001,60224,HMO,Bronze Expanded,QHP,GA
927,60224GA0020002,60224,HMO,Gold,QHP,GA
928,60224GA0020003,60224,HMO,Silver,QHP,GA
929,60224GA0020004,60224,HMO,Silver,QHP,GA
930,60224GA0020005,60224,HMO,Silver,QHP,GA
931,70893GA0010006,70893,HMO,Bronze,QHP,GA
932,70893GA0010009,70893,HMO,Silver,QHP,GA
933,70893GA0010017,70893,HMO,Silver,QHP,GA
934,70893GA0010020,70893,HMO,Gold,QHP,GA
935,70893GA0010022,70893,HMO,Silver,QHP,GA
936,70893GA0010051,70893,HMO,Bronze Expanded,QHP,GA
937,70893GA0030014,70893,HMO,Silver,QHP,GA
938,70893GA0030017,70893,HMO,Silver,QHP,GA
939,70893GA0030019,70893,HMO,Bronze,QHP,GA
940,70893GA0030020,70893,HMO,Gold,QHP,GA
941,83761GA0040002,83761,PPO,Gold,QHP,GA
942,83761GA0040017,83761,PPO,Silver,QHP,GA
943,83761GA0040184,83761,PPO,Platinum,QHP,GA
944,89942GA0050002,89942,HMO,Gold,QHP,GA
945,89942GA0050005,89942,HMO,Silver,QHP,GA
946,89942GA0050006,89942,HMO,Silver,QHP,GA
947,89942GA0050007,89942,HMO,Bronze Expanded,QHP,GA
948,89942GA0050009,89942,HMO,Bronze Expanded,QHP,GA
949,89942GA0050010,89942,HMO,Catastrophic,QHP,GA
950,89942GA0050012,89942,HMO,Gold,QHP,GA
951,89942GA0050016,89942,HMO,Gold,QHP,GA
952,89942GA0050017,89942,HMO,Silver,QHP,GA
953,89942GA0050018,89942,HMO,Silver,QHP,GA
954,89942GA0050019,89942,HMO,Bronze Expanded,QHP,GA
955,89942GA0050020,89942,HMO,Bronze Expanded,QHP,GA
956,89942GA0050021,89942,HMO,Catastrophic,QHP,GA
957,89942GA0050022,89942,HMO,Gold,QHP,GA
958,89942GA0050024,89942,HMO,Silver,QHP,GA
959,89942GA0050025,89942,HMO,Silver,QHP,GA
960,58081GA0010003,58081,HMO,Bronze Expanded,QHP,GA
961,58081GA0010005,58081,HMO,Bronze Expanded,QHP,GA
962,58081GA0010006,58081,HMO,Silver,QHP,GA
963,58081GA0010008,58081,HMO,Silver,QHP,GA
964,58081GA0010011,58081,HMO,Catastrophic,QHP,GA
965,58081GA0010013,58081,HMO,Gold,QHP,GA
966,43802GA0040011,43802,HMO,Gold,QHP,GA
967,43802GA0040012,43802,HMO,Gold,QHP,GA
968,43802GA0040013,43802,HMO,Gold,QHP,GA
969,43802GA0040014,43802,HMO,Gold,QHP,GA
970,43802GA0040015,43802,HMO,Gold,QHP,GA
971,43802GA0040018,43802,HMO,Gold,QHP,GA
972,43802GA0040019,43802,HMO,Gold,QHP,GA
973,43802GA0040020,43802,HMO,Silver,QHP,GA
974,43802GA0040022,43802,HMO,Silver,QHP,GA
975,43802GA0040023,43802,HMO,Silver,QHP,GA
976,43802GA0040024,43802,HMO,Silver,QHP,GA
977,43802GA0040025,43802,HMO,Silver,QHP,GA
978,43802GA0040026,43802,HMO,Silver,QHP,GA
979,43802GA0040027,43802,HMO,Bronze Expanded,QHP,GA
980,43802GA0040028,43802,HMO,Bronze,QHP,GA
981,43802GA0040029,43802,HMO,Bronze Expanded,QHP,GA
982,90617GA0010001,90617,HMO,Catastrophic,QHP,GA
983,90617GA0010002,90617,HMO,Bronze,QHP,GA
984,90617GA0010003,90617,HMO,Bronze Expanded,QHP,GA
985,90617GA0010004,90617,HMO,Bronze Expanded,QHP,GA
986,90617GA0010005,90617,HMO,Silver,QHP,GA
987,90617GA0010006,90617,HMO,Gold,QHP,GA
988,90617GA0010007,90617,HMO,Bronze Expanded,QHP,GA
989,90617GA0010008,90617,HMO,Silver,QHP,GA
990,90617GA0010009,90617,HMO,Gold,QHP,GA
991,82824GA0110001,82824,HMO,Bronze Expanded,QHP,GA
992,82824GA0110002,82824,HMO,Bronze Expanded,QHP,GA
993,82824GA0110003,82824,HMO,Bronze Expanded,QHP,GA
994,82824GA0110004,82824,HMO,Bronze,QHP,GA
995,82824GA0110005,82824,HMO,Bronze,QHP,GA
996,82824GA0110006,82824,HMO,Bronze,QHP,GA
997,82824GA0110007,82824,HMO,Gold,QHP,GA
998,82824GA0110008,82824,HMO,Gold,QHP,GA
999,82824GA0110009,82824,HMO,Gold,QHP,GA
1000,82824GA0110010,82824,HMO,Silver,QHP,GA
1001,82824GA0110011,82824,HMO,Silver,QHP,GA
1002,82824GA0110012,82824,HMO,Silver,QHP,GA
1003,82824GA0110013,82824,HMO,Silver,QHP,GA
1004,82824GA0110014,82824,HMO,Silver,QHP,GA
1005,82824GA0110015,82824,HMO,Silver,QHP,GA
1006,15105GA0020001,15105,HMO,Bronze,QHP,GA
1007,15105GA0020002,15105,HMO,Bronze Expanded,QHP,GA
1008,15105GA0020003,15105,HMO,Bronze Expanded,QHP,GA
1009,15105GA0020004,15105,HMO,Bronze Expanded,QHP,GA
1010,15105GA0020005,15105,HMO,Bronze Expanded,QHP,GA
1011,15105GA0020006,15105,HMO,Silver,QHP,GA
1012,15105GA0020007,15105,HMO,Silver,QHP,GA
1013,15105GA0020008,15105,HMO,Silver,QHP,GA
1014,15105GA0020009,15105,HMO,Silver,QHP,GA
1015,15105GA0020010,15105,HMO,Silver,QHP,GA
1016,15105GA0020011,15105,HMO,Silver,QHP,GA
1017,15105GA0020012,15105,HMO,Gold,QHP,GA
1018,15105GA0020013,15105,HMO,Gold,QHP,GA
1019,38146GA0010001,38146,HMO,Gold,QHP,GA
1020,38146GA0010002,38146,HMO,Gold,QHP,GA
1021,38146GA0010003,38146,HMO,Silver,QHP,GA
1022,38146GA0010004,38146,HMO,Silver,QHP,GA
1023,38146GA0010006,38146,HMO,Silver,QHP,GA
1024,38146GA0010008,38146,HMO,Silver,QHP,GA
1025,38146GA0010010,38146,HMO,Silver,QHP,GA
1026,38146GA0010013,38146,HMO,Bronze Expanded,QHP,GA
1027,38146GA0010014,38146,HMO,Bronze Expanded,QHP,GA
1028,38146GA0010015,38146,HMO,Bronze Expanded,QHP,GA
1029,38146GA0010016,38146,HMO,Bronze Expanded,QHP,GA
1030,38146GA0010017,38146,HMO,Bronze Expanded,QHP,GA
1031,38146GA0010018,38146,HMO,Catastrophic,QHP,GA
1032,38146GA0010019,38146,HMO,Gold,QHP,GA
1033,38146GA0010020,38146,HMO,Gold,QHP,GA
1034,38146GA0010021,38146,HMO,Silver,QHP,GA
1035,38146GA0010022,38146,HMO,Silver,QHP,GA
1036,38146GA0010024,38146,HMO,Silver,QHP,GA
1037,38146GA0010026,38146,HMO,Silver,QHP,GA
1038,38146GA0010028,38146,HMO,Silver,QHP,GA
1039,38146GA0010031,38146,HMO,Bronze Expanded,QHP,GA
1040,38146GA0010032,38146,HMO,Bronze Expanded,QHP,GA
1041,38146GA0010033,38146,HMO,Bronze Expanded,QHP,GA
1042,38146GA0010034,38146,HMO,Bronze Expanded,QHP,GA
1043,38146GA0010035,38146,HMO,Bronze Expanded,QHP,GA
1044,38146GA0010036,38146,HMO,Catastrophic,QHP,GA
1045,38146GA0010037,38146,HMO,Bronze Expanded,QHP,GA
1046,38146GA0010038,38146,HMO,Silver,QHP,GA
1047,38146GA0010039,38146,HMO,Bronze Expanded,QHP,GA
1048,38146GA0010040,38146,HMO,Silver,QHP,GA
1049,49046GA0410160,49046,HMO,Bronze Expanded,QHP,GA
1050,49046GA0410161,49046,HMO,Bronze Expanded,QHP,GA
1051,49046GA0410162,49046,HMO,Bronze Expanded,QHP,GA
1052,49046GA0410163,49046,HMO,Bronze,QHP,GA
1053,49046GA0410164,49046,HMO,Bronze Expanded,QHP,GA
1054,49046GA0410165,49046,HMO,Catastrophic,QHP,GA
1055,49046GA0410166,49046,HMO,Gold,QHP,GA
1056,49046GA0410167,49046,HMO,Silver,QHP,GA
1057,49046GA0410168,49046,HMO,Silver,QHP,GA
1058,49046GA0410169,49046,HMO,Silver,QHP,GA
1059,49046GA0410170,49046,HMO,Silver,QHP,GA
1060,49046GA0410171,49046,HMO,Silver,QHP,GA
1061,60224GA0010007,60224,HMO,Bronze,QHP,GA
1062,60224GA0020007,60224,HMO,Bronze,QHP,GA
1063,70893GA0010030,70893,HMO,Silver,QHP,GA
1064,70893GA0010034,70893,HMO,Silver,QHP,GA
1065,70893GA0010064,70893,HMO,Bronze Expanded,QHP,GA
1066,70893GA0010065,70893,HMO,Bronze Expanded,QHP,GA
1067,70893GA0010066,70893,HMO,Bronze Expanded,QHP,GA
1068,70893GA0010067,70893,HMO,Bronze Expanded,QHP,GA
1069,70893GA0010068,70893,HMO,Silver,QHP,GA
1070,70893GA0010069,70893,HMO,Silver,QHP,GA
1071,70893GA0010070,70893,HMO,Silver,QHP,GA
1072,70893GA0010071,70893,HMO,Gold,QHP,GA
1073,70893GA0030013,70893,HMO,Silver,QHP,GA
1074,70893GA0030034,70893,HMO,Silver,QHP,GA
1075,70893GA0030043,70893,HMO,Silver,QHP,GA
1076,70893GA0030051,70893,HMO,Bronze Expanded,QHP,GA
1077,70893GA0030064,70893,HMO,Bronze Expanded,QHP,GA
1078,70893GA0030065,70893,HMO,Bronze Expanded,QHP,GA
1079,70893GA0030066,70893,HMO,Bronze Expanded,QHP,GA
1080,70893GA0030067,70893,HMO,Bronze Expanded,QHP,GA
1081,70893GA0030069,70893,HMO,Silver,QHP,GA
1082,70893GA0030070,70893,HMO,Silver,QHP,GA
1083,70893GA0030071,70893,HMO,Gold,QHP,GA
1084,70893GA0060006,70893,HMO,Silver,QHP,GA
1085,70893GA0060007,70893,HMO,Silver,QHP,GA
1086,70893GA0060008,70893,HMO,Silver,QHP,GA
1087,70893GA0060009,70893,HMO,Silver,QHP,GA
1088,70893GA0060010,70893,HMO,Gold,QHP,GA
1089,70893GA0070006,70893,HMO,Silver,QHP,GA
1090,70893GA0070007,70893,HMO,Silver,QHP,GA
1091,70893GA0070008,70893,HMO,Silver,QHP,GA
1092,70893GA0070009,70893,HMO,Silver,QHP,GA
1093,70893GA0070010,70893,HMO,Gold,QHP,GA
1094,83761GA0040330,83761,PPO,Gold,QHP,GA
1095,83761GA0040331,83761,PPO,Silver,QHP,GA
1096,83761GA0040336,83761,PPO,Silver,QHP,GA
1097,83761GA0040348,83761,PPO,Platinum,QHP,GA
1098,83761GA0040349,83761,PPO,Platinum,QHP,GA
1099,83761GA0040354,83761,PPO,Gold,QHP,GA
1100,83761GA0040355,83761,PPO,Gold,QHP,GA
1101,83761GA0040357,83761,PPO,Gold,QHP,GA
1102,83761GA0040358,83761,PPO,Gold,QHP,GA
1103,83761GA0040367,83761,PPO,Silver,QHP,GA
1104,83761GA0040368,83761,PPO,Silver,QHP,GA
1105,83761GA0040369,83761,PPO,Silver,QHP,GA
1106,83761GA0040371,83761,PPO,Silver,QHP,GA
1107,83761GA0040372,83761,PPO,Silver,QHP,GA
1108,83761GA0040373,83761,PPO,Silver,QHP,GA
1109,83761GA0040374,83761,PPO,Silver,QHP,GA
1110,83761GA0040375,83761,PPO,Silver,QHP,GA
1111,83761GA0040376,83761,PPO,Silver,QHP,GA
1112,83761GA0110003,83761,HMO,Gold,QHP,GA
1113,83761GA0110004,83761,HMO,Gold,QHP,GA
1114,83761GA0110008,83761,HMO,Silver,QHP,GA
1115,83761GA0110009,83761,HMO,Silver,QHP,GA
1116,83761GA0110010,83761,HMO,Silver,QHP,GA
1117,83761GA0110011,83761,HMO,Bronze Expanded,QHP,GA
1118,83761GA0110013,83761,HMO,Bronze Expanded,QHP,GA
1119,83761GA0110015,83761,HMO,Bronze Expanded,QHP,GA
1120,83761GA0110017,83761,HMO,Bronze Expanded,QHP,GA
1121,83761GA0110019,83761,HMO,Bronze Expanded,QHP,GA
1122,83761GA0110021,83761,HMO,Bronze Expanded,QHP,GA
1123,83761GA0110023,83761,HMO,Catastrophic,QHP,GA
1124,89942GA0050026,89942,HMO,Gold,QHP,GA
1125,89942GA0050027,89942,HMO,Gold,QHP,GA
1126,89942GA0050030,89942,HMO,Silver,QHP,GA
1127,89942GA0050031,89942,HMO,Silver,QHP,GA
1128,58081GA0010002,58081,HMO,Bronze Expanded,QHP,GA
1129,58081GA0010012,58081,HMO,Bronze Expanded,QHP,GA
1130,58081GA0010014,58081,HMO,Bronze Expanded,QHP,GA
1131,58081GA0010015,58081,HMO,Silver,QHP,GA
1132,58081GA0010017,58081,HMO,Silver,QHP,GA
1133,58081GA0010020,58081,HMO,Gold,QHP,GA
1134,58081GA0010021,58081,HMO,Bronze Expanded,QHP,GA
1135,58081GA0010022,58081,HMO,Bronze Expanded,QHP,GA
1136,58081GA0010023,58081,HMO,Bronze Expanded,QHP,GA
1137,58081GA0010024,58081,HMO,Bronze Expanded,QHP,GA
1138,58081GA0010025,58081,HMO,Silver,QHP,GA
1139,58081GA0010026,58081,HMO,Silver,QHP,GA
1140,58081GA0010027,58081,HMO,Silver,QHP,GA
1141,58081GA0010028,58081,HMO,Silver,QHP,GA
1142,58081GA0010029,58081,HMO,Silver,QHP,GA
1143,58081GA0010030,58081,HMO,Silver,QHP,GA
1144,58081GA0010033,58081,HMO,Gold,QHP,GA
1145,58081GA0010034,58081,HMO,Gold,QHP,GA
1146,58081GA0010035,58081,HMO,Gold,QHP,GA
1147,58081GA0010036,58081,HMO,Gold,QHP,GA
1148,58081GA0010037,58081,HMO,Gold,QHP,GA
1149,58081GA0010038,58081,HMO,Bronze Expanded,QHP,GA
1150,58081GA0010040,58081,HMO,Bronze Expanded,QHP,GA
1151,58081GA0010041,58081,HMO,Bronze Expanded,QHP,GA
1152,58081GA0010042,58081,HMO,Bronze Expanded,QHP,GA
1153,58081GA0010045,58081,HMO,Silver,QHP,GA
1154,60612HI0110001,60612,HMO,Platinum,QHP,HI
1155,60612HI0110002,60612,HMO,Gold,QHP,HI
1156,60612HI0110004,60612,HMO,Silver,QHP,HI
1157,60612HI0110005,60612,HMO,Bronze Expanded,QHP,HI
1158,60612HI0110006,60612,HMO,Platinum,QHP,HI
1159,60612HI0110007,60612,HMO,Gold,QHP,HI
1160,60612HI0110009,60612,HMO,Silver,QHP,HI
1161,60612HI0110010,60612,HMO,Bronze Expanded,QHP,HI
1162,60612HI0110011,60612,HMO,Gold,QHP,HI
1163,60612HI0110013,60612,HMO,Silver,QHP,HI
1164,60612HI0110015,60612,HMO,Bronze,QHP,HI
1165,18350HI0880001,18350,PPO,Platinum,QHP,HI
1166,18350HI0880003,18350,PPO,Catastrophic,QHP,HI
1167,18350HI0880007,18350,PPO,Gold,QHP,HI
1168,18350HI0880013,18350,PPO,Gold,QHP,HI
1169,18350HI0880017,18350,PPO,Silver,QHP,HI
1170,18350HI0880033,18350,PPO,Bronze Expanded,QHP,HI
1171,18350HI0880035,18350,PPO,Bronze Expanded,QHP,HI
1172,25896IA0370001,25896,HMO,Bronze Expanded,QHP,IA
1173,25896IA0370002,25896,HMO,Bronze Expanded,QHP,IA
1174,25896IA0370003,25896,HMO,Silver,QHP,IA
1175,25896IA0370004,25896,HMO,Gold,QHP,IA
1176,93078IA0050005,93078,EPO,Bronze Expanded,QHP,IA
1177,93078IA0050011,93078,EPO,Bronze Expanded,QHP,IA
1178,93078IA0050013,93078,EPO,Catastrophic,QHP,IA
1179,93078IA0050025,93078,EPO,Gold,QHP,IA
1180,93078IA0050029,93078,EPO,Bronze Expanded,QHP,IA
1181,93078IA0060001,93078,EPO,Gold,QHP,IA
1182,93078IA0060003,93078,EPO,Silver,QHP,IA
1183,93078IA0060005,93078,EPO,Bronze Expanded,QHP,IA
1184,93078IA0060011,93078,EPO,Bronze Expanded,QHP,IA
1185,93078IA0060013,93078,EPO,Catastrophic,QHP,IA
1186,93078IA0060029,93078,EPO,Bronze Expanded,QHP,IA
1187,93078IA0070001,93078,EPO,Gold,QHP,IA
1188,93078IA0070003,93078,EPO,Silver,QHP,IA
1189,93078IA0070011,93078,EPO,Bronze Expanded,QHP,IA
1190,93078IA0070013,93078,EPO,Catastrophic,QHP,IA
1191,93078IA0070029,93078,EPO,Bronze Expanded,QHP,IA
1192,93078IA0080001,93078,EPO,Gold,QHP,IA
1193,93078IA0080003,93078,EPO,Silver,QHP,IA
1194,93078IA0080005,93078,EPO,Bronze Expanded,QHP,IA
1195,93078IA0080011,93078,EPO,Bronze Expanded,QHP,IA
1196,93078IA0080013,93078,EPO,Catastrophic,QHP,IA
1197,93078IA0080029,93078,EPO,Bronze Expanded,QHP,IA
1198,45819IA0010002,45819,EPO,Bronze Expanded,QHP,IA
1199,45819IA0010003,45819,EPO,Bronze Expanded,QHP,IA
1200,45819IA0010005,45819,EPO,Bronze Expanded,QHP,IA
1201,45819IA0010006,45819,EPO,Silver,QHP,IA
1202,45819IA0010008,45819,EPO,Silver,QHP,IA
1203,45819IA0010011,45819,EPO,Catastrophic,QHP,IA
1204,45819IA0010013,45819,EPO,Gold,QHP,IA
1205,45819IA0010014,45819,EPO,Bronze Expanded,QHP,IA
1206,45819IA0010015,45819,EPO,Silver,QHP,IA
1207,45819IA0010017,45819,EPO,Silver,QHP,IA
1208,45819IA0010020,45819,EPO,Gold,QHP,IA
1209,45819IA0010021,45819,EPO,Bronze Expanded,QHP,IA
1210,45819IA0010023,45819,EPO,Bronze Expanded,QHP,IA
1211,45819IA0010025,45819,EPO,Silver,QHP,IA
1212,45819IA0010027,45819,EPO,Silver,QHP,IA
1213,45819IA0010028,45819,EPO,Silver,QHP,IA
1214,45819IA0010030,45819,EPO,Silver,QHP,IA
1215,45819IA0010033,45819,EPO,Gold,QHP,IA
1216,45819IA0010034,45819,EPO,Gold,QHP,IA
1217,45819IA0010035,45819,EPO,Gold,QHP,IA
1218,45819IA0010036,45819,EPO,Gold,QHP,IA
1219,45819IA0010037,45819,EPO,Gold,QHP,IA
1220,45819IA0010038,45819,EPO,Bronze,QHP,IA
1221,45819IA0010039,45819,EPO,Bronze Expanded,QHP,IA
1222,45819IA0010042,45819,EPO,Bronze Expanded,QHP,IA
1223,45819IA0010043,45819,EPO,Bronze Expanded,QHP,IA
1224,45819IA0010045,45819,EPO,Silver,QHP,IA
1225,25896IA0370005,25896,HMO,Bronze Expanded,QHP,IA
1226,25896IA0370006,25896,HMO,Gold,QHP,IA
1227,93078IA0050003,93078,EPO,Silver,QHP,IA
1228,93078IA0050035,93078,EPO,Bronze,QHP,IA
1229,93078IA0060025,93078,EPO,Gold,QHP,IA
1230,93078IA0060027,93078,EPO,Silver,QHP,IA
1231,93078IA0060035,93078,EPO,Bronze,QHP,IA
1232,93078IA0070025,93078,EPO,Gold,QHP,IA
1233,93078IA0070027,93078,EPO,Silver,QHP,IA
1234,93078IA0070035,93078,EPO,Bronze,QHP,IA
1235,93078IA0070037,93078,EPO,Bronze Expanded,QHP,IA
1236,93078IA0080035,93078,EPO,Bronze,QHP,IA
1237,93078IA0120001,93078,EPO,Gold,QHP,IA
1238,93078IA0120003,93078,EPO,Silver,QHP,IA
1239,93078IA0120005,93078,EPO,Bronze Expanded,QHP,IA
1240,93078IA0120011,93078,EPO,Bronze Expanded,QHP,IA
1241,93078IA0120013,93078,EPO,Catastrophic,QHP,IA
1242,93078IA0120025,93078,EPO,Gold,QHP,IA
1243,93078IA0120029,93078,EPO,Bronze Expanded,QHP,IA
1244,93078IA0120035,93078,EPO,Bronze,QHP,IA
1245,85773IL0030003,85773,HMO,Gold,QHP,IL
1246,85773IL0030008,85773,HMO,Silver,QHP,IL
1247,85773IL0030010,85773,HMO,Bronze Expanded,QHP,IL
1248,85773IL0030011,85773,HMO,Bronze Expanded,QHP,IL
1249,85773IL0030012,85773,HMO,Catastrophic,QHP,IL
1250,27833IL0140009,27833,HMO,Silver,QHP,IL
1251,27833IL0140010,27833,HMO,Gold,QHP,IL
1252,27833IL0140011,27833,HMO,Silver,QHP,IL
1253,27833IL0140016,27833,HMO,Bronze Expanded,QHP,IL
1254,27833IL0150009,27833,HMO,Silver,QHP,IL
1255,27833IL0150010,27833,HMO,Gold,QHP,IL
1256,27833IL0150016,27833,HMO,Bronze Expanded,QHP,IL
1257,20129IL0330020,20129,HMO,Catastrophic,QHP,IL
1258,20129IL0340018,20129,POS,Bronze Expanded,QHP,IL
1259,20129IL0340035,20129,POS,Bronze Expanded,QHP,IL
1260,20129IL0340045,20129,POS,Silver,QHP,IL
1261,20129IL0340061,20129,POS,Bronze Expanded,QHP,IL
1262,20129IL0340067,20129,POS,Gold,QHP,IL
1263,20129IL0340068,20129,POS,Silver,QHP,IL
1264,36096IL0810080,36096,HMO,Gold,QHP,IL
1265,36096IL0810081,36096,HMO,Silver,QHP,IL
1266,36096IL0810083,36096,HMO,Bronze Expanded,QHP,IL
1267,36096IL0810090,36096,HMO,Gold,QHP,IL
1268,36096IL0810091,36096,HMO,Gold,QHP,IL
1269,36096IL0810092,36096,HMO,Gold,QHP,IL
1270,36096IL0810093,36096,HMO,Gold,QHP,IL
1271,36096IL0810094,36096,HMO,Gold,QHP,IL
1272,36096IL0810096,36096,HMO,Silver,QHP,IL
1273,36096IL0810097,36096,HMO,Silver,QHP,IL
1274,36096IL0810098,36096,HMO,Silver,QHP,IL
1275,36096IL0810099,36096,HMO,Silver,QHP,IL
1276,36096IL0810100,36096,HMO,Silver,QHP,IL
1277,36096IL0810108,36096,HMO,Bronze Expanded,QHP,IL
1278,36096IL0810109,36096,HMO,Bronze Expanded,QHP,IL
1279,36096IL0810110,36096,HMO,Bronze Expanded,QHP,IL
1280,36096IL0810111,36096,HMO,Bronze Expanded,QHP,IL
1281,36096IL0810112,36096,HMO,Bronze Expanded,QHP,IL
1282,36096IL0950018,36096,HMO,Silver,QHP,IL
1283,36096IL0950019,36096,HMO,Silver,QHP,IL
1284,36096IL0950020,36096,HMO,Silver,QHP,IL
1285,36096IL0950030,36096,HMO,Gold,QHP,IL
1286,36096IL0950031,36096,HMO,Bronze Expanded,QHP,IL
1287,36096IL0950033,36096,HMO,Gold,QHP,IL
1288,36096IL0950036,36096,HMO,Bronze Expanded,QHP,IL
1289,36096IL0990122,36096,PPO,Gold,QHP,IL
1290,36096IL0990123,36096,PPO,Silver,QHP,IL
1291,36096IL0990125,36096,PPO,Bronze Expanded,QHP,IL
1292,36096IL0990126,36096,PPO,Catastrophic,QHP,IL
1293,36096IL0990127,36096,PPO,Bronze Expanded,QHP,IL
1294,36096IL0990128,36096,PPO,Gold,QHP,IL
1295,36096IL0990129,36096,PPO,Gold,QHP,IL
1296,36096IL0990130,36096,PPO,Gold,QHP,IL
1297,36096IL0990131,36096,PPO,Gold,QHP,IL
1298,36096IL0990132,36096,PPO,Gold,QHP,IL
1299,36096IL0990133,36096,PPO,Gold,QHP,IL
1300,36096IL0990134,36096,PPO,Gold,QHP,IL
1301,36096IL0990135,36096,PPO,Gold,QHP,IL
1302,36096IL0990136,36096,PPO,Gold,QHP,IL
1303,36096IL0990137,36096,PPO,Gold,QHP,IL
1304,36096IL0990138,36096,PPO,Gold,QHP,IL
1305,36096IL0990139,36096,PPO,Gold,QHP,IL
1306,36096IL0990140,36096,PPO,Silver,QHP,IL
1307,36096IL0990141,36096,PPO,Silver,QHP,IL
1308,36096IL0990142,36096,PPO,Silver,QHP,IL
1309,36096IL0990143,36096,PPO,Silver,QHP,IL
1310,36096IL0990144,36096,PPO,Silver,QHP,IL
1311,36096IL0990145,36096,PPO,Silver,QHP,IL
1312,36096IL0990146,36096,PPO,Silver,QHP,IL
1313,36096IL0990147,36096,PPO,Silver,QHP,IL
1314,36096IL0990148,36096,PPO,Silver,QHP,IL
1315,36096IL0990149,36096,PPO,Silver,QHP,IL
1316,36096IL0990150,36096,PPO,Silver,QHP,IL
1317,36096IL0990151,36096,PPO,Silver,QHP,IL
1318,36096IL0990164,36096,PPO,Bronze Expanded,QHP,IL
1319,36096IL0990165,36096,PPO,Bronze Expanded,QHP,IL
1320,36096IL0990166,36096,PPO,Bronze Expanded,QHP,IL
1321,36096IL0990167,36096,PPO,Bronze Expanded,QHP,IL
1322,36096IL0990168,36096,PPO,Bronze Expanded,QHP,IL
1323,36096IL0990169,36096,PPO,Bronze Expanded,QHP,IL
1324,36096IL0990170,36096,PPO,Bronze Expanded,QHP,IL
1325,36096IL0990171,36096,PPO,Bronze Expanded,QHP,IL
1326,36096IL0990172,36096,PPO,Bronze Expanded,QHP,IL
1327,36096IL0990173,36096,PPO,Bronze Expanded,QHP,IL
1328,36096IL0990174,36096,PPO,Bronze Expanded,QHP,IL
1329,36096IL0990175,36096,PPO,Bronze Expanded,QHP,IL
1330,36096IL0990176,36096,PPO,Catastrophic,QHP,IL
1331,36096IL0990177,36096,PPO,Catastrophic,QHP,IL
1332,36096IL0990178,36096,PPO,Catastrophic,QHP,IL
1333,36096IL0990179,36096,PPO,Catastrophic,QHP,IL
1334,36096IL0990180,36096,PPO,Catastrophic,QHP,IL
1335,36096IL0990181,36096,PPO,Catastrophic,QHP,IL
1336,36096IL0990182,36096,PPO,Catastrophic,QHP,IL
1337,36096IL0990183,36096,PPO,Catastrophic,QHP,IL
1338,36096IL0990184,36096,PPO,Catastrophic,QHP,IL
1339,36096IL0990185,36096,PPO,Catastrophic,QHP,IL
1340,36096IL0990186,36096,PPO,Catastrophic,QHP,IL
1341,36096IL0990187,36096,PPO,Catastrophic,QHP,IL
1342,36096IL0990188,36096,PPO,Bronze Expanded,QHP,IL
1343,36096IL0990189,36096,PPO,Bronze Expanded,QHP,IL
1344,36096IL0990190,36096,PPO,Bronze Expanded,QHP,IL
1345,36096IL0990191,36096,PPO,Bronze Expanded,QHP,IL
1346,36096IL0990192,36096,PPO,Bronze Expanded,QHP,IL
1347,36096IL0990193,36096,PPO,Bronze Expanded,QHP,IL
1348,36096IL0990194,36096,PPO,Bronze Expanded,QHP,IL
1349,36096IL0990195,36096,PPO,Bronze Expanded,QHP,IL
1350,36096IL0990196,36096,PPO,Bronze Expanded,QHP,IL
1351,36096IL0990197,36096,PPO,Bronze Expanded,QHP,IL
1352,36096IL0990198,36096,PPO,Bronze Expanded,QHP,IL
1353,36096IL0990199,36096,PPO,Bronze Expanded,QHP,IL
1354,36096IL1000005,36096,HMO,Gold,QHP,IL
1355,36096IL1000008,36096,HMO,Silver,QHP,IL
1356,36096IL1000009,36096,HMO,Bronze Expanded,QHP,IL
1357,53882IL0040002,53882,HMO,Bronze Expanded,QHP,IL
1358,53882IL0040006,53882,HMO,Silver,QHP,IL
1359,53882IL0040008,53882,HMO,Gold,QHP,IL
1360,53882IL0040009,53882,HMO,Bronze Expanded,QHP,IL
1361,53882IL0040011,53882,HMO,Silver,QHP,IL
1362,54322IL0090001,54322,HMO,Gold,QHP,IL
1363,54322IL0090002,54322,HMO,Gold,QHP,IL
1364,54322IL0090003,54322,HMO,Gold,QHP,IL
1365,54322IL0090004,54322,HMO,Silver,QHP,IL
1366,54322IL0090005,54322,HMO,Silver,QHP,IL
1367,54322IL0090006,54322,HMO,Silver,QHP,IL
1368,54322IL0090007,54322,HMO,Bronze,QHP,IL
1369,54322IL0090008,54322,HMO,Bronze Expanded,QHP,IL
1370,54322IL0090009,54322,HMO,Bronze,QHP,IL
1371,65280IL0010001,65280,HMO,Gold,QHP,IL
1372,65280IL0010002,65280,HMO,Silver,QHP,IL
1373,65280IL0010003,65280,HMO,Bronze Expanded,QHP,IL
1374,65280IL0010004,65280,HMO,Silver,QHP,IL
1375,65280IL0010005,65280,HMO,Gold,QHP,IL
1376,65280IL0010006,65280,HMO,Silver,QHP,IL
1377,65280IL0010007,65280,HMO,Bronze,QHP,IL
1378,65280IL0010008,65280,HMO,Silver,QHP,IL
1379,65280IL0010009,65280,HMO,Bronze Expanded,QHP,IL
1380,65280IL0010010,65280,HMO,Catastrophic,QHP,IL
1381,42529IL0070001,42529,HMO,Bronze Expanded,QHP,IL
1382,42529IL0070002,42529,HMO,Bronze,QHP,IL
1383,42529IL0070003,42529,HMO,Bronze Expanded,QHP,IL
1384,42529IL0070004,42529,HMO,Silver,QHP,IL
1385,42529IL0070005,42529,HMO,Silver,QHP,IL
1386,42529IL0070006,42529,HMO,Silver,QHP,IL
1387,42529IL0070008,42529,HMO,Silver,QHP,IL
1388,42529IL0070009,42529,HMO,Gold,QHP,IL
1389,42529IL0070010,42529,HMO,Gold,QHP,IL
1390,42529IL0070011,42529,HMO,Gold,QHP,IL
1391,32355IL0010001,32355,HMO,Gold,QHP,IL
1392,32355IL0010002,32355,HMO,Silver,QHP,IL
1393,32355IL0010004,32355,HMO,Silver,QHP,IL
1394,32355IL0010007,32355,HMO,Silver,QHP,IL
1395,32355IL0010008,32355,HMO,Silver,QHP,IL
1396,32355IL0020001,32355,HMO,Gold,QHP,IL
1397,32355IL0020002,32355,HMO,Silver,QHP,IL
1398,11574IL0010002,11574,HMO,Bronze Expanded,QHP,IL
1399,11574IL0010003,11574,HMO,Bronze Expanded,QHP,IL
1400,11574IL0010005,11574,HMO,Bronze Expanded,QHP,IL
1401,11574IL0010006,11574,HMO,Silver,QHP,IL
1402,11574IL0010008,11574,HMO,Silver,QHP,IL
1403,11574IL0010011,11574,HMO,Catastrophic,QHP,IL
1404,11574IL0010012,11574,HMO,Bronze Expanded,QHP,IL
1405,11574IL0010013,11574,HMO,Gold,QHP,IL
1406,11574IL0010014,11574,HMO,Bronze Expanded,QHP,IL
1407,11574IL0010015,11574,HMO,Silver,QHP,IL
1408,11574IL0010017,11574,HMO,Silver,QHP,IL
1409,11574IL0010020,11574,HMO,Gold,QHP,IL
1410,11574IL0010021,11574,HMO,Bronze Expanded,QHP,IL
1411,11574IL0010023,11574,HMO,Bronze Expanded,QHP,IL
1412,11574IL0010024,11574,HMO,Bronze Expanded,QHP,IL
1413,11574IL0010025,11574,HMO,Silver,QHP,IL
1414,11574IL0010026,11574,HMO,Silver,QHP,IL
1415,11574IL0010027,11574,HMO,Silver,QHP,IL
1416,11574IL0010028,11574,HMO,Silver,QHP,IL
1417,11574IL0010029,11574,HMO,Silver,QHP,IL
1418,11574IL0010030,11574,HMO,Silver,QHP,IL
1419,11574IL0010033,11574,HMO,Gold,QHP,IL
1420,11574IL0010034,11574,HMO,Gold,QHP,IL
1421,11574IL0010035,11574,HMO,Gold,QHP,IL
1422,11574IL0010036,11574,HMO,Gold,QHP,IL
1423,11574IL0010037,11574,HMO,Gold,QHP,IL
1424,11574IL0010038,11574,HMO,Bronze Expanded,QHP,IL
1425,11574IL0010039,11574,HMO,Bronze Expanded,QHP,IL
1426,11574IL0010041,11574,HMO,Bronze Expanded,QHP,IL
1427,11574IL0010042,11574,HMO,Bronze Expanded,QHP,IL
1428,11574IL0010043,11574,HMO,Bronze Expanded,QHP,IL
1429,11574IL0010045,11574,HMO,Silver,QHP,IL
1430,11574IL0020008,11574,HMO,Silver,QHP,IL
1431,11574IL0020015,11574,HMO,Silver,QHP,IL
1432,11574IL0020025,11574,HMO,Silver,QHP,IL
1433,11574IL0020027,11574,HMO,Silver,QHP,IL
1434,44522IL0010001,44522,HMO,Gold,QHP,IL
1435,44522IL0010002,44522,HMO,Silver,QHP,IL
1436,44522IL0010003,44522,HMO,Silver,QHP,IL
1437,44522IL0010004,44522,HMO,Silver,QHP,IL
1438,44522IL0010005,44522,HMO,Silver,QHP,IL
1439,44522IL0010008,44522,HMO,Bronze Expanded,QHP,IL
1440,44522IL0010009,44522,HMO,Bronze Expanded,QHP,IL
1441,44522IL0010010,44522,HMO,Bronze Expanded,QHP,IL
1442,44522IL0010011,44522,HMO,Bronze Expanded,QHP,IL
1443,44522IL0010012,44522,HMO,Catastrophic,QHP,IL
1444,44522IL0010013,44522,HMO,Gold,QHP,IL
1445,44522IL0010014,44522,HMO,Bronze Expanded,QHP,IL
1446,44522IL0010018,44522,HMO,Silver,QHP,IL
1447,44522IL0010019,44522,HMO,Bronze Expanded,QHP,IL
1448,44522IL0010020,44522,HMO,Silver,QHP,IL
1449,85773IL0030020,85773,HMO,Gold,QHP,IL
1450,85773IL0030021,85773,HMO,Gold,QHP,IL
1451,85773IL0030022,85773,HMO,Gold,QHP,IL
1452,85773IL0030023,85773,HMO,Silver,QHP,IL
1453,85773IL0030024,85773,HMO,Silver,QHP,IL
1454,85773IL0030025,85773,HMO,Silver,QHP,IL
1455,85773IL0030026,85773,HMO,Bronze Expanded,QHP,IL
1456,85773IL0030027,85773,HMO,Bronze Expanded,QHP,IL
1457,27833IL0140022,27833,HMO,Silver,QHP,IL
1458,27833IL0140026,27833,HMO,Silver,QHP,IL
1459,27833IL0140056,27833,HMO,Bronze Expanded,QHP,IL
1460,27833IL0140057,27833,HMO,Bronze Expanded,QHP,IL
1461,27833IL0140058,27833,HMO,Bronze Expanded,QHP,IL
1462,27833IL0140059,27833,HMO,Bronze Expanded,QHP,IL
1463,27833IL0140061,27833,HMO,Silver,QHP,IL
1464,27833IL0140062,27833,HMO,Silver,QHP,IL
1465,27833IL0140063,27833,HMO,Silver,QHP,IL
1466,27833IL0140064,27833,HMO,Gold,QHP,IL
1467,27833IL0140066,27833,HMO,Bronze,QHP,IL
1468,27833IL0150013,27833,HMO,Silver,QHP,IL
1469,27833IL0150026,27833,HMO,Silver,QHP,IL
1470,27833IL0150051,27833,HMO,Bronze Expanded,QHP,IL
1471,27833IL0150052,27833,HMO,Bronze Expanded,QHP,IL
1472,27833IL0150053,27833,HMO,Bronze Expanded,QHP,IL
1473,27833IL0150054,27833,HMO,Bronze Expanded,QHP,IL
1474,27833IL0150057,27833,HMO,Silver,QHP,IL
1475,27833IL0150058,27833,HMO,Silver,QHP,IL
1476,27833IL0150059,27833,HMO,Gold,QHP,IL
1477,27833IL0150060,27833,HMO,Silver,QHP,IL
1478,27833IL0150066,27833,HMO,Bronze,QHP,IL
1479,20129IL0340070,20129,POS,Gold,QHP,IL
1480,20129IL0340071,20129,POS,Silver,QHP,IL
1481,20129IL0340073,20129,POS,Silver,QHP,IL
1482,20129IL0340075,20129,POS,Silver,QHP,IL
1483,20129IL0340077,20129,POS,Bronze,QHP,IL
1484,36096IL0950037,36096,HMO,Gold,QHP,IL
1485,36096IL0950038,36096,HMO,Bronze Expanded,QHP,IL
1486,36096IL0990252,36096,PPO,Bronze Expanded,QHP,IL
1487,36096IL0990253,36096,PPO,Bronze Expanded,QHP,IL
1488,36096IL0990254,36096,PPO,Bronze Expanded,QHP,IL
1489,36096IL0990255,36096,PPO,Bronze Expanded,QHP,IL
1490,36096IL0990256,36096,PPO,Bronze Expanded,QHP,IL
1491,36096IL0990257,36096,PPO,Bronze Expanded,QHP,IL
1492,36096IL0990258,36096,PPO,Bronze Expanded,QHP,IL
1493,36096IL0990259,36096,PPO,Bronze Expanded,QHP,IL
1494,36096IL0990260,36096,PPO,Bronze Expanded,QHP,IL
1495,36096IL0990261,36096,PPO,Bronze Expanded,QHP,IL
1496,36096IL0990262,36096,PPO,Bronze Expanded,QHP,IL
1497,36096IL0990263,36096,PPO,Bronze Expanded,QHP,IL
1498,36096IL0990264,36096,PPO,Bronze Expanded,QHP,IL
1499,53882IL0040017,53882,HMO,Bronze,QHP,IL
1500,53882IL0040018,53882,HMO,Silver,QHP,IL
1501,53882IL0040019,53882,HMO,Silver,QHP,IL
1502,53882IL0040022,53882,HMO,Bronze Expanded,QHP,IL
1503,53882IL0040023,53882,HMO,Bronze Expanded,QHP,IL
1504,53882IL0040024,53882,HMO,Bronze,QHP,IL
1505,53882IL0040025,53882,HMO,Silver,QHP,IL
1506,53882IL0040026,53882,HMO,Silver,QHP,IL
1507,53882IL0040027,53882,HMO,Silver,QHP,IL
1508,53882IL0040030,53882,HMO,Gold,QHP,IL
1509,53882IL0040031,53882,HMO,Bronze Expanded,QHP,IL
1510,53882IL0040032,53882,HMO,Bronze Expanded,QHP,IL
1511,53882IL0040033,53882,HMO,Silver,QHP,IL
1512,53882IL0040034,53882,HMO,Silver,QHP,IL
1513,53882IL0040036,53882,HMO,Bronze Expanded,QHP,IL
1514,53882IL0040037,53882,HMO,Bronze Expanded,QHP,IL
1515,53882IL0040038,53882,HMO,Silver,QHP,IL
1516,53882IL0040039,53882,HMO,Silver,QHP,IL
1517,53882IL0040040,53882,HMO,Silver,QHP,IL
1518,53882IL0040041,53882,HMO,Gold,QHP,IL
1519,54192IN0010010,54192,HMO,Bronze Expanded,QHP,IN
1520,54192IN0010011,54192,HMO,Silver,QHP,IN
1521,54192IN0010012,54192,HMO,Gold,QHP,IN
1522,54192IN0010014,54192,HMO,Silver,QHP,IN
1523,54192IN0010015,54192,HMO,Bronze Expanded,QHP,IN
1524,54192IN0010018,54192,HMO,Silver,QHP,IN
1525,54192IN0020011,54192,HMO,Silver,QHP,IN
1526,54192IN0020012,54192,HMO,Gold,QHP,IN
1527,54192IN0020014,54192,HMO,Silver,QHP,IN
1528,54192IN0020015,54192,HMO,Bronze Expanded,QHP,IN
1529,54192IN0020018,54192,HMO,Silver,QHP,IN
1530,76179IN0110011,76179,EPO,Silver,QHP,IN
1531,76179IN0110012,76179,EPO,Silver,QHP,IN
1532,76179IN0110013,76179,EPO,Gold,QHP,IN
1533,76179IN0110016,76179,EPO,Bronze,QHP,IN
1534,76179IN0110052,76179,EPO,Bronze Expanded,QHP,IN
1535,76179IN0130011,76179,EPO,Silver,QHP,IN
1536,76179IN0130013,76179,EPO,Gold,QHP,IN
1537,76179IN0130016,76179,EPO,Bronze,QHP,IN
1538,35755IN0080001,35755,EPO,Bronze Expanded,QHP,IN
1539,35755IN0080002,35755,EPO,Bronze Expanded,QHP,IN
1540,35755IN0080003,35755,EPO,Bronze Expanded,QHP,IN
1541,35755IN0080004,35755,EPO,Bronze Expanded,QHP,IN
1542,35755IN0080005,35755,EPO,Silver,QHP,IN
1543,35755IN0080006,35755,EPO,Silver,QHP,IN
1544,35755IN0080007,35755,EPO,Silver,QHP,IN
1545,35755IN0080008,35755,EPO,Gold,QHP,IN
1546,54192IN0010020,54192,HMO,Bronze,QHP,IN
1547,54192IN0020020,54192,HMO,Bronze,QHP,IN
1548,17575IN0700043,17575,HMO,Silver,QHP,IN
1549,17575IN0700045,17575,HMO,Bronze,QHP,IN
1550,17575IN0700051,17575,HMO,Gold,QHP,IN
1551,17575IN0700052,17575,HMO,Silver,QHP,IN
1552,17575IN0700053,17575,HMO,Bronze Expanded,QHP,IN
1553,17575IN0700054,17575,HMO,Bronze,QHP,IN
1554,17575IN0700055,17575,HMO,Silver,QHP,IN
1555,17575IN0700056,17575,HMO,Gold,QHP,IN
1556,17575IN0700057,17575,HMO,Silver,QHP,IN
1557,17575IN0760005,17575,POS,Bronze Expanded,QHP,IN
1558,76179IN0110018,76179,EPO,Silver,QHP,IN
1559,76179IN0110021,76179,EPO,Silver,QHP,IN
1560,76179IN0110069,76179,EPO,Bronze Expanded,QHP,IN
1561,76179IN0110071,76179,EPO,Bronze Expanded,QHP,IN
1562,76179IN0110073,76179,EPO,Silver,QHP,IN
1563,76179IN0110074,76179,EPO,Silver,QHP,IN
1564,76179IN0110075,76179,EPO,Silver,QHP,IN
1565,76179IN0110076,76179,EPO,Gold,QHP,IN
1566,76179IN0130007,76179,EPO,Silver,QHP,IN
1567,76179IN0130018,76179,EPO,Silver,QHP,IN
1568,76179IN0130021,76179,EPO,Silver,QHP,IN
1569,76179IN0130052,76179,EPO,Bronze Expanded,QHP,IN
1570,76179IN0130069,76179,EPO,Bronze Expanded,QHP,IN
1571,76179IN0130071,76179,EPO,Bronze Expanded,QHP,IN
1572,76179IN0130073,76179,EPO,Silver,QHP,IN
1573,76179IN0130075,76179,EPO,Silver,QHP,IN
1574,76179IN0130076,76179,EPO,Gold,QHP,IN
1575,18558KS0400006,18558,EPO,Gold,QHP,KS
1576,18558KS0400007,18558,EPO,Silver,QHP,KS
1577,18558KS0400008,18558,EPO,Silver,QHP,KS
1578,18558KS0400009,18558,EPO,Bronze Expanded,QHP,KS
1579,18558KS0400010,18558,EPO,Bronze Expanded,QHP,KS
1580,76763KS0010001,76763,EPO,Bronze,QHP,KS
1581,76763KS0010002,76763,EPO,Bronze Expanded,QHP,KS
1582,76763KS0010003,76763,EPO,Silver,QHP,KS
1583,76763KS0010004,76763,EPO,Silver,QHP,KS
1584,76763KS0010005,76763,EPO,Gold,QHP,KS
1585,76763KS0010006,76763,EPO,Bronze,QHP,KS
1586,76763KS0010007,76763,EPO,Bronze Expanded,QHP,KS
1587,76763KS0010008,76763,EPO,Silver,QHP,KS
1588,76763KS0010009,76763,EPO,Silver,QHP,KS
1589,76763KS0010011,76763,EPO,Gold,QHP,KS
1590,39520KS0040001,39520,EPO,Gold,QHP,KS
1591,39520KS0040003,39520,EPO,Silver,QHP,KS
1592,39520KS0040011,39520,EPO,Bronze Expanded,QHP,KS
1593,39520KS0040013,39520,EPO,Catastrophic,QHP,KS
1594,39520KS0040025,39520,EPO,Gold,QHP,KS
1595,39520KS0040029,39520,EPO,Bronze Expanded,QHP,KS
1596,39520KS0050001,39520,EPO,Gold,QHP,KS
1597,39520KS0050003,39520,EPO,Silver,QHP,KS
1598,39520KS0050005,39520,EPO,Bronze Expanded,QHP,KS
1599,39520KS0050011,39520,EPO,Bronze Expanded,QHP,KS
1600,39520KS0050013,39520,EPO,Catastrophic,QHP,KS
1601,39520KS0050029,39520,EPO,Bronze Expanded,QHP,KS
1602,39520KS0060001,39520,EPO,Gold,QHP,KS
1603,39520KS0060003,39520,EPO,Silver,QHP,KS
1604,39520KS0060011,39520,EPO,Bronze Expanded,QHP,KS
1605,39520KS0060013,39520,EPO,Catastrophic,QHP,KS
1606,39520KS0060025,39520,EPO,Gold,QHP,KS
1607,39520KS0060027,39520,EPO,Silver,QHP,KS
1608,39520KS0060029,39520,EPO,Bronze Expanded,QHP,KS
1609,43490KS0010003,43490,EPO,Bronze Expanded,QHP,KS
1610,43490KS0010005,43490,EPO,Bronze Expanded,QHP,KS
1611,43490KS0010006,43490,EPO,Silver,QHP,KS
1612,43490KS0010008,43490,EPO,Silver,QHP,KS
1613,43490KS0010011,43490,EPO,Catastrophic,QHP,KS
1614,43490KS0010013,43490,EPO,Gold,QHP,KS
1615,34368KS0110009,34368,EPO,Silver,QHP,KS
1616,34368KS0110012,34368,EPO,Silver,QHP,KS
1617,34368KS0110015,34368,EPO,Gold,QHP,KS
1618,34368KS0110021,34368,EPO,Bronze,QHP,KS
1619,34368KS0110023,34368,EPO,Bronze Expanded,QHP,KS
1620,34368KS0110029,34368,EPO,Silver,QHP,KS
1621,34368KS0110033,34368,EPO,Gold,QHP,KS
1622,34368KS0110043,34368,EPO,Bronze Expanded,QHP,KS
1623,34368KS0110047,34368,EPO,Bronze Expanded,QHP,KS
1624,34368KS0110049,34368,EPO,Silver,QHP,KS
1625,34368KS0110051,34368,EPO,Silver,QHP,KS
1626,34368KS0110053,34368,EPO,Silver,QHP,KS
1627,34368KS0110062,34368,EPO,Bronze Expanded,QHP,KS
1628,34368KS0120001,34368,EPO,Bronze,QHP,KS
1629,34368KS0120002,34368,EPO,Gold,QHP,KS
1630,34368KS0120006,34368,EPO,Silver,QHP,KS
1631,34368KS0120023,34368,EPO,Bronze Expanded,QHP,KS
1632,34368KS0120029,34368,EPO,Silver,QHP,KS
1633,34368KS0120033,34368,EPO,Gold,QHP,KS
1634,34368KS0120043,34368,EPO,Bronze Expanded,QHP,KS
1635,34368KS0120047,34368,EPO,Bronze Expanded,QHP,KS
1636,34368KS0120051,34368,EPO,Silver,QHP,KS
1637,34368KS0120053,34368,EPO,Silver,QHP,KS
1638,34368KS0120056,34368,EPO,Silver,QHP,KS
1639,34368KS0120064,34368,EPO,Bronze Expanded,QHP,KS
1640,32542KS0090001,32542,EPO,Bronze Expanded,QHP,KS
1641,32542KS0090002,32542,EPO,Bronze Expanded,QHP,KS
1642,32542KS0090003,32542,EPO,Bronze Expanded,QHP,KS
1643,32542KS0090004,32542,EPO,Bronze Expanded,QHP,KS
1644,32542KS0090005,32542,EPO,Silver,QHP,KS
1645,32542KS0090006,32542,EPO,Silver,QHP,KS
1646,32542KS0090007,32542,EPO,Silver,QHP,KS
1647,32542KS0090008,32542,EPO,Gold,QHP,KS
1648,94248KS0560001,94248,EPO,Bronze Expanded,QHP,KS
1649,94248KS0560002,94248,EPO,Silver,QHP,KS
1650,94248KS0560004,94248,EPO,Silver,QHP,KS
1651,94248KS0560005,94248,EPO,Bronze Expanded,QHP,KS
1652,94248KS0560007,94248,EPO,Gold,QHP,KS
1653,94248KS0560008,94248,EPO,Bronze Expanded,QHP,KS
1654,94248KS0560009,94248,EPO,Bronze Expanded,QHP,KS
1655,94248KS0560010,94248,EPO,Bronze Expanded,QHP,KS
1656,94248KS0560011,94248,EPO,Silver,QHP,KS
1657,18558KS0400013,18558,EPO,Silver,QHP,KS
1658,76763KS0010013,76763,EPO,Silver,QHP,KS
1659,76763KS0010014,76763,EPO,Silver,QHP,KS
1660,76763KS0010018,76763,EPO,Silver,QHP,KS
1661,76763KS0010019,76763,EPO,Silver,QHP,KS
1662,76763KS0010022,76763,EPO,Bronze Expanded,QHP,KS
1663,76763KS0010024,76763,EPO,Silver,QHP,KS
1664,76763KS0010025,76763,EPO,Gold,QHP,KS
1665,76763KS0010026,76763,EPO,Bronze Expanded,QHP,KS
1666,76763KS0010028,76763,EPO,Silver,QHP,KS
1667,76763KS0010029,76763,EPO,Gold,QHP,KS
1668,39520KS0040035,39520,EPO,Bronze,QHP,KS
1669,39520KS0040036,39520,EPO,Bronze,QHP,KS
1670,39520KS0040037,39520,EPO,Bronze Expanded,QHP,KS
1671,39520KS0050035,39520,EPO,Bronze,QHP,KS
1672,39520KS0060035,39520,EPO,Bronze,QHP,KS
1673,39520KS0060036,39520,EPO,Bronze,QHP,KS
1674,39520KS0060041,39520,EPO,Bronze Expanded,QHP,KS
1675,43490KS0010002,43490,EPO,Bronze Expanded,QHP,KS
1676,43490KS0010012,43490,EPO,Bronze Expanded,QHP,KS
1677,43490KS0010014,43490,EPO,Bronze Expanded,QHP,KS
1678,43490KS0010015,43490,EPO,Silver,QHP,KS
1679,43490KS0010020,43490,EPO,Gold,QHP,KS
1680,43490KS0010021,43490,EPO,Bronze Expanded,QHP,KS
1681,43490KS0010022,43490,EPO,Bronze Expanded,QHP,KS
1682,43490KS0010024,43490,EPO,Bronze Expanded,QHP,KS
1683,43490KS0010025,43490,EPO,Silver,QHP,KS
1684,43490KS0010026,43490,EPO,Silver,QHP,KS
1685,43490KS0010027,43490,EPO,Silver,QHP,KS
1686,43490KS0010028,43490,EPO,Silver,QHP,KS
1687,43490KS0010029,43490,EPO,Silver,QHP,KS
1688,43490KS0010030,43490,EPO,Silver,QHP,KS
1689,43490KS0010033,43490,EPO,Gold,QHP,KS
1690,43490KS0010035,43490,EPO,Gold,QHP,KS
1691,43490KS0010036,43490,EPO,Gold,QHP,KS
1692,43490KS0010037,43490,EPO,Gold,QHP,KS
1693,43490KS0010038,43490,EPO,Bronze Expanded,QHP,KS
1694,43490KS0010039,43490,EPO,Bronze Expanded,QHP,KS
1695,43490KS0010042,43490,EPO,Bronze Expanded,QHP,KS
1696,43490KS0010043,43490,EPO,Bronze Expanded,QHP,KS
1697,43490KS0010045,43490,EPO,Silver,QHP,KS
1698,67243LA0090003,67243,POS,Silver,QHP,LA
1699,67243LA0090004,67243,POS,Bronze Expanded,QHP,LA
1700,67243LA0090019,67243,POS,Gold,QHP,LA
1701,67243LA0090043,67243,POS,Bronze Expanded,QHP,LA
1702,67243LA0090044,67243,POS,Bronze Expanded,QHP,LA
1703,98780LA0010001,98780,HMO,Silver,QHP,LA
1704,98780LA0010002,98780,HMO,Silver,QHP,LA
1705,98780LA0010003,98780,HMO,Silver,QHP,LA
1706,98780LA0020001,98780,HMO,Silver,QHP,LA
1707,98780LA0020002,98780,HMO,Silver,QHP,LA
1708,98780LA0020003,98780,HMO,Silver,QHP,LA
1709,98780LA0030001,98780,HMO,Gold,QHP,LA
1710,98780LA0030002,98780,HMO,Gold,QHP,LA
1711,98780LA0030003,98780,HMO,Gold,QHP,LA
1712,98780LA0040001,98780,HMO,Bronze Expanded,QHP,LA
1713,98780LA0040002,98780,HMO,Bronze Expanded,QHP,LA
1714,98780LA0040003,98780,HMO,Bronze Expanded,QHP,LA
1715,98780LA0050001,98780,HMO,Bronze Expanded,QHP,LA
1716,98780LA0050002,98780,HMO,Bronze Expanded,QHP,LA
1717,98780LA0050003,98780,HMO,Bronze Expanded,QHP,LA
1718,97176LA0340010,97176,PPO,Silver,QHP,LA
1719,97176LA0340015,97176,PPO,Gold,QHP,LA
1720,97176LA0340017,97176,PPO,Bronze,QHP,LA
1721,97176LA0350003,97176,PPO,Silver,QHP,LA
1722,97176LA0350004,97176,PPO,Bronze Expanded,QHP,LA
1723,19636LA0220005,19636,POS,Gold,QHP,LA
1724,19636LA0220007,19636,POS,Silver,QHP,LA
1725,19636LA0220010,19636,POS,Silver,QHP,LA
1726,19636LA0220012,19636,POS,Bronze,QHP,LA
1727,19636LA0220013,19636,POS,Bronze Expanded,QHP,LA
1728,19636LA0220014,19636,POS,Silver,QHP,LA
1729,19636LA0230002,19636,POS,Gold,QHP,LA
1730,19636LA0230003,19636,POS,Silver,QHP,LA
1731,19636LA0230006,19636,POS,Bronze Expanded,QHP,LA
1732,19636LA0240002,19636,POS,Gold,QHP,LA
1733,19636LA0240003,19636,POS,Silver,QHP,LA
1734,19636LA0240007,19636,POS,Silver,QHP,LA
1735,19636LA0240009,19636,POS,Silver,QHP,LA
1736,19636LA0240010,19636,POS,Silver,QHP,LA
1737,19636LA0240011,19636,POS,Bronze Expanded,QHP,LA
1738,19636LA0240012,19636,POS,Silver,QHP,LA
1739,19636LA0240013,19636,POS,Silver,QHP,LA
1740,19636LA0240014,19636,POS,Bronze Expanded,QHP,LA
1741,19636LA0590001,19636,POS,Gold,QHP,LA
1742,19636LA0590002,19636,POS,Silver,QHP,LA
1743,19636LA0590003,19636,POS,Silver,QHP,LA
1744,19636LA0610001,19636,POS,Silver,QHP,LA
1745,19636LA0610002,19636,POS,Bronze Expanded,QHP,LA
1746,19636LA0610003,19636,POS,Gold,QHP,LA
1747,69842LA0240001,69842,EPO,Gold,QHP,LA
1748,69842LA0240002,69842,EPO,Gold,QHP,LA
1749,69842LA0240003,69842,EPO,Gold,QHP,LA
1750,69842LA0240004,69842,EPO,Silver,QHP,LA
1751,69842LA0240005,69842,EPO,Silver,QHP,LA
1752,69842LA0240006,69842,EPO,Silver,QHP,LA
1753,69842LA0240007,69842,EPO,Silver,QHP,LA
1754,69842LA0240008,69842,EPO,Bronze Expanded,QHP,LA
1755,69842LA0240009,69842,EPO,Bronze,QHP,LA
1756,61604LA0010001,61604,HMO,Bronze,QHP,LA
1757,61604LA0010002,61604,HMO,Bronze Expanded,QHP,LA
1758,61604LA0010005,61604,HMO,Bronze Expanded,QHP,LA
1759,61604LA0010006,61604,HMO,Bronze Expanded,QHP,LA
1760,61604LA0010008,61604,HMO,Silver,QHP,LA
1761,61604LA0010010,61604,HMO,Silver,QHP,LA
1762,61604LA0010011,61604,HMO,Silver,QHP,LA
1763,61604LA0010012,61604,HMO,Silver,QHP,LA
1764,61604LA0010013,61604,HMO,Gold,QHP,LA
1765,61604LA0010014,61604,HMO,Gold,QHP,LA
1766,61604LA0020001,61604,HMO,Bronze,QHP,LA
1767,61604LA0020002,61604,HMO,Bronze Expanded,QHP,LA
1768,61604LA0020005,61604,HMO,Bronze Expanded,QHP,LA
1769,61604LA0020006,61604,HMO,Bronze Expanded,QHP,LA
1770,61604LA0020008,61604,HMO,Silver,QHP,LA
1771,61604LA0020011,61604,HMO,Silver,QHP,LA
1772,61604LA0020012,61604,HMO,Silver,QHP,LA
1773,61604LA0020013,61604,HMO,Gold,QHP,LA
1774,61604LA0020014,61604,HMO,Gold,QHP,LA
1775,98780LA0060001,98780,HMO,Bronze Expanded,QHP,LA
1776,98780LA0060002,98780,HMO,Bronze Expanded,QHP,LA
1777,98780LA0060003,98780,HMO,Bronze Expanded,QHP,LA
1778,98780LA0070001,98780,HMO,Silver,QHP,LA
1779,98780LA0070002,98780,HMO,Silver,QHP,LA
1780,98780LA0070003,98780,HMO,Silver,QHP,LA
1781,98780LA0080001,98780,HMO,Silver,QHP,LA
1782,98780LA0080002,98780,HMO,Silver,QHP,LA
1783,98780LA0080003,98780,HMO,Silver,QHP,LA
1784,98780LA0090001,98780,HMO,Gold,QHP,LA
1785,98780LA0090002,98780,HMO,Gold,QHP,LA
1786,98780LA0090003,98780,HMO,Gold,QHP,LA
1787,98780LA0100001,98780,HMO,Bronze Expanded,QHP,LA
1788,98780LA0100002,98780,HMO,Bronze Expanded,QHP,LA
1789,98780LA0100003,98780,HMO,Bronze Expanded,QHP,LA
1790,19636LA0240017,19636,POS,Gold,QHP,LA
1791,19636LA0240018,19636,POS,Gold,QHP,LA
1792,19636LA0610005,19636,POS,Silver,QHP,LA
1793,19636LA0610006,19636,POS,Silver,QHP,LA
1794,19636LA0610007,19636,POS,Bronze Expanded,QHP,LA
1795,19636LA0610008,19636,POS,Gold,QHP,LA
1796,19636LA0610010,19636,POS,Silver,QHP,LA
1797,29698MI0540390,29698,HMO,Gold,QHP,MI
1798,40047MI0010001,40047,HMO,Gold,QHP,MI
1799,40047MI0010002,40047,HMO,Silver,QHP,MI
1800,40047MI0080001,40047,HMO,Gold,QHP,MI
1801,40047MI0080002,40047,HMO,Silver,QHP,MI
1802,40047MI0090001,40047,HMO,Silver,QHP,MI
1803,60829MI0190005,60829,HMO,Silver,QHP,MI
1804,60829MI0190009,60829,HMO,Gold,QHP,MI
1805,60829MI0190015,60829,HMO,Bronze Expanded,QHP,MI
1806,60829MI0190016,60829,HMO,Gold,QHP,MI
1807,60829MI0190017,60829,HMO,Silver,QHP,MI
1808,60829MI0190018,60829,HMO,Platinum,QHP,MI
1809,60829MI0190020,60829,HMO,Silver,QHP,MI
1810,60829MI0190026,60829,HMO,Catastrophic,QHP,MI
1811,60829MI0200005,60829,HMO,Catastrophic,QHP,MI
1812,60829MI0200007,60829,HMO,Gold,QHP,MI
1813,60829MI0200015,60829,HMO,Platinum,QHP,MI
1814,60829MI0200017,60829,HMO,Silver,QHP,MI
1815,60829MI0210006,60829,HMO,Bronze Expanded,QHP,MI
1816,60829MI0220002,60829,HMO,Bronze Expanded,QHP,MI
1817,74917MI0020004,74917,HMO,Catastrophic,QHP,MI
1818,74917MI0020005,74917,HMO,Silver,QHP,MI
1819,74917MI0020006,74917,HMO,Gold,QHP,MI
1820,74917MI0020011,74917,HMO,Bronze,QHP,MI
1821,74917MI0020013,74917,HMO,Bronze Expanded,QHP,MI
1822,15560MI0350001,15560,PPO,Catastrophic,QHP,MI
1823,15560MI0350002,15560,PPO,Bronze Expanded,QHP,MI
1824,15560MI0350003,15560,PPO,Silver,QHP,MI
1825,15560MI0350004,15560,PPO,Gold,QHP,MI
1826,15560MI0350005,15560,PPO,Bronze,QHP,MI
1827,15560MI0350006,15560,PPO,Silver,QHP,MI
1828,15560MI1120001,15560,PPO,Bronze Expanded,QHP,MI
1829,15560MI1130001,15560,PPO,Silver,QHP,MI
1830,98185MI0180001,98185,HMO,Catastrophic,QHP,MI
1831,98185MI0180004,98185,HMO,Silver,QHP,MI
1832,98185MI0180005,98185,HMO,Silver,QHP,MI
1833,98185MI0180009,98185,HMO,Gold,QHP,MI
1834,98185MI0180011,98185,HMO,Silver,QHP,MI
1835,98185MI0180012,98185,HMO,Silver,QHP,MI
1836,98185MI0180014,98185,HMO,Silver,QHP,MI
1837,98185MI0180015,98185,HMO,Silver,QHP,MI
1838,98185MI0440001,98185,HMO,Bronze Expanded,QHP,MI
1839,98185MI0440005,98185,HMO,Bronze Expanded,QHP,MI
1840,98185MI0440006,98185,HMO,Bronze Expanded,QHP,MI
1841,98185MI0440008,98185,HMO,Bronze Expanded,QHP,MI
1842,98185MI0440009,98185,HMO,Bronze Expanded,QHP,MI
1843,98185MI0550001,98185,HMO,Silver,QHP,MI
1844,98185MI0550002,98185,HMO,Silver,QHP,MI
1845,98185MI0550004,98185,HMO,Silver,QHP,MI
1846,77739MI0070003,77739,EPO,Bronze Expanded,QHP,MI
1847,77739MI0070005,77739,EPO,Bronze Expanded,QHP,MI
1848,77739MI0070006,77739,EPO,Silver,QHP,MI
1849,77739MI0070008,77739,EPO,Silver,QHP,MI
1850,77739MI0070011,77739,EPO,Catastrophic,QHP,MI
1851,77739MI0070013,77739,EPO,Gold,QHP,MI
1852,58996MI0700001,58996,EPO,Bronze Expanded,QHP,MI
1853,58996MI0700002,58996,EPO,Bronze Expanded,QHP,MI
1854,58996MI0700003,58996,EPO,Bronze Expanded,QHP,MI
1855,58996MI0700004,58996,EPO,Bronze Expanded,QHP,MI
1856,58996MI0700005,58996,EPO,Silver,QHP,MI
1857,58996MI0700006,58996,EPO,Silver,QHP,MI
1858,58996MI0700007,58996,EPO,Silver,QHP,MI
1859,58996MI0700008,58996,EPO,Gold,QHP,MI
1860,71667MI0010012,71667,HMO,Bronze Expanded,QHP,MI
1861,71667MI0010013,71667,HMO,Bronze Expanded,QHP,MI
1862,71667MI0010014,71667,HMO,Bronze,QHP,MI
1863,71667MI0010015,71667,HMO,Bronze Expanded,QHP,MI
1864,71667MI0010016,71667,HMO,Silver,QHP,MI
1865,71667MI0010017,71667,HMO,Silver,QHP,MI
1866,71667MI0010018,71667,HMO,Silver,QHP,MI
1867,71667MI0010019,71667,HMO,Silver,QHP,MI
1868,71667MI0010020,71667,HMO,Silver,QHP,MI
1869,71667MI0010021,71667,HMO,Silver,QHP,MI
1870,71667MI0010022,71667,HMO,Gold,QHP,MI
1871,71667MI0010023,71667,HMO,Gold,QHP,MI
1872,71667MI0010024,71667,HMO,Gold,QHP,MI
1873,71667MI0010025,71667,HMO,Gold,QHP,MI
1874,29698MI0540500,29698,HMO,Bronze Expanded,QHP,MI
1875,29698MI0540501,29698,HMO,Bronze Expanded,QHP,MI
1876,29698MI0540502,29698,HMO,Bronze Expanded,QHP,MI
1877,29698MI0540503,29698,HMO,Bronze Expanded,QHP,MI
1878,29698MI0540504,29698,HMO,Bronze Expanded,QHP,MI
1879,29698MI0540505,29698,HMO,Bronze Expanded,QHP,MI
1880,29698MI0540510,29698,HMO,Bronze Expanded,QHP,MI
1881,29698MI0540511,29698,HMO,Bronze Expanded,QHP,MI
1882,29698MI0540512,29698,HMO,Bronze Expanded,QHP,MI
1883,29698MI0540513,29698,HMO,Bronze Expanded,QHP,MI
1884,29698MI0540514,29698,HMO,Bronze Expanded,QHP,MI
1885,29698MI0540515,29698,HMO,Bronze Expanded,QHP,MI
1886,29698MI0540516,29698,HMO,Bronze Expanded,QHP,MI
1887,29698MI0540517,29698,HMO,Bronze Expanded,QHP,MI
1888,29698MI0540520,29698,HMO,Silver,QHP,MI
1889,29698MI0540521,29698,HMO,Silver,QHP,MI
1890,29698MI0540522,29698,HMO,Silver,QHP,MI
1891,29698MI0540523,29698,HMO,Silver,QHP,MI
1892,29698MI0540524,29698,HMO,Silver,QHP,MI
1893,29698MI0540525,29698,HMO,Silver,QHP,MI
1894,29698MI0540540,29698,HMO,Silver,QHP,MI
1895,29698MI0540541,29698,HMO,Silver,QHP,MI
1896,29698MI0540542,29698,HMO,Silver,QHP,MI
1897,29698MI0540543,29698,HMO,Silver,QHP,MI
1898,29698MI0540544,29698,HMO,Silver,QHP,MI
1899,29698MI0540545,29698,HMO,Silver,QHP,MI
1900,29698MI0540560,29698,HMO,Silver,QHP,MI
1901,29698MI0540561,29698,HMO,Silver,QHP,MI
1902,29698MI0540562,29698,HMO,Silver,QHP,MI
1903,29698MI0540563,29698,HMO,Silver,QHP,MI
1904,29698MI0540564,29698,HMO,Silver,QHP,MI
1905,29698MI0540565,29698,HMO,Silver,QHP,MI
1906,29698MI0540566,29698,HMO,Silver,QHP,MI
1907,29698MI0540567,29698,HMO,Silver,QHP,MI
1908,29698MI0540595,29698,HMO,Gold,QHP,MI
1909,29698MI0540596,29698,HMO,Gold,QHP,MI
1910,29698MI0540597,29698,HMO,Gold,QHP,MI
1911,29698MI0540598,29698,HMO,Gold,QHP,MI
1912,29698MI0540599,29698,HMO,Gold,QHP,MI
1913,40047MI0010004,40047,HMO,Silver,QHP,MI
1914,40047MI0010007,40047,HMO,Silver,QHP,MI
1915,58594MI0030001,58594,HMO,Bronze,QHP,MI
1916,58594MI0030002,58594,HMO,Bronze Expanded,QHP,MI
1917,58594MI0030004,58594,HMO,Silver,QHP,MI
1918,58594MI0030005,58594,HMO,Silver,QHP,MI
1919,58594MI0030008,58594,HMO,Gold,QHP,MI
1920,58594MI0030013,58594,HMO,Bronze Expanded,QHP,MI
1921,58594MI0030015,58594,HMO,Bronze Expanded,QHP,MI
1922,58594MI0030016,58594,HMO,Bronze Expanded,QHP,MI
1923,58594MI0030017,58594,HMO,Silver,QHP,MI
1924,58594MI0030018,58594,HMO,Silver,QHP,MI
1925,58594MI0030019,58594,HMO,Silver,QHP,MI
1926,58594MI0030020,58594,HMO,Gold,QHP,MI
1927,58594MI0040001,58594,HMO,Bronze,QHP,MI
1928,58594MI0040002,58594,HMO,Bronze Expanded,QHP,MI
1929,58594MI0040004,58594,HMO,Silver,QHP,MI
1930,58594MI0040008,58594,HMO,Gold,QHP,MI
1931,58594MI0040013,58594,HMO,Bronze Expanded,QHP,MI
1932,58594MI0040015,58594,HMO,Bronze Expanded,QHP,MI
1933,58594MI0040016,58594,HMO,Bronze Expanded,QHP,MI
1934,58594MI0040018,58594,HMO,Silver,QHP,MI
1935,58594MI0040019,58594,HMO,Silver,QHP,MI
1936,58594MI0040020,58594,HMO,Gold,QHP,MI
1937,58594MI0040021,58594,HMO,Silver,QHP,MI
1938,58594MI0070001,58594,HMO,Bronze Expanded,QHP,MI
1939,58594MI0070002,58594,HMO,Silver,QHP,MI
1940,58594MI0070003,58594,HMO,Gold,QHP,MI
1941,60829MI0190027,60829,HMO,Gold,QHP,MI
1942,60829MI0190030,60829,HMO,Bronze Expanded,QHP,MI
1943,60829MI0190031,60829,HMO,Bronze Expanded,QHP,MI
1944,74917MI0020014,74917,HMO,Silver,QHP,MI
1945,74917MI0020015,74917,HMO,Bronze,QHP,MI
1946,98185MI0180024,98185,HMO,Catastrophic,QHP,MI
1947,98185MI0440012,98185,HMO,Bronze Expanded,QHP,MI
1948,77739MI0070002,77739,EPO,Bronze Expanded,QHP,MI
1949,77739MI0070012,77739,EPO,Bronze Expanded,QHP,MI
1950,77739MI0070014,77739,EPO,Bronze Expanded,QHP,MI
1951,77739MI0070015,77739,EPO,Silver,QHP,MI
1952,77739MI0070020,77739,EPO,Gold,QHP,MI
1953,77739MI0070021,77739,EPO,Bronze Expanded,QHP,MI
1954,77739MI0070022,77739,EPO,Bronze Expanded,QHP,MI
1955,77739MI0070024,77739,EPO,Bronze Expanded,QHP,MI
1956,77739MI0070025,77739,EPO,Silver,QHP,MI
1957,77739MI0070026,77739,EPO,Silver,QHP,MI
1958,77739MI0070027,77739,EPO,Silver,QHP,MI
1959,77739MI0070028,77739,EPO,Silver,QHP,MI
1960,77739MI0070029,77739,EPO,Silver,QHP,MI
1961,77739MI0070030,77739,EPO,Silver,QHP,MI
1962,77739MI0070033,77739,EPO,Gold,QHP,MI
1963,77739MI0070035,77739,EPO,Gold,QHP,MI
1964,77739MI0070036,77739,EPO,Gold,QHP,MI
1965,77739MI0070037,77739,EPO,Gold,QHP,MI
1966,77739MI0070038,77739,EPO,Bronze Expanded,QHP,MI
1967,77739MI0070039,77739,EPO,Bronze Expanded,QHP,MI
1968,77739MI0070042,77739,EPO,Bronze Expanded,QHP,MI
1969,77739MI0070043,77739,EPO,Bronze Expanded,QHP,MI
1970,47840MO0010001,47840,EPO,Gold,QHP,MO
1971,47840MO0010002,47840,EPO,Silver,QHP,MO
1972,47840MO0010003,47840,EPO,Bronze Expanded,QHP,MO
1973,47840MO0010004,47840,EPO,Silver,QHP,MO
1974,47840MO0010005,47840,EPO,Gold,QHP,MO
1975,47840MO0010006,47840,EPO,Silver,QHP,MO
1976,47840MO0010007,47840,EPO,Bronze,QHP,MO
1977,47840MO0010008,47840,EPO,Silver,QHP,MO
1978,47840MO0010009,47840,EPO,Bronze Expanded,QHP,MO
1979,47840MO0010010,47840,EPO,Catastrophic,QHP,MO
1980,99723MO0090001,99723,EPO,Bronze,QHP,MO
1981,99723MO0090004,99723,EPO,Silver,QHP,MO
1982,99723MO0090009,99723,EPO,Bronze,QHP,MO
1983,99723MO0090010,99723,EPO,Silver,QHP,MO
1984,99723MO0090011,99723,EPO,Silver,QHP,MO
1985,99723MO0090016,99723,EPO,Gold,QHP,MO
1986,99723MO0090018,99723,EPO,Bronze Expanded,QHP,MO
1987,99723MO0090026,99723,EPO,Gold,QHP,MO
1988,99723MO0110008,99723,EPO,Bronze,QHP,MO
1989,99723MO0110009,99723,EPO,Bronze Expanded,QHP,MO
1990,99723MO0110010,99723,EPO,Gold,QHP,MO
1991,99723MO0110014,99723,EPO,Silver,QHP,MO
1992,99723MO0110018,99723,EPO,Bronze,QHP,MO
1993,99723MO0110020,99723,EPO,Gold,QHP,MO
1994,32753MO0950001,32753,EPO,Gold,QHP,MO
1995,32753MO0950002,32753,EPO,Silver,QHP,MO
1996,32753MO0950003,32753,EPO,Bronze Expanded,QHP,MO
1997,32753MO0950004,32753,EPO,Bronze Expanded,QHP,MO
1998,32753MO0950005,32753,EPO,Bronze Expanded,QHP,MO
1999,32753MO0950006,32753,EPO,Silver,QHP,MO
2000,32753MO0950007,32753,EPO,Silver,QHP,MO
2001,32753MO0950008,32753,EPO,Bronze Expanded,QHP,MO
2002,32753MO0950012,32753,EPO,Silver,QHP,MO
2003,32753MO0950013,32753,EPO,Silver,QHP,MO
2004,32753MO0950015,32753,EPO,Silver,QHP,MO
2005,32753MO0950016,32753,EPO,Catastrophic,QHP,MO
2006,32753MO0950017,32753,EPO,Bronze Expanded,QHP,MO
2007,53461MO0010001,53461,EPO,Gold,QHP,MO
2008,53461MO0010003,53461,EPO,Silver,QHP,MO
2009,53461MO0010011,53461,EPO,Bronze Expanded,QHP,MO
2010,53461MO0010013,53461,EPO,Catastrophic,QHP,MO
2011,53461MO0010025,53461,EPO,Gold,QHP,MO
2012,53461MO0010029,53461,EPO,Bronze Expanded,QHP,MO
2013,96384MO0220001,96384,EPO,Bronze Expanded,QHP,MO
2014,96384MO0220003,96384,EPO,Silver,QHP,MO
2015,96384MO0220005,96384,EPO,Silver,QHP,MO
2016,96384MO0220006,96384,EPO,Silver,QHP,MO
2017,96384MO0220007,96384,EPO,Gold,QHP,MO
2018,74483MO0040002,74483,EPO,Bronze Expanded,QHP,MO
2019,74483MO0040004,74483,EPO,Silver,QHP,MO
2020,74483MO0040005,74483,EPO,Silver,QHP,MO
2021,74483MO0040008,74483,EPO,Gold,QHP,MO
2022,74483MO0040012,74483,EPO,Bronze Expanded,QHP,MO
2023,74483MO0040015,74483,EPO,Silver,QHP,MO
2024,74483MO0040016,74483,EPO,Silver,QHP,MO
2025,74483MO0040018,74483,EPO,Gold,QHP,MO
2026,74483MO0040019,74483,EPO,Bronze Expanded,QHP,MO
2027,74483MO0040022,74483,EPO,Bronze Expanded,QHP,MO
2028,69512MO0010003,69512,EPO,Bronze Expanded,QHP,MO
2029,69512MO0010005,69512,EPO,Bronze Expanded,QHP,MO
2030,69512MO0010006,69512,EPO,Silver,QHP,MO
2031,69512MO0010008,69512,EPO,Silver,QHP,MO
2032,69512MO0010011,69512,EPO,Catastrophic,QHP,MO
2033,69512MO0010013,69512,EPO,Gold,QHP,MO
2034,34762MO0590001,34762,EPO,Bronze Expanded,QHP,MO
2035,34762MO0590002,34762,EPO,Silver,QHP,MO
2036,34762MO0590003,34762,EPO,Bronze Expanded,QHP,MO
2037,34762MO0590004,34762,EPO,Silver,QHP,MO
2038,34762MO0590005,34762,EPO,Bronze Expanded,QHP,MO
2039,34762MO0590009,34762,EPO,Silver,QHP,MO
2040,34762MO0590010,34762,EPO,Bronze Expanded,QHP,MO
2041,34762MO0590013,34762,EPO,Gold,QHP,MO
2042,34762MO0590014,34762,EPO,Bronze Expanded,QHP,MO
2043,34762MO0590015,34762,EPO,Silver,QHP,MO
2044,34762MO0590016,34762,EPO,Bronze Expanded,QHP,MO
2045,48161MO0200001,48161,EPO,Bronze Expanded,QHP,MO
2046,48161MO0200002,48161,EPO,Bronze Expanded,QHP,MO
2047,48161MO0200003,48161,EPO,Bronze Expanded,QHP,MO
2048,48161MO0200004,48161,EPO,Bronze,QHP,MO
2049,48161MO0200005,48161,EPO,Bronze,QHP,MO
2050,48161MO0200006,48161,EPO,Bronze,QHP,MO
2051,48161MO0200007,48161,EPO,Gold,QHP,MO
2052,48161MO0200008,48161,EPO,Gold,QHP,MO
2053,48161MO0200009,48161,EPO,Gold,QHP,MO
2054,48161MO0200010,48161,EPO,Silver,QHP,MO
2055,48161MO0200011,48161,EPO,Silver,QHP,MO
2056,48161MO0200012,48161,EPO,Silver,QHP,MO
2057,48161MO0200013,48161,EPO,Silver,QHP,MO
2058,48161MO0200014,48161,EPO,Silver,QHP,MO
2059,48161MO0200015,48161,EPO,Silver,QHP,MO
2060,99723MO0090023,99723,EPO,Bronze Expanded,QHP,MO
2061,99723MO0090036,99723,EPO,Silver,QHP,MO
2062,99723MO0090037,99723,EPO,Silver,QHP,MO
2063,99723MO0090039,99723,EPO,Bronze Expanded,QHP,MO
2064,99723MO0090044,99723,EPO,Silver,QHP,MO
2065,99723MO0090046,99723,EPO,Silver,QHP,MO
2066,99723MO0090048,99723,EPO,Bronze Expanded,QHP,MO
2067,99723MO0090051,99723,EPO,Bronze Expanded,QHP,MO
2068,99723MO0090053,99723,EPO,Bronze Expanded,QHP,MO
2069,99723MO0090054,99723,EPO,Bronze Expanded,QHP,MO
2070,99723MO0090056,99723,EPO,Bronze Expanded,QHP,MO
2071,99723MO0090057,99723,EPO,Silver,QHP,MO
2072,99723MO0090058,99723,EPO,Silver,QHP,MO
2073,99723MO0090059,99723,EPO,Silver,QHP,MO
2074,99723MO0090063,99723,EPO,Gold,QHP,MO
2075,99723MO0090064,99723,EPO,Gold,QHP,MO
2076,99723MO0110013,99723,EPO,Silver,QHP,MO
2077,99723MO0110023,99723,EPO,Bronze Expanded,QHP,MO
2078,99723MO0110036,99723,EPO,Silver,QHP,MO
2079,99723MO0110037,99723,EPO,Silver,QHP,MO
2080,99723MO0110039,99723,EPO,Bronze Expanded,QHP,MO
2081,99723MO0110044,99723,EPO,Silver,QHP,MO
2082,99723MO0110048,99723,EPO,Bronze Expanded,QHP,MO
2083,99723MO0110051,99723,EPO,Bronze Expanded,QHP,MO
2084,99723MO0110053,99723,EPO,Bronze Expanded,QHP,MO
2085,99723MO0110054,99723,EPO,Bronze Expanded,QHP,MO
2086,99723MO0110056,99723,EPO,Bronze Expanded,QHP,MO
2087,99723MO0110058,99723,EPO,Silver,QHP,MO
2088,99723MO0110059,99723,EPO,Silver,QHP,MO
2089,99723MO0110063,99723,EPO,Gold,QHP,MO
2090,99723MO0110064,99723,EPO,Gold,QHP,MO
2091,99723MO0110066,99723,EPO,Silver,QHP,MO
2092,53461MO0010035,53461,EPO,Bronze,QHP,MO
2093,53461MO0010036,53461,EPO,Bronze,QHP,MO
2094,53461MO0010037,53461,EPO,Bronze Expanded,QHP,MO
2095,53461MO0070001,53461,EPO,Gold,QHP,MO
2096,53461MO0070003,53461,EPO,Silver,QHP,MO
2097,53461MO0070011,53461,EPO,Bronze Expanded,QHP,MO
2098,53461MO0070013,53461,EPO,Catastrophic,QHP,MO
2099,53461MO0070025,53461,EPO,Gold,QHP,MO
2100,53461MO0070027,53461,EPO,Silver,QHP,MO
2101,53461MO0070029,53461,EPO,Bronze Expanded,QHP,MO
2102,53461MO0070035,53461,EPO,Bronze,QHP,MO
2103,53461MO0070041,53461,EPO,Bronze Expanded,QHP,MO
2104,53461MO0070042,53461,EPO,Bronze Expanded,QHP,MO
2105,53461MO0080001,53461,EPO,Gold,QHP,MO
2106,53461MO0080003,53461,EPO,Silver,QHP,MO
2107,53461MO0080011,53461,EPO,Bronze Expanded,QHP,MO
2108,53461MO0080013,53461,EPO,Catastrophic,QHP,MO
2109,53461MO0080025,53461,EPO,Gold,QHP,MO
2110,53461MO0080027,53461,EPO,Silver,QHP,MO
2111,53461MO0080029,53461,EPO,Bronze Expanded,QHP,MO
2112,53461MO0080035,53461,EPO,Bronze,QHP,MO
2113,53461MO0080041,53461,EPO,Bronze Expanded,QHP,MO
2114,53461MO0080042,53461,EPO,Bronze Expanded,QHP,MO
2115,96384MO0220008,96384,EPO,Bronze Expanded,QHP,MO
2116,96384MO0220009,96384,EPO,Silver,QHP,MO
2117,74483MO0040035,74483,EPO,Bronze,QHP,MO
2118,74483MO0040036,74483,EPO,Silver,QHP,MO
2119,74483MO0040037,74483,EPO,Silver,QHP,MO
2120,74483MO0040038,74483,EPO,Silver,QHP,MO
2121,74483MO0040041,74483,EPO,Bronze,QHP,MO
2122,74483MO0040042,74483,EPO,Silver,QHP,MO
2123,74483MO0040043,74483,EPO,Silver,QHP,MO
2124,74483MO0040044,74483,EPO,Silver,QHP,MO
2125,74483MO0040047,74483,EPO,Bronze Expanded,QHP,MO
2126,74483MO0040048,74483,EPO,Bronze Expanded,QHP,MO
2127,74483MO0040049,74483,EPO,Gold,QHP,MO
2128,74483MO0040050,74483,EPO,Bronze,QHP,MO
2129,74483MO0040053,74483,EPO,Silver,QHP,MO
2130,74483MO0040055,74483,EPO,Bronze Expanded,QHP,MO
2131,74483MO0040057,74483,EPO,Silver,QHP,MO
2132,74483MO0040058,74483,EPO,Silver,QHP,MO
2133,74483MO0040059,74483,EPO,Gold,QHP,MO
2134,74483MO0040061,74483,EPO,Bronze Expanded,QHP,MO
2135,74483MO0040063,74483,EPO,Silver,QHP,MO
2136,74483MO0040064,74483,EPO,Silver,QHP,MO
2137,74483MO0040065,74483,EPO,Gold,QHP,MO
2138,74483MO0040067,74483,EPO,Bronze Expanded,QHP,MO
2139,74483MO0040071,74483,EPO,Gold,QHP,MO
2140,69512MO0010002,69512,EPO,Bronze Expanded,QHP,MO
2141,69512MO0010012,69512,EPO,Bronze Expanded,QHP,MO
2142,69512MO0010014,69512,EPO,Bronze Expanded,QHP,MO
2143,69512MO0010015,69512,EPO,Silver,QHP,MO
2144,69512MO0010020,69512,EPO,Gold,QHP,MO
2145,69512MO0010021,69512,EPO,Bronze Expanded,QHP,MO
2146,69512MO0010022,69512,EPO,Bronze Expanded,QHP,MO
2147,69512MO0010024,69512,EPO,Bronze Expanded,QHP,MO
2148,69512MO0010025,69512,EPO,Silver,QHP,MO
2149,69512MO0010026,69512,EPO,Silver,QHP,MO
2150,69512MO0010027,69512,EPO,Silver,QHP,MO
2151,69512MO0010028,69512,EPO,Silver,QHP,MO
2152,69512MO0010029,69512,EPO,Silver,QHP,MO
2153,69512MO0010030,69512,EPO,Silver,QHP,MO
2154,69512MO0010033,69512,EPO,Gold,QHP,MO
2155,69512MO0010035,69512,EPO,Gold,QHP,MO
2156,69512MO0010036,69512,EPO,Gold,QHP,MO
2157,69512MO0010037,69512,EPO,Gold,QHP,MO
2158,69512MO0010038,69512,EPO,Bronze,QHP,MO
2159,69512MO0010039,69512,EPO,Bronze Expanded,QHP,MO
2160,69512MO0010042,69512,EPO,Bronze Expanded,QHP,MO
2161,69512MO0010043,69512,EPO,Bronze Expanded,QHP,MO
2162,69512MO0010045,69512,EPO,Silver,QHP,MO
2163,90714MS0010011,90714,HMO,Silver,QHP,MS
2164,90714MS0010014,90714,HMO,Silver,QHP,MS
2165,90714MS0010016,90714,HMO,Bronze Expanded,QHP,MS
2166,90714MS0010019,90714,HMO,Gold,QHP,MS
2167,90714MS0010052,90714,HMO,Bronze Expanded,QHP,MS
2168,90714MS0030010,90714,HMO,Bronze Expanded,QHP,MS
2169,90714MS0030014,90714,HMO,Silver,QHP,MS
2170,90714MS0030019,90714,HMO,Gold,QHP,MS
2171,79975MS0010001,79975,HMO,Gold,QHP,MS
2172,79975MS0010002,79975,HMO,Silver,QHP,MS
2173,79975MS0010003,79975,HMO,Bronze,QHP,MS
2174,79975MS0020001,79975,HMO,Gold,QHP,MS
2175,79975MS0020002,79975,HMO,Silver,QHP,MS
2176,79975MS0030001,79975,HMO,Silver,QHP,MS
2177,14624MS0010001,14624,POS,Bronze Expanded,QHP,MS
2178,14624MS0010002,14624,POS,Gold,QHP,MS
2179,14624MS0010004,14624,POS,Silver,QHP,MS
2180,14624MS0010005,14624,POS,Bronze Expanded,QHP,MS
2181,14624MS0010006,14624,POS,Bronze Expanded,QHP,MS
2182,56766MS0010001,56766,EPO,Bronze,QHP,MS
2183,56766MS0010002,56766,EPO,Bronze Expanded,QHP,MS
2184,56766MS0010003,56766,EPO,Bronze Expanded,QHP,MS
2185,56766MS0010004,56766,EPO,Silver,QHP,MS
2186,56766MS0010005,56766,EPO,Silver,QHP,MS
2187,56766MS0010006,56766,EPO,Silver,QHP,MS
2188,56766MS0010007,56766,EPO,Silver,QHP,MS
2189,56766MS0010008,56766,EPO,Silver,QHP,MS
2190,56766MS0010009,56766,EPO,Silver,QHP,MS
2191,56766MS0010010,56766,EPO,Gold,QHP,MS
2192,90714MS0010028,90714,HMO,Silver,QHP,MS
2193,90714MS0010053,90714,HMO,Bronze,QHP,MS
2194,90714MS0010055,90714,HMO,Bronze Expanded,QHP,MS
2195,90714MS0010056,90714,HMO,Bronze Expanded,QHP,MS
2196,90714MS0010057,90714,HMO,Silver,QHP,MS
2197,90714MS0010058,90714,HMO,Silver,QHP,MS
2198,90714MS0010059,90714,HMO,Silver,QHP,MS
2199,90714MS0010060,90714,HMO,Gold,QHP,MS
2200,90714MS0030026,90714,HMO,Silver,QHP,MS
2201,90714MS0030052,90714,HMO,Bronze Expanded,QHP,MS
2202,90714MS0030053,90714,HMO,Bronze,QHP,MS
2203,90714MS0030055,90714,HMO,Bronze Expanded,QHP,MS
2204,90714MS0030056,90714,HMO,Bronze Expanded,QHP,MS
2205,90714MS0030058,90714,HMO,Silver,QHP,MS
2206,90714MS0030059,90714,HMO,Silver,QHP,MS
2207,90714MS0030060,90714,HMO,Gold,QHP,MS
2208,90714MS0030061,90714,HMO,Silver,QHP,MS
2209,90714MS0060001,90714,HMO,Bronze Expanded,QHP,MS
2210,90714MS0060002,90714,HMO,Silver,QHP,MS
2211,79975MS0010004,79975,HMO,Silver,QHP,MS
2212,79975MS0010005,79975,HMO,Bronze Expanded,QHP,MS
2213,79975MS0010007,79975,HMO,Silver,QHP,MS
2214,32225MT0060004,32225,PPO,Gold,QHP,MT
2215,32225MT0060005,32225,PPO,Silver,QHP,MT
2216,32225MT0060006,32225,PPO,Bronze Expanded,QHP,MT
2217,32225MT0090001,32225,PPO,Gold,QHP,MT
2218,32225MT0090002,32225,PPO,Silver,QHP,MT
2219,32225MT0090003,32225,PPO,Bronze Expanded,QHP,MT
2220,32225MT0090004,32225,PPO,Bronze Expanded,QHP,MT
2221,32225MT0090005,32225,PPO,Silver,QHP,MT
2222,32225MT0090006,32225,PPO,Catastrophic,QHP,MT
2223,32225MT0090007,32225,PPO,Bronze Expanded,QHP,MT
2224,23603MT0290001,23603,PPO,Bronze Expanded,QHP,MT
2225,23603MT0290002,23603,PPO,Silver,QHP,MT
2226,23603MT0290003,23603,PPO,Gold,QHP,MT
2227,23603MT0290007,23603,PPO,Bronze Expanded,QHP,MT
2228,23603MT0290008,23603,PPO,Silver,QHP,MT
2229,30751MT0550038,30751,PPO,Gold,QHP,MT
2230,30751MT0550039,30751,PPO,Silver,QHP,MT
2231,30751MT0550040,30751,PPO,Bronze Expanded,QHP,MT
2232,30751MT0550041,30751,PPO,Bronze Expanded,QHP,MT
2233,30751MT0550042,30751,PPO,Catastrophic,QHP,MT
2234,30751MT0550043,30751,PPO,Gold,QHP,MT
2235,30751MT0550044,30751,PPO,Gold,QHP,MT
2236,30751MT0550045,30751,PPO,Gold,QHP,MT
2237,30751MT0550046,30751,PPO,Silver,QHP,MT
2238,30751MT0550047,30751,PPO,Silver,QHP,MT
2239,30751MT0550048,30751,PPO,Silver,QHP,MT
2240,30751MT0550049,30751,PPO,Bronze Expanded,QHP,MT
2241,30751MT0550050,30751,PPO,Bronze Expanded,QHP,MT
2242,30751MT0550051,30751,PPO,Bronze Expanded,QHP,MT
2243,30751MT0550052,30751,PPO,Bronze Expanded,QHP,MT
2244,30751MT0550053,30751,PPO,Bronze Expanded,QHP,MT
2245,30751MT0550054,30751,PPO,Bronze Expanded,QHP,MT
2246,30751MT0550055,30751,PPO,Catastrophic,QHP,MT
2247,30751MT0550056,30751,PPO,Catastrophic,QHP,MT
2248,30751MT0550057,30751,PPO,Catastrophic,QHP,MT
2249,30751MT0550061,30751,PPO,Silver,QHP,MT
2250,30751MT0550071,30751,PPO,Silver,QHP,MT
2251,30751MT0550072,30751,PPO,Silver,QHP,MT
2252,30751MT0550073,30751,PPO,Silver,QHP,MT
2253,30751MT0550074,30751,PPO,Bronze,QHP,MT
2254,30751MT0550075,30751,PPO,Bronze,QHP,MT
2255,30751MT0550076,30751,PPO,Bronze,QHP,MT
2256,30751MT0550077,30751,PPO,Bronze,QHP,MT
2257,30751MT0650009,30751,HMO,Gold,QHP,MT
2258,30751MT0650012,30751,HMO,Silver,QHP,MT
2259,30751MT0650013,30751,HMO,Bronze Expanded,QHP,MT
2260,30751MT0650014,30751,HMO,Gold,QHP,MT
2261,30751MT0650017,30751,HMO,Silver,QHP,MT
2262,30751MT0650018,30751,HMO,Bronze Expanded,QHP,MT
2263,32225MT0060007,32225,PPO,Bronze Expanded,QHP,MT
2264,32225MT0090008,32225,PPO,Gold,QHP,MT
2265,32225MT0090009,32225,PPO,Silver,QHP,MT
2266,23603MT0290015,23603,PPO,Bronze,QHP,MT
2267,30751MT0650023,30751,HMO,Gold,QHP,MT
2268,30751MT0650024,30751,HMO,Silver,QHP,MT
2269,30751MT0650026,30751,HMO,Bronze Expanded,QHP,MT
2270,77264NC0010002,77264,HMO,Bronze,QHP,NC
2271,77264NC0010003,77264,HMO,Bronze Expanded,QHP,NC
2272,77264NC0010005,77264,HMO,Silver,QHP,NC
2273,77264NC0010007,77264,HMO,Gold,QHP,NC
2274,77264NC0010012,77264,HMO,Silver,QHP,NC
2275,11512NC0060018,11512,PPO,Gold,QHP,NC
2276,11512NC0060020,11512,PPO,Silver,QHP,NC
2277,11512NC0060024,11512,PPO,Bronze Expanded,QHP,NC
2278,11512NC0060027,11512,PPO,Catastrophic,QHP,NC
2279,11512NC0060028,11512,PPO,Silver,QHP,NC
2280,11512NC0060031,11512,PPO,Bronze Expanded,QHP,NC
2281,11512NC0060034,11512,PPO,Bronze,QHP,NC
2282,11512NC0100002,11512,POS,Bronze,QHP,NC
2283,11512NC0100009,11512,POS,Gold,QHP,NC
2284,11512NC0100010,11512,POS,Silver,QHP,NC
2285,11512NC0100011,11512,POS,Silver,QHP,NC
2286,11512NC0100012,11512,POS,Bronze Expanded,QHP,NC
2287,11512NC0100013,11512,POS,Bronze Expanded,QHP,NC
2288,11512NC0100014,11512,POS,Bronze,QHP,NC
2289,11512NC0100015,11512,POS,Catastrophic,QHP,NC
2290,11512NC0100034,11512,POS,Gold,QHP,NC
2291,11512NC0100040,11512,POS,Bronze Expanded,QHP,NC
2292,11512NC0100043,11512,POS,Catastrophic,QHP,NC
2293,11512NC0100044,11512,POS,Silver,QHP,NC
2294,11512NC0100054,11512,POS,Bronze Expanded,QHP,NC
2295,11512NC0140002,11512,POS,Gold,QHP,NC
2296,11512NC0140003,11512,POS,Silver,QHP,NC
2297,11512NC0140004,11512,POS,Silver,QHP,NC
2298,11512NC0140005,11512,POS,Bronze Expanded,QHP,NC
2299,11512NC0140007,11512,POS,Bronze Expanded,QHP,NC
2300,11512NC0140008,11512,POS,Bronze,QHP,NC
2301,11512NC0140009,11512,POS,Catastrophic,QHP,NC
2302,11512NC0310001,11512,POS,Gold,QHP,NC
2303,11512NC0310002,11512,POS,Silver,QHP,NC
2304,11512NC0310003,11512,POS,Silver,QHP,NC
2305,11512NC0310004,11512,POS,Bronze Expanded,QHP,NC
2306,11512NC0310005,11512,POS,Bronze Expanded,QHP,NC
2307,11512NC0310006,11512,POS,Bronze,QHP,NC
2308,11512NC0310007,11512,POS,Catastrophic,QHP,NC
2309,11512NC0320001,11512,POS,Gold,QHP,NC
2310,11512NC0320002,11512,POS,Silver,QHP,NC
2311,11512NC0320003,11512,POS,Silver,QHP,NC
2312,11512NC0320004,11512,POS,Bronze Expanded,QHP,NC
2313,11512NC0320005,11512,POS,Bronze Expanded,QHP,NC
2314,11512NC0320006,11512,POS,Bronze,QHP,NC
2315,11512NC0320007,11512,POS,Catastrophic,QHP,NC
2316,73943NC0070002,73943,HMO,Bronze Expanded,QHP,NC
2317,73943NC0070003,73943,HMO,Bronze,QHP,NC
2318,73943NC0070006,73943,HMO,Silver,QHP,NC
2319,73943NC0070008,73943,HMO,Gold,QHP,NC
2320,73943NC0070014,73943,HMO,Silver,QHP,NC
2321,37900NC0010021,37900,HMO,Gold,QHP,NC
2322,37900NC0010022,37900,HMO,Silver,QHP,NC
2323,37900NC0010023,37900,HMO,Silver,QHP,NC
2324,37900NC0010024,37900,HMO,Silver,QHP,NC
2325,37900NC0010025,37900,HMO,Bronze Expanded,QHP,NC
2326,37900NC0010027,37900,HMO,Bronze Expanded,QHP,NC
2327,37900NC0010028,37900,HMO,Catastrophic,QHP,NC
2328,37900NC0010031,37900,HMO,Gold,QHP,NC
2329,37900NC0010032,37900,HMO,Silver,QHP,NC
2330,37900NC0010033,37900,HMO,Silver,QHP,NC
2331,37900NC0010034,37900,HMO,Silver,QHP,NC
2332,37900NC0010035,37900,HMO,Bronze Expanded,QHP,NC
2333,37900NC0010037,37900,HMO,Bronze Expanded,QHP,NC
2334,37900NC0010038,37900,HMO,Catastrophic,QHP,NC
2335,17414NC0010001,17414,HMO,Silver,QHP,NC
2336,17414NC0010002,17414,HMO,Silver,QHP,NC
2337,17414NC0010003,17414,HMO,Silver,QHP,NC
2338,17414NC0010004,17414,HMO,Bronze,QHP,NC
2339,17414NC0010005,17414,HMO,Bronze Expanded,QHP,NC
2340,17414NC0010006,17414,HMO,Gold,QHP,NC
2341,44007NC0120001,44007,PPO,Bronze Expanded,QHP,NC
2342,44007NC0120002,44007,PPO,Silver,QHP,NC
2343,44007NC0120003,44007,PPO,Gold,QHP,NC
2344,61671NC0100001,61671,HMO,Bronze Expanded,QHP,NC
2345,61671NC0100002,61671,HMO,Bronze,QHP,NC
2346,61671NC0100003,61671,HMO,Gold,QHP,NC
2347,61671NC0100004,61671,HMO,Silver,QHP,NC
2348,61671NC0100005,61671,HMO,Silver,QHP,NC
2349,77320NC0010001,77320,HMO,Catastrophic,QHP,NC
2350,77320NC0010002,77320,HMO,Bronze,QHP,NC
2351,77320NC0010003,77320,HMO,Bronze Expanded,QHP,NC
2352,77320NC0010004,77320,HMO,Bronze Expanded,QHP,NC
2353,77320NC0010005,77320,HMO,Silver,QHP,NC
2354,77320NC0010006,77320,HMO,Gold,QHP,NC
2355,77320NC0010007,77320,HMO,Bronze Expanded,QHP,NC
2356,77320NC0010008,77320,HMO,Silver,QHP,NC
2357,77320NC0010009,77320,HMO,Gold,QHP,NC
2358,54332NC0030011,54332,HMO,Gold,QHP,NC
2359,54332NC0030012,54332,HMO,Silver,QHP,NC
2360,54332NC0030013,54332,HMO,Silver,QHP,NC
2361,54332NC0030014,54332,HMO,Bronze Expanded,QHP,NC
2362,54332NC0030015,54332,HMO,Gold,QHP,NC
2363,54332NC0030016,54332,HMO,Gold,QHP,NC
2364,54332NC0030017,54332,HMO,Silver,QHP,NC
2365,54332NC0030018,54332,HMO,Bronze Expanded,QHP,NC
2366,54332NC0030019,54332,HMO,Bronze,QHP,NC
2367,54332NC0030020,54332,HMO,Silver,QHP,NC
2368,54332NC0030021,54332,HMO,Bronze Expanded,QHP,NC
2369,69803NC0010001,69803,HMO,Bronze Expanded,QHP,NC
2370,69803NC0010002,69803,HMO,Bronze Expanded,QHP,NC
2371,69803NC0010003,69803,HMO,Bronze Expanded,QHP,NC
2372,69803NC0010005,69803,HMO,Bronze Expanded,QHP,NC
2373,69803NC0010006,69803,HMO,Silver,QHP,NC
2374,69803NC0010008,69803,HMO,Silver,QHP,NC
2375,69803NC0010011,69803,HMO,Catastrophic,QHP,NC
2376,69803NC0010012,69803,HMO,Bronze Expanded,QHP,NC
2377,69803NC0010013,69803,HMO,Gold,QHP,NC
2378,69803NC0010014,69803,HMO,Bronze Expanded,QHP,NC
2379,69803NC0010015,69803,HMO,Silver,QHP,NC
2380,69803NC0010017,69803,HMO,Silver,QHP,NC
2381,69803NC0010020,69803,HMO,Gold,QHP,NC
2382,69803NC0010021,69803,HMO,Bronze Expanded,QHP,NC
2383,69803NC0010022,69803,HMO,Bronze Expanded,QHP,NC
2384,69803NC0010023,69803,HMO,Bronze Expanded,QHP,NC
2385,69803NC0010024,69803,HMO,Bronze Expanded,QHP,NC
2386,69803NC0010025,69803,HMO,Silver,QHP,NC
2387,69803NC0010026,69803,HMO,Silver,QHP,NC
2388,69803NC0010027,69803,HMO,Silver,QHP,NC
2389,69803NC0010028,69803,HMO,Silver,QHP,NC
2390,69803NC0010029,69803,HMO,Silver,QHP,NC
2391,69803NC0010030,69803,HMO,Silver,QHP,NC
2392,69803NC0010033,69803,HMO,Gold,QHP,NC
2393,69803NC0010035,69803,HMO,Gold,QHP,NC
2394,69803NC0010036,69803,HMO,Gold,QHP,NC
2395,69803NC0010037,69803,HMO,Gold,QHP,NC
2396,69803NC0010038,69803,HMO,Bronze Expanded,QHP,NC
2397,69803NC0010040,69803,HMO,Bronze Expanded,QHP,NC
2398,69803NC0010041,69803,HMO,Bronze Expanded,QHP,NC
2399,69803NC0010042,69803,HMO,Bronze Expanded,QHP,NC
2400,69803NC0010043,69803,HMO,Bronze Expanded,QHP,NC
2401,69803NC0010044,69803,HMO,Silver,QHP,NC
2402,69803NC0010045,69803,HMO,Silver,QHP,NC
2403,77264NC0010028,77264,HMO,Bronze Expanded,QHP,NC
2404,77264NC0010034,77264,HMO,Bronze Expanded,QHP,NC
2405,77264NC0010035,77264,HMO,Bronze Expanded,QHP,NC
2406,77264NC0010036,77264,HMO,Bronze Expanded,QHP,NC
2407,77264NC0010037,77264,HMO,Silver,QHP,NC
2408,77264NC0010038,77264,HMO,Silver,QHP,NC
2409,77264NC0010039,77264,HMO,Silver,QHP,NC
2410,77264NC0010040,77264,HMO,Gold,QHP,NC
2411,77264NC0020002,77264,HMO,Bronze,QHP,NC
2412,77264NC0020003,77264,HMO,Bronze Expanded,QHP,NC
2413,77264NC0020005,77264,HMO,Silver,QHP,NC
2414,77264NC0020007,77264,HMO,Gold,QHP,NC
2415,77264NC0020012,77264,HMO,Silver,QHP,NC
2416,77264NC0020028,77264,HMO,Bronze Expanded,QHP,NC
2417,77264NC0020034,77264,HMO,Bronze Expanded,QHP,NC
2418,77264NC0020035,77264,HMO,Bronze Expanded,QHP,NC
2419,77264NC0020036,77264,HMO,Bronze Expanded,QHP,NC
2420,77264NC0020038,77264,HMO,Silver,QHP,NC
2421,77264NC0020039,77264,HMO,Silver,QHP,NC
2422,77264NC0020040,77264,HMO,Gold,QHP,NC
2423,11512NC0060001,11512,PPO,Silver,QHP,NC
2424,11512NC0060002,11512,PPO,Silver,QHP,NC
2425,11512NC0060003,11512,PPO,Silver,QHP,NC
2426,11512NC0060004,11512,PPO,Bronze Expanded,QHP,NC
2427,11512NC0060011,11512,PPO,Gold,QHP,NC
2428,11512NC0060012,11512,PPO,Silver,QHP,NC
2429,11512NC0060013,11512,PPO,Silver,QHP,NC
2430,11512NC0060014,11512,PPO,Silver,QHP,NC
2431,11512NC0060015,11512,PPO,Silver,QHP,NC
2432,11512NC0060044,11512,PPO,Silver,QHP,NC
2433,11512NC0060045,11512,PPO,Bronze Expanded,QHP,NC
2434,11512NC0060046,11512,PPO,Bronze Expanded,QHP,NC
2435,11512NC0060047,11512,PPO,Bronze Expanded,QHP,NC
2436,11512NC0060048,11512,PPO,Bronze,QHP,NC
2437,11512NC0060049,11512,PPO,Catastrophic,QHP,NC
2438,11512NC0100061,11512,POS,Silver,QHP,NC
2439,11512NC0100062,11512,POS,Silver,QHP,NC
2440,11512NC0100063,11512,POS,Silver,QHP,NC
2441,11512NC0100064,11512,POS,Silver,QHP,NC
2442,11512NC0100065,11512,POS,Silver,QHP,NC
2443,11512NC0100066,11512,POS,Silver,QHP,NC
2444,11512NC0100067,11512,POS,Silver,QHP,NC
2445,11512NC0100070,11512,POS,Bronze Expanded,QHP,NC
2446,11512NC0100071,11512,POS,Bronze Expanded,QHP,NC
2447,11512NC0140010,11512,POS,Silver,QHP,NC
2448,11512NC0140011,11512,POS,Silver,QHP,NC
2449,11512NC0140012,11512,POS,Silver,QHP,NC
2450,11512NC0140014,11512,POS,Bronze Expanded,QHP,NC
2451,11512NC0310008,11512,POS,Gold,QHP,NC
2452,11512NC0310009,11512,POS,Silver,QHP,NC
2453,11512NC0310010,11512,POS,Silver,QHP,NC
2454,11512NC0310011,11512,POS,Bronze Expanded,QHP,NC
2455,11512NC0310012,11512,POS,Bronze Expanded,QHP,NC
2456,11512NC0310013,11512,POS,Bronze,QHP,NC
2457,11512NC0310014,11512,POS,Catastrophic,QHP,NC
2458,11512NC0310015,11512,POS,Gold,QHP,NC
2459,11512NC0310016,11512,POS,Silver,QHP,NC
2460,11512NC0310017,11512,POS,Silver,QHP,NC
2461,11512NC0310018,11512,POS,Silver,QHP,NC
2462,11512NC0310019,11512,POS,Silver,QHP,NC
2463,11512NC0310020,11512,POS,Silver,QHP,NC
2464,11512NC0310021,11512,POS,Silver,QHP,NC
2465,11512NC0310022,11512,POS,Silver,QHP,NC
2466,11512NC0310023,11512,POS,Silver,QHP,NC
2467,11512NC0310024,11512,POS,Silver,QHP,NC
2468,11512NC0310025,11512,POS,Silver,QHP,NC
2469,11512NC0310029,11512,POS,Silver,QHP,NC
2470,11512NC0310030,11512,POS,Bronze Expanded,QHP,NC
2471,11512NC0310031,11512,POS,Bronze Expanded,QHP,NC
2472,11512NC0310032,11512,POS,Bronze Expanded,QHP,NC
2473,11512NC0310033,11512,POS,Bronze Expanded,QHP,NC
2474,11512NC0310034,11512,POS,Bronze Expanded,QHP,NC
2475,11512NC0310035,11512,POS,Bronze,QHP,NC
2476,11512NC0310036,11512,POS,Catastrophic,QHP,NC
2477,11512NC0320008,11512,POS,Gold,QHP,NC
2478,11512NC0320009,11512,POS,Gold,QHP,NC
2479,11512NC0320010,11512,POS,Silver,QHP,NC
2480,11512NC0320011,11512,POS,Silver,QHP,NC
2481,11512NC0320012,11512,POS,Silver,QHP,NC
2482,11512NC0320013,11512,POS,Silver,QHP,NC
2483,11512NC0320014,11512,POS,Silver,QHP,NC
2484,11512NC0320015,11512,POS,Silver,QHP,NC
2485,11512NC0320016,11512,POS,Silver,QHP,NC
2486,11512NC0320017,11512,POS,Silver,QHP,NC
2487,11512NC0320018,11512,POS,Silver,QHP,NC
2488,11512NC0320019,11512,POS,Silver,QHP,NC
2489,11512NC0320020,11512,POS,Silver,QHP,NC
2490,11512NC0320024,11512,POS,Silver,QHP,NC
2491,11512NC0320025,11512,POS,Silver,QHP,NC
2492,11512NC0320026,11512,POS,Bronze Expanded,QHP,NC
2493,11512NC0320027,11512,POS,Bronze Expanded,QHP,NC
2494,11512NC0320028,11512,POS,Bronze Expanded,QHP,NC
2495,11512NC0320029,11512,POS,Bronze Expanded,QHP,NC
2496,11512NC0320030,11512,POS,Bronze Expanded,QHP,NC
2497,11512NC0320031,11512,POS,Bronze Expanded,QHP,NC
2498,11512NC0320032,11512,POS,Bronze Expanded,QHP,NC
2499,11512NC0320033,11512,POS,Bronze,QHP,NC
2500,11512NC0320034,11512,POS,Bronze,QHP,NC
2501,11512NC0320035,11512,POS,Catastrophic,QHP,NC
2502,11512NC0320036,11512,POS,Catastrophic,QHP,NC
2503,11512NC0340001,11512,POS,Gold,QHP,NC
2504,11512NC0340002,11512,POS,Gold,QHP,NC
2505,11512NC0340003,11512,POS,Silver,QHP,NC
2506,11512NC0340004,11512,POS,Silver,QHP,NC
2507,11512NC0340005,11512,POS,Silver,QHP,NC
2508,11512NC0340006,11512,POS,Silver,QHP,NC
2509,11512NC0340007,11512,POS,Bronze Expanded,QHP,NC
2510,11512NC0340008,11512,POS,Bronze Expanded,QHP,NC
2511,11512NC0340009,11512,POS,Bronze Expanded,QHP,NC
2512,11512NC0340010,11512,POS,Bronze Expanded,QHP,NC
2513,11512NC0340011,11512,POS,Bronze,QHP,NC
2514,11512NC0340012,11512,POS,Bronze,QHP,NC
2515,11512NC0340013,11512,POS,Catastrophic,QHP,NC
2516,11512NC0340014,11512,POS,Catastrophic,QHP,NC
2517,11512NC0340015,11512,POS,Silver,QHP,NC
2518,11512NC0340016,11512,POS,Silver,QHP,NC
2519,11512NC0340017,11512,POS,Silver,QHP,NC
2520,11512NC0340018,11512,POS,Silver,QHP,NC
2521,11512NC0340019,11512,POS,Silver,QHP,NC
2522,11512NC0340020,11512,POS,Silver,QHP,NC
2523,11512NC0340023,11512,POS,Bronze Expanded,QHP,NC
2524,11512NC0340024,11512,POS,Bronze Expanded,QHP,NC
2525,73943NC0070022,73943,HMO,Bronze Expanded,QHP,NC
2526,73943NC0070023,73943,HMO,Silver,QHP,NC
2527,73943NC0070026,73943,HMO,Bronze,QHP,NC
2528,73943NC0070027,73943,HMO,Bronze Expanded,QHP,NC
2529,73943NC0070028,73943,HMO,Bronze Expanded,QHP,NC
2530,73943NC0070029,73943,HMO,Silver,QHP,NC
2531,73943NC0070030,73943,HMO,Silver,QHP,NC
2532,73943NC0070031,73943,HMO,Silver,QHP,NC
2533,73943NC0070034,73943,HMO,Gold,QHP,NC
2534,73943NC0070035,73943,HMO,Silver,QHP,NC
2535,73943NC0070036,73943,HMO,Silver,QHP,NC
2536,73943NC0070042,73943,HMO,Bronze Expanded,QHP,NC
2537,73943NC0070043,73943,HMO,Silver,QHP,NC
2538,73943NC0070044,73943,HMO,Silver,QHP,NC
2539,37900NC0010001,37900,HMO,Gold,QHP,NC
2540,37900NC0010002,37900,HMO,Silver,QHP,NC
2541,37900NC0010003,37900,HMO,Silver,QHP,NC
2542,37900NC0010004,37900,HMO,Silver,QHP,NC
2543,37900NC0010005,37900,HMO,Bronze Expanded,QHP,NC
2544,37900NC0010006,37900,HMO,Bronze Expanded,QHP,NC
2545,37900NC0010007,37900,HMO,Bronze Expanded,QHP,NC
2546,37900NC0010008,37900,HMO,Catastrophic,QHP,NC
2547,37900NC0010009,37900,HMO,Bronze Expanded,QHP,NC
2548,37900NC0010010,37900,HMO,Silver,QHP,NC
2549,37900NC0010015,37900,HMO,Bronze Expanded,QHP,NC
2550,37900NC0010029,37900,HMO,Bronze Expanded,QHP,NC
2551,37900NC0010030,37900,HMO,Silver,QHP,NC
2552,37900NC0010039,37900,HMO,Bronze Expanded,QHP,NC
2553,37900NC0010040,37900,HMO,Silver,QHP,NC
2554,37900NC0010043,37900,HMO,Bronze Expanded,QHP,NC
2555,37900NC0010050,37900,HMO,Gold,QHP,NC
2556,37900NC0010051,37900,HMO,Silver,QHP,NC
2557,37900NC0010052,37900,HMO,Silver,QHP,NC
2558,37900NC0010053,37900,HMO,Silver,QHP,NC
2559,37900NC0010054,37900,HMO,Bronze Expanded,QHP,NC
2560,37900NC0010055,37900,HMO,Bronze Expanded,QHP,NC
2561,37900NC0010056,37900,HMO,Bronze Expanded,QHP,NC
2562,37900NC0010057,37900,HMO,Catastrophic,QHP,NC
2563,37900NC0010058,37900,HMO,Bronze Expanded,QHP,NC
2564,37900NC0010059,37900,HMO,Silver,QHP,NC
2565,37900NC0010070,37900,HMO,Gold,QHP,NC
2566,37900NC0010071,37900,HMO,Silver,QHP,NC
2567,37900NC0010072,37900,HMO,Silver,QHP,NC
2568,37900NC0010073,37900,HMO,Silver,QHP,NC
2569,37900NC0010074,37900,HMO,Bronze Expanded,QHP,NC
2570,37900NC0010075,37900,HMO,Bronze Expanded,QHP,NC
2571,37900NC0010076,37900,HMO,Bronze Expanded,QHP,NC
2572,37900NC0010077,37900,HMO,Catastrophic,QHP,NC
2573,37900NC0010078,37900,HMO,Bronze Expanded,QHP,NC
2574,37900NC0010079,37900,HMO,Silver,QHP,NC
2575,37900NC0010082,37900,HMO,Bronze Expanded,QHP,NC
2576,37900NC0010085,37900,HMO,Silver,QHP,NC
2577,37900NC0010087,37900,HMO,Gold,QHP,NC
2578,37900NC0010088,37900,HMO,Bronze Expanded,QHP,NC
2579,37900NC0010091,37900,HMO,Silver,QHP,NC
2580,37900NC0010093,37900,HMO,Gold,QHP,NC
2581,37900NC0010094,37900,HMO,Bronze Expanded,QHP,NC
2582,37900NC0010097,37900,HMO,Silver,QHP,NC
2583,37900NC0010099,37900,HMO,Gold,QHP,NC
2584,37900NC0010100,37900,HMO,Bronze Expanded,QHP,NC
2585,37900NC0010103,37900,HMO,Silver,QHP,NC
2586,37900NC0010105,37900,HMO,Gold,QHP,NC
2587,37900NC0010106,37900,HMO,Bronze Expanded,QHP,NC
2588,37900NC0010109,37900,HMO,Silver,QHP,NC
2589,37900NC0010111,37900,HMO,Gold,QHP,NC
2590,37900NC0010112,37900,HMO,Gold,QHP,NC
2591,37900NC0010113,37900,HMO,Gold,QHP,NC
2592,37900NC0010114,37900,HMO,Silver,QHP,NC
2593,37900NC0010117,37900,HMO,Silver,QHP,NC
2594,37900NC0010119,37900,HMO,Silver,QHP,NC
2595,37900NC0010122,37900,HMO,Silver,QHP,NC
2596,37900NC0010123,37900,HMO,Silver,QHP,NC
2597,37900NC0010124,37900,HMO,Bronze Expanded,QHP,NC
2598,37900NC0010125,37900,HMO,Bronze Expanded,QHP,NC
2599,37900NC0010126,37900,HMO,Bronze Expanded,QHP,NC
2600,37900NC0010127,37900,HMO,Bronze Expanded,QHP,NC
2601,37900NC0010128,37900,HMO,Bronze Expanded,QHP,NC
2602,37900NC0010129,37900,HMO,Catastrophic,QHP,NC
2603,37900NC0010148,37900,HMO,Bronze Expanded,QHP,NC
2604,37900NC0010149,37900,HMO,Silver,QHP,NC
2605,37900NC0010150,37900,HMO,Bronze Expanded,QHP,NC
2606,37900NC0010151,37900,HMO,Silver,QHP,NC
2607,37900NC0010152,37900,HMO,Bronze Expanded,QHP,NC
2608,37900NC0010153,37900,HMO,Silver,QHP,NC
2609,37900NC0010154,37900,HMO,Bronze Expanded,QHP,NC
2610,37900NC0010155,37900,HMO,Silver,QHP,NC
2611,37900NC0010156,37900,HMO,Bronze Expanded,QHP,NC
2612,37900NC0010157,37900,HMO,Silver,QHP,NC
2613,37900NC0010160,37900,HMO,Bronze Expanded,QHP,NC
2614,37900NC0010161,37900,HMO,Silver,QHP,NC
2615,73751ND0120001,73751,HMO,Gold,QHP,ND
2616,73751ND0120003,73751,HMO,Silver,QHP,ND
2617,73751ND0120005,73751,HMO,Bronze Expanded,QHP,ND
2618,73751ND0120011,73751,HMO,Bronze Expanded,QHP,ND
2619,73751ND0120013,73751,HMO,Catastrophic,QHP,ND
2620,73751ND0120029,73751,HMO,Bronze Expanded,QHP,ND
2621,73751ND0130001,73751,HMO,Gold,QHP,ND
2622,73751ND0130003,73751,HMO,Silver,QHP,ND
2623,73751ND0130005,73751,HMO,Bronze Expanded,QHP,ND
2624,73751ND0130011,73751,HMO,Bronze Expanded,QHP,ND
2625,73751ND0130013,73751,HMO,Catastrophic,QHP,ND
2626,73751ND0130029,73751,HMO,Bronze Expanded,QHP,ND
2627,89364ND0090007,89364,HMO,Bronze Expanded,QHP,ND
2628,89364ND0090008,89364,HMO,Silver,QHP,ND
2629,89364ND0090009,89364,HMO,Bronze Expanded,QHP,ND
2630,89364ND0090015,89364,HMO,Catastrophic,QHP,ND
2631,89364ND0090016,89364,HMO,Silver,QHP,ND
2632,89364ND0090017,89364,HMO,Silver,QHP,ND
2633,89364ND0090018,89364,HMO,Gold,QHP,ND
2634,89364ND0090019,89364,HMO,Bronze Expanded,QHP,ND
2635,89364ND0120001,89364,PPO,Gold,QHP,ND
2636,89364ND0120002,89364,PPO,Silver,QHP,ND
2637,89364ND0120003,89364,PPO,Silver,QHP,ND
2638,89364ND0120005,89364,PPO,Silver,QHP,ND
2639,89364ND0120006,89364,PPO,Bronze Expanded,QHP,ND
2640,89364ND0120007,89364,PPO,Bronze Expanded,QHP,ND
2641,89364ND0120008,89364,PPO,Bronze Expanded,QHP,ND
2642,89364ND0120009,89364,PPO,Catastrophic,QHP,ND
2643,37160ND2410002,37160,PPO,Silver,QHP,ND
2644,37160ND2410005,37160,PPO,Gold,QHP,ND
2645,37160ND2410014,37160,PPO,Silver,QHP,ND
2646,37160ND2410020,37160,PPO,Bronze Expanded,QHP,ND
2647,37160ND2410021,37160,PPO,Catastrophic,QHP,ND
2648,37160ND2410022,37160,PPO,Gold,QHP,ND
2649,37160ND2410023,37160,PPO,Bronze Expanded,QHP,ND
2650,73751ND0120035,73751,HMO,Bronze,QHP,ND
2651,73751ND0130035,73751,HMO,Bronze,QHP,ND
2652,37160ND2430001,37160,PPO,Gold,QHP,ND
2653,20305NE0030005,20305,EPO,Bronze Expanded,QHP,NE
2654,20305NE0030011,20305,EPO,Bronze Expanded,QHP,NE
2655,20305NE0030013,20305,EPO,Catastrophic,QHP,NE
2656,20305NE0030025,20305,EPO,Gold,QHP,NE
2657,20305NE0030029,20305,EPO,Bronze Expanded,QHP,NE
2658,20305NE0040001,20305,EPO,Gold,QHP,NE
2659,20305NE0040003,20305,EPO,Silver,QHP,NE
2660,20305NE0040005,20305,EPO,Bronze Expanded,QHP,NE
2661,20305NE0040011,20305,EPO,Bronze Expanded,QHP,NE
2662,20305NE0040013,20305,EPO,Catastrophic,QHP,NE
2663,20305NE0040025,20305,EPO,Gold,QHP,NE
2664,20305NE0040029,20305,EPO,Bronze Expanded,QHP,NE
2665,20305NE0050001,20305,EPO,Gold,QHP,NE
2666,20305NE0050003,20305,EPO,Silver,QHP,NE
2667,20305NE0050005,20305,EPO,Bronze Expanded,QHP,NE
2668,20305NE0050011,20305,EPO,Bronze Expanded,QHP,NE
2669,20305NE0050013,20305,EPO,Catastrophic,QHP,NE
2670,20305NE0050029,20305,EPO,Bronze Expanded,QHP,NE
2671,83653NE0010001,83653,EPO,Gold,QHP,NE
2672,83653NE0010002,83653,EPO,Silver,QHP,NE
2673,83653NE0010003,83653,EPO,Silver,QHP,NE
2674,83653NE0010004,83653,EPO,Silver,QHP,NE
2675,83653NE0010006,83653,EPO,Bronze Expanded,QHP,NE
2676,83653NE0010008,83653,EPO,Bronze Expanded,QHP,NE
2677,83653NE0010009,83653,EPO,Catastrophic,QHP,NE
2678,83653NE0010021,83653,EPO,Gold,QHP,NE
2679,83653NE0010022,83653,EPO,Silver,QHP,NE
2680,83653NE0010023,83653,EPO,Silver,QHP,NE
2681,83653NE0010024,83653,EPO,Silver,QHP,NE
2682,83653NE0010026,83653,EPO,Bronze Expanded,QHP,NE
2683,83653NE0010028,83653,EPO,Bronze Expanded,QHP,NE
2684,83653NE0010029,83653,EPO,Catastrophic,QHP,NE
2685,26289NE0020002,26289,HMO,Bronze Expanded,QHP,NE
2686,26289NE0020003,26289,HMO,Bronze Expanded,QHP,NE
2687,26289NE0020006,26289,HMO,Bronze Expanded,QHP,NE
2688,26289NE0020007,26289,HMO,Bronze Expanded,QHP,NE
2689,26289NE0020008,26289,HMO,Silver,QHP,NE
2690,26289NE0020009,26289,HMO,Silver,QHP,NE
2691,26289NE0020013,26289,HMO,Gold,QHP,NE
2692,26289NE0020021,26289,HMO,Bronze,QHP,NE
2693,26289NE0020030,26289,HMO,Silver,QHP,NE
2694,26289NE0020031,26289,HMO,Silver,QHP,NE
2695,26289NE0020032,26289,HMO,Silver,QHP,NE
2696,26289NE0020034,26289,HMO,Gold,QHP,NE
2697,26289NE0030002,26289,HMO,Bronze Expanded,QHP,NE
2698,26289NE0030003,26289,HMO,Bronze Expanded,QHP,NE
2699,26289NE0030006,26289,HMO,Bronze Expanded,QHP,NE
2700,26289NE0030007,26289,HMO,Bronze Expanded,QHP,NE
2701,26289NE0030008,26289,HMO,Silver,QHP,NE
2702,26289NE0030013,26289,HMO,Gold,QHP,NE
2703,26289NE0030021,26289,HMO,Bronze,QHP,NE
2704,26289NE0030031,26289,HMO,Silver,QHP,NE
2705,26289NE0030032,26289,HMO,Silver,QHP,NE
2706,26289NE0030034,26289,HMO,Gold,QHP,NE
2707,57424NE0010002,57424,EPO,Bronze Expanded,QHP,NE
2708,57424NE0010003,57424,EPO,Bronze Expanded,QHP,NE
2709,57424NE0010005,57424,EPO,Bronze Expanded,QHP,NE
2710,57424NE0010006,57424,EPO,Silver,QHP,NE
2711,57424NE0010008,57424,EPO,Silver,QHP,NE
2712,57424NE0010011,57424,EPO,Catastrophic,QHP,NE
2713,57424NE0010012,57424,EPO,Bronze Expanded,QHP,NE
2714,57424NE0010014,57424,EPO,Bronze Expanded,QHP,NE
2715,57424NE0010015,57424,EPO,Silver,QHP,NE
2716,57424NE0010017,57424,EPO,Silver,QHP,NE
2717,57424NE0010020,57424,EPO,Gold,QHP,NE
2718,57424NE0010021,57424,EPO,Bronze Expanded,QHP,NE
2719,57424NE0010022,57424,EPO,Bronze Expanded,QHP,NE
2720,57424NE0010023,57424,EPO,Bronze Expanded,QHP,NE
2721,57424NE0010024,57424,EPO,Bronze Expanded,QHP,NE
2722,57424NE0010025,57424,EPO,Silver,QHP,NE
2723,57424NE0010026,57424,EPO,Silver,QHP,NE
2724,57424NE0010027,57424,EPO,Silver,QHP,NE
2725,57424NE0010028,57424,EPO,Silver,QHP,NE
2726,57424NE0010029,57424,EPO,Silver,QHP,NE
2727,57424NE0010030,57424,EPO,Silver,QHP,NE
2728,57424NE0010033,57424,EPO,Gold,QHP,NE
2729,57424NE0010035,57424,EPO,Gold,QHP,NE
2730,57424NE0010036,57424,EPO,Gold,QHP,NE
2731,57424NE0010037,57424,EPO,Gold,QHP,NE
2732,57424NE0010041,57424,EPO,Bronze Expanded,QHP,NE
2733,57424NE0010043,57424,EPO,Bronze Expanded,QHP,NE
2734,57424NE0010045,57424,EPO,Silver,QHP,NE
2735,20305NE0030003,20305,EPO,Silver,QHP,NE
2736,20305NE0030027,20305,EPO,Silver,QHP,NE
2737,20305NE0030035,20305,EPO,Bronze,QHP,NE
2738,20305NE0030041,20305,EPO,Bronze Expanded,QHP,NE
2739,20305NE0040006,20305,EPO,Bronze Expanded,QHP,NE
2740,20305NE0040027,20305,EPO,Silver,QHP,NE
2741,20305NE0040035,20305,EPO,Bronze,QHP,NE
2742,20305NE0040041,20305,EPO,Bronze Expanded,QHP,NE
2743,20305NE0050006,20305,EPO,Bronze Expanded,QHP,NE
2744,20305NE0050027,20305,EPO,Silver,QHP,NE
2745,20305NE0050035,20305,EPO,Bronze,QHP,NE
2746,20305NE0050041,20305,EPO,Bronze Expanded,QHP,NE
2747,83653NE0010010,83653,EPO,Silver,QHP,NE
2748,83653NE0010012,83653,EPO,Bronze Expanded,QHP,NE
2749,83653NE0010013,83653,EPO,Bronze Expanded,QHP,NE
2750,83653NE0010014,83653,EPO,Bronze Expanded,QHP,NE
2751,83653NE0010018,83653,EPO,Silver,QHP,NE
2752,83653NE0010019,83653,EPO,Gold,QHP,NE
2753,83653NE0010030,83653,EPO,Silver,QHP,NE
2754,83653NE0010032,83653,EPO,Bronze Expanded,QHP,NE
2755,83653NE0010033,83653,EPO,Bronze Expanded,QHP,NE
2756,83653NE0010034,83653,EPO,Bronze Expanded,QHP,NE
2757,83653NE0010038,83653,EPO,Silver,QHP,NE
2758,83653NE0010039,83653,EPO,Gold,QHP,NE
2759,83653NE0010058,83653,EPO,Bronze Expanded,QHP,NE
2760,83653NE0010059,83653,EPO,Silver,QHP,NE
2761,83653NE0010060,83653,EPO,Bronze Expanded,QHP,NE
2762,83653NE0010061,83653,EPO,Silver,QHP,NE
2763,75841NH0090005,75841,EPO,Gold,QHP,NH
2764,75841NH0090010,75841,EPO,Bronze Expanded,QHP,NH
2765,75841NH0090011,75841,EPO,Silver,QHP,NH
2766,96751NH0150015,96751,HMO,Bronze Expanded,QHP,NH
2767,96751NH0150018,96751,HMO,Bronze Expanded,QHP,NH
2768,96751NH0150020,96751,HMO,Silver,QHP,NH
2769,96751NH0150022,96751,HMO,Silver,QHP,NH
2770,96751NH0150024,96751,HMO,Catastrophic,QHP,NH
2771,96751NH0150025,96751,HMO,Silver,QHP,NH
2772,96751NH0150026,96751,HMO,Bronze,QHP,NH
2773,96751NH0150033,96751,HMO,Silver,QHP,NH
2774,96751NH0150036,96751,HMO,Gold,QHP,NH
2775,96751NH0150037,96751,HMO,Bronze Expanded,QHP,NH
2776,75841NH0090006,75841,EPO,Bronze Expanded,QHP,NH
2777,75841NH0090012,75841,EPO,Silver,QHP,NH
2778,75841NH0090018,75841,EPO,Silver,QHP,NH
2779,75841NH0090020,75841,EPO,Bronze Expanded,QHP,NH
2780,75841NH0090021,75841,EPO,Bronze Expanded,QHP,NH
2781,75841NH0090025,75841,EPO,Silver,QHP,NH
2782,75841NH0090026,75841,EPO,Gold,QHP,NH
2783,75841NH0100002,75841,EPO,Bronze Expanded,QHP,NH
2784,75841NH0100003,75841,EPO,Bronze Expanded,QHP,NH
2785,75841NH0100008,75841,EPO,Silver,QHP,NH
2786,75841NH0100009,75841,EPO,Gold,QHP,NH
2787,75841NH0100011,75841,EPO,Silver,QHP,NH
2788,75841NH0100020,75841,EPO,Bronze Expanded,QHP,NH
2789,75841NH0100021,75841,EPO,Bronze Expanded,QHP,NH
2790,75841NH0100022,75841,EPO,Silver,QHP,NH
2791,75841NH0100026,75841,EPO,Gold,QHP,NH
2792,59025NH0370039,59025,HMO,Gold,QHP,NH
2793,59025NH0370040,59025,HMO,Silver,QHP,NH
2794,59025NH0370041,59025,HMO,Silver,QHP,NH
2795,59025NH0370042,59025,HMO,Silver,QHP,NH
2796,59025NH0370043,59025,HMO,Silver,QHP,NH
2797,59025NH0370044,59025,HMO,Bronze Expanded,QHP,NH
2798,59025NH0370045,59025,HMO,Bronze Expanded,QHP,NH
2799,59025NH0370046,59025,HMO,Bronze Expanded,QHP,NH
2800,59025NH0370047,59025,HMO,Catastrophic,QHP,NH
2801,59025NH0370048,59025,HMO,Silver,QHP,NH
2802,59025NH0370049,59025,HMO,Bronze Expanded,QHP,NH
2803,96751NH0150202,96751,HMO,Silver,QHP,NH
2804,96751NH0150203,96751,HMO,Silver,QHP,NH
2805,96751NH0150204,96751,HMO,Silver,QHP,NH
2806,96751NH0150205,96751,HMO,Bronze,QHP,NH
2807,29276OH0920413,29276,HMO,Bronze Expanded,QHP,OH
2808,29276OH0920414,29276,HMO,Bronze,QHP,OH
2809,29276OH0920415,29276,HMO,Silver,QHP,OH
2810,29276OH0920416,29276,HMO,Gold,QHP,OH
2811,29276OH0920417,29276,HMO,Bronze Expanded,QHP,OH
2812,29276OH0920418,29276,HMO,Silver,QHP,OH
2813,29276OH0920419,29276,HMO,Silver,QHP,OH
2814,29276OH0920420,29276,HMO,Bronze Expanded,QHP,OH
2815,29276OH0920421,29276,HMO,Silver,QHP,OH
2816,29276OH0920422,29276,HMO,Silver,QHP,OH
2817,29276OH0920423,29276,HMO,Silver,QHP,OH
2818,29276OH0920424,29276,HMO,Silver,QHP,OH
2819,29276OH0920425,29276,HMO,Catastrophic,QHP,OH
2820,29276OH0920427,29276,HMO,Silver,QHP,OH
2821,29276OH0920428,29276,HMO,Silver,QHP,OH
2822,29276OH0920429,29276,HMO,Bronze Expanded,QHP,OH
2823,41047OH0010025,41047,HMO,Silver,QHP,OH
2824,41047OH0010027,41047,HMO,Silver,QHP,OH
2825,41047OH0010041,41047,HMO,Gold,QHP,OH
2826,41047OH0010043,41047,HMO,Bronze,QHP,OH
2827,41047OH0010045,41047,HMO,Bronze Expanded,QHP,OH
2828,41047OH0010049,41047,HMO,Bronze Expanded,QHP,OH
2829,41047OH0030025,41047,HMO,Silver,QHP,OH
2830,41047OH0030041,41047,HMO,Gold,QHP,OH
2831,41047OH0030043,41047,HMO,Bronze,QHP,OH
2832,41047OH0030049,41047,HMO,Bronze Expanded,QHP,OH
2833,64353OH0010001,64353,HMO,Gold,QHP,OH
2834,64353OH0010002,64353,HMO,Silver,QHP,OH
2835,64353OH0040001,64353,HMO,Gold,QHP,OH
2836,64353OH0040002,64353,HMO,Silver,QHP,OH
2837,64353OH0050001,64353,HMO,Silver,QHP,OH
2838,77552OH0010200,77552,HMO,Bronze Expanded,QHP,OH
2839,77552OH0010201,77552,HMO,Silver,QHP,OH
2840,77552OH0010202,77552,HMO,Gold,QHP,OH
2841,77552OH0010203,77552,HMO,Silver,QHP,OH
2842,77552OH0010204,77552,HMO,Bronze Expanded,QHP,OH
2843,77552OH0010205,77552,HMO,Silver,QHP,OH
2844,77552OH0020201,77552,HMO,Silver,QHP,OH
2845,77552OH0020202,77552,HMO,Gold,QHP,OH
2846,77552OH0020203,77552,HMO,Silver,QHP,OH
2847,77552OH0020204,77552,HMO,Bronze Expanded,QHP,OH
2848,77552OH0020205,77552,HMO,Silver,QHP,OH
2849,28162OH0060008,28162,PPO,Bronze Expanded,QHP,OH
2850,28162OH0060011,28162,PPO,Silver,QHP,OH
2851,28162OH0060018,28162,PPO,Gold,QHP,OH
2852,28162OH0060021,28162,PPO,Catastrophic,QHP,OH
2853,28162OH0060023,28162,PPO,Bronze Expanded,QHP,OH
2854,28162OH0060026,28162,PPO,Silver,QHP,OH
2855,28162OH0060033,28162,PPO,Gold,QHP,OH
2856,28162OH0060036,28162,PPO,Catastrophic,QHP,OH
2857,28162OH0060038,28162,PPO,Bronze Expanded,QHP,OH
2858,28162OH0060041,28162,PPO,Silver,QHP,OH
2859,28162OH0060048,28162,PPO,Gold,QHP,OH
2860,28162OH0060051,28162,PPO,Catastrophic,QHP,OH
2861,28162OH0060054,28162,PPO,Gold,QHP,OH
2862,28162OH0060061,28162,PPO,Silver,QHP,OH
2863,28162OH0060064,28162,PPO,Bronze Expanded,QHP,OH
2864,28162OH0060066,28162,PPO,Catastrophic,QHP,OH
2865,28162OH0060068,28162,PPO,Silver,QHP,OH
2866,28162OH0060070,28162,PPO,Silver,QHP,OH
2867,28162OH0060072,28162,PPO,Silver,QHP,OH
2868,28162OH0060074,28162,PPO,Silver,QHP,OH
2869,28162OH0060075,28162,PPO,Bronze Expanded,QHP,OH
2870,28162OH0060076,28162,PPO,Bronze Expanded,QHP,OH
2871,28162OH0060077,28162,PPO,Bronze Expanded,QHP,OH
2872,28162OH0060078,28162,PPO,Bronze Expanded,QHP,OH
2873,28162OH0060080,28162,PPO,Bronze Expanded,QHP,OH
2874,28162OH0060093,28162,PPO,Bronze,QHP,OH
2875,28162OH0060094,28162,PPO,Bronze,QHP,OH
2876,28162OH0060095,28162,PPO,Bronze,QHP,OH
2877,28162OH0060096,28162,PPO,Bronze,QHP,OH
2878,28162OH0060097,28162,PPO,Bronze,QHP,OH
2879,28162OH0060098,28162,PPO,Bronze,QHP,OH
2880,28162OH0060099,28162,PPO,Bronze,QHP,OH
2881,28162OH0060100,28162,PPO,Bronze,QHP,OH
2882,52664OH1530001,52664,HMO,Catastrophic,QHP,OH
2883,52664OH1530002,52664,HMO,Bronze Expanded,QHP,OH
2884,52664OH1530003,52664,HMO,Silver,QHP,OH
2885,52664OH1530004,52664,HMO,Silver,QHP,OH
2886,52664OH1530005,52664,HMO,Silver,QHP,OH
2887,52664OH1530006,52664,HMO,Gold,QHP,OH
2888,52664OH1530007,52664,HMO,Bronze Expanded,QHP,OH
2889,52664OH1530019,52664,HMO,Silver,QHP,OH
2890,74313OH0210001,74313,HMO,Gold,QHP,OH
2891,74313OH0210002,74313,HMO,Silver,QHP,OH
2892,74313OH0210006,74313,HMO,Silver,QHP,OH
2893,74313OH0210008,74313,HMO,Bronze Expanded,QHP,OH
2894,74313OH0210012,74313,HMO,Silver,QHP,OH
2895,74313OH0210013,74313,HMO,Silver,QHP,OH
2896,74313OH0210014,74313,HMO,Silver,QHP,OH
2897,74313OH0210015,74313,HMO,Gold,QHP,OH
2898,99969OH0080003,99969,HMO,Silver,QHP,OH
2899,99969OH0080005,99969,HMO,Silver,QHP,OH
2900,99969OH0080007,99969,HMO,Bronze Expanded,QHP,OH
2901,99969OH0080012,99969,HMO,Bronze,QHP,OH
2902,99969OH0080022,99969,HMO,Silver,QHP,OH
2903,99969OH0080023,99969,HMO,Silver,QHP,OH
2904,99969OH0080025,99969,HMO,Bronze Expanded,QHP,OH
2905,99969OH0080026,99969,HMO,Bronze,QHP,OH
2906,99969OH0080045,99969,HMO,Catastrophic,QHP,OH
2907,99969OH0080049,99969,HMO,Catastrophic,QHP,OH
2908,99969OH0080069,99969,HMO,Silver,QHP,OH
2909,99969OH0080072,99969,HMO,Silver,QHP,OH
2910,99969OH0080074,99969,HMO,Bronze Expanded,QHP,OH
2911,99969OH0080075,99969,HMO,Bronze,QHP,OH
2912,99969OH0080076,99969,HMO,Catastrophic,QHP,OH
2913,99969OH0080086,99969,HMO,Silver,QHP,OH
2914,99969OH0080087,99969,HMO,Silver,QHP,OH
2915,99969OH0080089,99969,HMO,Silver,QHP,OH
2916,99969OH0080092,99969,HMO,Silver,QHP,OH
2917,99969OH0080094,99969,HMO,Silver,QHP,OH
2918,99969OH0080095,99969,HMO,Silver,QHP,OH
2919,99969OH0080097,99969,HMO,Bronze Expanded,QHP,OH
2920,99969OH0080098,99969,HMO,Bronze,QHP,OH
2921,99969OH0080099,99969,HMO,Catastrophic,QHP,OH
2922,99969OH0080152,99969,HMO,Silver,QHP,OH
2923,99969OH0080153,99969,HMO,Silver,QHP,OH
2924,99969OH0080155,99969,HMO,Silver,QHP,OH
2925,99969OH0080157,99969,HMO,Bronze Expanded,QHP,OH
2926,99969OH0080158,99969,HMO,Bronze,QHP,OH
2927,99969OH0080160,99969,HMO,Catastrophic,QHP,OH
2928,29341OH0100001,29341,HMO,Bronze Expanded,QHP,OH
2929,29341OH0100003,29341,HMO,Bronze Expanded,QHP,OH
2930,29341OH0100005,29341,HMO,Bronze Expanded,QHP,OH
2931,29341OH0100006,29341,HMO,Silver,QHP,OH
2932,29341OH0100008,29341,HMO,Silver,QHP,OH
2933,29341OH0100009,29341,HMO,Silver,QHP,OH
2934,29341OH0100011,29341,HMO,Catastrophic,QHP,OH
2935,29341OH0100013,29341,HMO,Gold,QHP,OH
2936,45845OH0100001,45845,HMO,Bronze Expanded,QHP,OH
2937,45845OH0100003,45845,HMO,Bronze Expanded,QHP,OH
2938,45845OH0100005,45845,HMO,Bronze Expanded,QHP,OH
2939,45845OH0100006,45845,HMO,Silver,QHP,OH
2940,45845OH0100008,45845,HMO,Silver,QHP,OH
2941,45845OH0100009,45845,HMO,Silver,QHP,OH
2942,45845OH0100011,45845,HMO,Catastrophic,QHP,OH
2943,45845OH0100013,45845,HMO,Gold,QHP,OH
2944,29276OH0920430,29276,HMO,Bronze Expanded,QHP,OH
2945,41047OH0010053,41047,HMO,Silver,QHP,OH
2946,41047OH0010057,41047,HMO,Bronze Expanded,QHP,OH
2947,41047OH0010059,41047,HMO,Bronze Expanded,QHP,OH
2948,41047OH0010060,41047,HMO,Bronze Expanded,QHP,OH
2949,41047OH0010061,41047,HMO,Silver,QHP,OH
2950,41047OH0010062,41047,HMO,Silver,QHP,OH
2951,41047OH0010063,41047,HMO,Silver,QHP,OH
2952,41047OH0010064,41047,HMO,Gold,QHP,OH
2953,41047OH0030023,41047,HMO,Silver,QHP,OH
2954,41047OH0030045,41047,HMO,Bronze Expanded,QHP,OH
2955,41047OH0030053,41047,HMO,Silver,QHP,OH
2956,41047OH0030057,41047,HMO,Bronze Expanded,QHP,OH
2957,41047OH0030059,41047,HMO,Bronze Expanded,QHP,OH
2958,41047OH0030060,41047,HMO,Bronze Expanded,QHP,OH
2959,41047OH0030061,41047,HMO,Silver,QHP,OH
2960,41047OH0030063,41047,HMO,Silver,QHP,OH
2961,41047OH0030064,41047,HMO,Gold,QHP,OH
2962,64353OH0010004,64353,HMO,Silver,QHP,OH
2963,64353OH0010007,64353,HMO,Silver,QHP,OH
2964,77552OH0010206,77552,HMO,Bronze,QHP,OH
2965,77552OH0020206,77552,HMO,Bronze,QHP,OH
2966,28162OH0060101,28162,PPO,Bronze Expanded,QHP,OH
2967,28162OH0060102,28162,PPO,Bronze Expanded,QHP,OH
2968,28162OH0060103,28162,PPO,Bronze Expanded,QHP,OH
2969,28162OH0060104,28162,PPO,Bronze Expanded,QHP,OH
2970,28162OH0060105,28162,PPO,Silver,QHP,OH
2971,28162OH0060106,28162,PPO,Silver,QHP,OH
2972,52664OH1530022,52664,HMO,Bronze Expanded,QHP,OH
2973,52664OH1530023,52664,HMO,Bronze,QHP,OH
2974,52664OH1530024,52664,HMO,Silver,QHP,OH
2975,52664OH1530025,52664,HMO,Silver,QHP,OH
2976,52664OH1530026,52664,HMO,Gold,QHP,OH
2977,52664OH1530027,52664,HMO,Bronze Expanded,QHP,OH
2978,52664OH1530028,52664,HMO,Silver,QHP,OH
2979,52664OH1530029,52664,HMO,Silver,QHP,OH
2980,52664OH1530033,52664,HMO,Bronze,QHP,OH
2981,74313OH0210022,74313,HMO,Bronze Expanded,QHP,OH
2982,74313OH0210023,74313,HMO,Bronze Expanded,QHP,OH
2983,74313OH0210051,74313,HMO,Bronze Expanded,QHP,OH
2984,99969OH0080193,99969,HMO,Bronze Expanded,QHP,OH
2985,99969OH0080194,99969,HMO,Bronze Expanded,QHP,OH
2986,99969OH0080195,99969,HMO,Bronze Expanded,QHP,OH
2987,99969OH0080196,99969,HMO,Bronze Expanded,QHP,OH
2988,99969OH0080198,99969,HMO,Bronze Expanded,QHP,OH
2989,99969OH0080248,99969,HMO,Silver,QHP,OH
2990,99969OH0080249,99969,HMO,Bronze Expanded,QHP,OH
2991,99969OH0080250,99969,HMO,Silver,QHP,OH
2992,99969OH0080251,99969,HMO,Bronze Expanded,QHP,OH
2993,99969OH0080252,99969,HMO,Silver,QHP,OH
2994,99969OH0080253,99969,HMO,Bronze Expanded,QHP,OH
2995,99969OH0080254,99969,HMO,Silver,QHP,OH
2996,99969OH0080255,99969,HMO,Bronze Expanded,QHP,OH
2997,99969OH0080258,99969,HMO,Silver,QHP,OH
2998,99969OH0080259,99969,HMO,Bronze Expanded,QHP,OH
2999,99969OH0080270,99969,HMO,Gold,QHP,OH
3000,99969OH0080271,99969,HMO,Silver,QHP,OH
3001,99969OH0080272,99969,HMO,Silver,QHP,OH
3002,99969OH0080273,99969,HMO,Silver,QHP,OH
3003,99969OH0080274,99969,HMO,Silver,QHP,OH
3004,99969OH0080275,99969,HMO,Bronze Expanded,QHP,OH
3005,99969OH0080276,99969,HMO,Bronze Expanded,QHP,OH
3006,99969OH0080277,99969,HMO,Bronze,QHP,OH
3007,99969OH0080278,99969,HMO,Bronze Expanded,QHP,OH
3008,99969OH0080279,99969,HMO,Catastrophic,QHP,OH
3009,99969OH0080310,99969,HMO,Gold,QHP,OH
3010,99969OH0080311,99969,HMO,Silver,QHP,OH
3011,99969OH0080312,99969,HMO,Silver,QHP,OH
3012,99969OH0080313,99969,HMO,Silver,QHP,OH
3013,99969OH0080314,99969,HMO,Silver,QHP,OH
3014,99969OH0080315,99969,HMO,Bronze Expanded,QHP,OH
3015,99969OH0080316,99969,HMO,Bronze Expanded,QHP,OH
3016,99969OH0080317,99969,HMO,Bronze,QHP,OH
3017,99969OH0080318,99969,HMO,Bronze Expanded,QHP,OH
3018,99969OH0080319,99969,HMO,Catastrophic,QHP,OH
3019,99969OH0080320,99969,HMO,Gold,QHP,OH
3020,99969OH0080321,99969,HMO,Silver,QHP,OH
3021,99969OH0080322,99969,HMO,Silver,QHP,OH
3022,99969OH0080323,99969,HMO,Silver,QHP,OH
3023,99969OH0080324,99969,HMO,Silver,QHP,OH
3024,99969OH0080325,99969,HMO,Bronze Expanded,QHP,OH
3025,99969OH0080326,99969,HMO,Bronze Expanded,QHP,OH
3026,99969OH0080327,99969,HMO,Bronze,QHP,OH
3027,99969OH0080328,99969,HMO,Bronze Expanded,QHP,OH
3028,99969OH0080329,99969,HMO,Catastrophic,QHP,OH
3029,99969OH0080330,99969,HMO,Gold,QHP,OH
3030,99969OH0080331,99969,HMO,Silver,QHP,OH
3031,99969OH0080332,99969,HMO,Silver,QHP,OH
3032,99969OH0080333,99969,HMO,Silver,QHP,OH
3033,99969OH0080334,99969,HMO,Silver,QHP,OH
3034,99969OH0080335,99969,HMO,Bronze Expanded,QHP,OH
3035,99969OH0080336,99969,HMO,Bronze Expanded,QHP,OH
3036,99969OH0080337,99969,HMO,Bronze,QHP,OH
3037,99969OH0080338,99969,HMO,Bronze Expanded,QHP,OH
3038,99969OH0080339,99969,HMO,Catastrophic,QHP,OH
3039,99969OH0080340,99969,HMO,Gold,QHP,OH
3040,99969OH0080341,99969,HMO,Silver,QHP,OH
3041,99969OH0080342,99969,HMO,Silver,QHP,OH
3042,99969OH0080343,99969,HMO,Silver,QHP,OH
3043,99969OH0080344,99969,HMO,Silver,QHP,OH
3044,99969OH0080345,99969,HMO,Bronze Expanded,QHP,OH
3045,99969OH0080346,99969,HMO,Bronze Expanded,QHP,OH
3046,99969OH0080347,99969,HMO,Bronze,QHP,OH
3047,99969OH0080348,99969,HMO,Bronze Expanded,QHP,OH
3048,99969OH0080349,99969,HMO,Catastrophic,QHP,OH
3049,99969OH0080350,99969,HMO,Gold,QHP,OH
3050,99969OH0080351,99969,HMO,Gold,QHP,OH
3051,99969OH0080352,99969,HMO,Gold,QHP,OH
3052,99969OH0080353,99969,HMO,Gold,QHP,OH
3053,99969OH0080354,99969,HMO,Gold,QHP,OH
3054,29341OH0100002,29341,HMO,Bronze Expanded,QHP,OH
3055,29341OH0100012,29341,HMO,Bronze Expanded,QHP,OH
3056,29341OH0100014,29341,HMO,Bronze Expanded,QHP,OH
3057,29341OH0100015,29341,HMO,Silver,QHP,OH
3058,29341OH0100016,29341,HMO,Silver,QHP,OH
3059,29341OH0100017,29341,HMO,Silver,QHP,OH
3060,29341OH0100020,29341,HMO,Gold,QHP,OH
3061,29341OH0100021,29341,HMO,Bronze Expanded,QHP,OH
3062,29341OH0100023,29341,HMO,Bronze Expanded,QHP,OH
3063,29341OH0100024,29341,HMO,Bronze Expanded,QHP,OH
3064,29341OH0100025,29341,HMO,Silver,QHP,OH
3065,29341OH0100026,29341,HMO,Silver,QHP,OH
3066,29341OH0100027,29341,HMO,Silver,QHP,OH
3067,29341OH0100028,29341,HMO,Silver,QHP,OH
3068,29341OH0100029,29341,HMO,Silver,QHP,OH
3069,29341OH0100030,29341,HMO,Silver,QHP,OH
3070,29341OH0100033,29341,HMO,Gold,QHP,OH
3071,29341OH0100035,29341,HMO,Gold,QHP,OH
3072,29341OH0100036,29341,HMO,Gold,QHP,OH
3073,29341OH0100037,29341,HMO,Gold,QHP,OH
3074,29341OH0100042,29341,HMO,Bronze Expanded,QHP,OH
3075,29341OH0100045,29341,HMO,Silver,QHP,OH
3076,29341OH0100046,29341,HMO,Silver,QHP,OH
3077,29341OH0200002,29341,HMO,Bronze Expanded,QHP,OH
3078,29341OH0200003,29341,HMO,Bronze Expanded,QHP,OH
3079,29341OH0200005,29341,HMO,Bronze Expanded,QHP,OH
3080,29341OH0200008,29341,HMO,Silver,QHP,OH
3081,29341OH0200012,29341,HMO,Bronze Expanded,QHP,OH
3082,29341OH0200013,29341,HMO,Gold,QHP,OH
3083,29341OH0200014,29341,HMO,Bronze Expanded,QHP,OH
3084,29341OH0200016,29341,HMO,Silver,QHP,OH
3085,29341OH0200017,29341,HMO,Silver,QHP,OH
3086,29341OH0200020,29341,HMO,Gold,QHP,OH
3087,29341OH0200023,29341,HMO,Bronze Expanded,QHP,OH
3088,29341OH0200027,29341,HMO,Silver,QHP,OH
3089,29341OH0200029,29341,HMO,Silver,QHP,OH
3090,29341OH0200030,29341,HMO,Silver,QHP,OH
3091,29341OH0200033,29341,HMO,Gold,QHP,OH
3092,29341OH0200035,29341,HMO,Gold,QHP,OH
3093,29341OH0200036,29341,HMO,Gold,QHP,OH
3094,29341OH0200037,29341,HMO,Gold,QHP,OH
3095,29341OH0200042,29341,HMO,Bronze Expanded,QHP,OH
3096,29341OH0200046,29341,HMO,Silver,QHP,OH
3097,45845OH0100002,45845,HMO,Bronze Expanded,QHP,OH
3098,45845OH0100012,45845,HMO,Bronze Expanded,QHP,OH
3099,45845OH0100014,45845,HMO,Bronze Expanded,QHP,OH
3100,45845OH0100015,45845,HMO,Silver,QHP,OH
3101,45845OH0100016,45845,HMO,Silver,QHP,OH
3102,45845OH0100017,45845,HMO,Silver,QHP,OH
3103,45845OH0100020,45845,HMO,Gold,QHP,OH
3104,45845OH0100021,45845,HMO,Bronze Expanded,QHP,OH
3105,45845OH0100023,45845,HMO,Bronze Expanded,QHP,OH
3106,45845OH0100024,45845,HMO,Bronze Expanded,QHP,OH
3107,45845OH0100025,45845,HMO,Silver,QHP,OH
3108,45845OH0100026,45845,HMO,Silver,QHP,OH
3109,45845OH0100027,45845,HMO,Silver,QHP,OH
3110,45845OH0100028,45845,HMO,Silver,QHP,OH
3111,45845OH0100029,45845,HMO,Silver,QHP,OH
3112,45845OH0100030,45845,HMO,Silver,QHP,OH
3113,45845OH0100033,45845,HMO,Gold,QHP,OH
3114,45845OH0100035,45845,HMO,Gold,QHP,OH
3115,45845OH0100036,45845,HMO,Gold,QHP,OH
3116,45845OH0100037,45845,HMO,Gold,QHP,OH
3117,45845OH0100042,45845,HMO,Bronze Expanded,QHP,OH
3118,45845OH0100045,45845,HMO,Silver,QHP,OH
3119,45845OH0100046,45845,HMO,Silver,QHP,OH
3120,87571OK0320078,87571,PPO,Silver,QHP,OK
3121,87571OK0320079,87571,PPO,Catastrophic,QHP,OK
3122,87571OK0320080,87571,PPO,Silver,QHP,OK
3123,87571OK0320081,87571,PPO,Silver,QHP,OK
3124,87571OK0320082,87571,PPO,Silver,QHP,OK
3125,87571OK0320083,87571,PPO,Silver,QHP,OK
3126,87571OK0320084,87571,PPO,Catastrophic,QHP,OK
3127,87571OK0320085,87571,PPO,Catastrophic,QHP,OK
3128,87571OK0320086,87571,PPO,Catastrophic,QHP,OK
3129,87571OK0320087,87571,PPO,Catastrophic,QHP,OK
3130,87571OK0320088,87571,PPO,Gold,QHP,OK
3131,87571OK0320089,87571,PPO,Gold,QHP,OK
3132,87571OK0320090,87571,PPO,Gold,QHP,OK
3133,87571OK0320091,87571,PPO,Gold,QHP,OK
3134,87571OK0320092,87571,PPO,Gold,QHP,OK
3135,87571OK0320093,87571,PPO,Bronze,QHP,OK
3136,87571OK0320094,87571,PPO,Bronze,QHP,OK
3137,87571OK0320095,87571,PPO,Bronze,QHP,OK
3138,87571OK0320096,87571,PPO,Bronze,QHP,OK
3139,87571OK0320097,87571,PPO,Bronze,QHP,OK
3140,87571OK0350068,87571,PPO,Bronze Expanded,QHP,OK
3141,87571OK0350069,87571,PPO,Silver,QHP,OK
3142,87571OK0350070,87571,PPO,Bronze,QHP,OK
3143,87571OK0350083,87571,PPO,Bronze Expanded,QHP,OK
3144,87571OK0350084,87571,PPO,Bronze Expanded,QHP,OK
3145,87571OK0350085,87571,PPO,Bronze Expanded,QHP,OK
3146,87571OK0350086,87571,PPO,Bronze Expanded,QHP,OK
3147,87571OK0350087,87571,PPO,Silver,QHP,OK
3148,87571OK0350088,87571,PPO,Silver,QHP,OK
3149,87571OK0350089,87571,PPO,Silver,QHP,OK
3150,87571OK0350090,87571,PPO,Silver,QHP,OK
3151,87571OK0350091,87571,PPO,Bronze,QHP,OK
3152,87571OK0350092,87571,PPO,Bronze,QHP,OK
3153,87571OK0350093,87571,PPO,Bronze,QHP,OK
3154,87571OK0350094,87571,PPO,Bronze,QHP,OK
3155,87571OK0350097,87571,PPO,Gold,QHP,OK
3156,87571OK0350106,87571,PPO,Gold,QHP,OK
3157,87571OK0350107,87571,PPO,Gold,QHP,OK
3158,87571OK0350108,87571,PPO,Gold,QHP,OK
3159,87571OK0350109,87571,PPO,Gold,QHP,OK
3160,40463OK0010021,40463,PPO,Gold,QHP,OK
3161,40463OK0010022,40463,PPO,Silver,QHP,OK
3162,40463OK0010023,40463,PPO,Silver,QHP,OK
3163,40463OK0010024,40463,PPO,Silver,QHP,OK
3164,40463OK0010026,40463,PPO,Bronze Expanded,QHP,OK
3165,40463OK0010028,40463,PPO,Bronze Expanded,QHP,OK
3166,40463OK0010029,40463,PPO,Bronze Expanded,QHP,OK
3167,40463OK0010030,40463,PPO,Catastrophic,QHP,OK
3168,21333OK0010001,21333,PPO,Gold,QHP,OK
3169,21333OK0010003,21333,PPO,Silver,QHP,OK
3170,21333OK0010005,21333,PPO,Bronze Expanded,QHP,OK
3171,21333OK0010011,21333,PPO,Bronze Expanded,QHP,OK
3172,21333OK0010013,21333,PPO,Catastrophic,QHP,OK
3173,21333OK0010025,21333,PPO,Gold,QHP,OK
3174,21333OK0010029,21333,PPO,Bronze Expanded,QHP,OK
3175,21333OK0020003,21333,PPO,Silver,QHP,OK
3176,21333OK0020005,21333,PPO,Bronze Expanded,QHP,OK
3177,21333OK0020013,21333,PPO,Catastrophic,QHP,OK
3178,21333OK0020025,21333,PPO,Gold,QHP,OK
3179,21333OK0020029,21333,PPO,Bronze Expanded,QHP,OK
3180,91908OK0010002,91908,PPO,Bronze Expanded,QHP,OK
3181,91908OK0010003,91908,PPO,Bronze Expanded,QHP,OK
3182,91908OK0010005,91908,PPO,Bronze Expanded,QHP,OK
3183,91908OK0010006,91908,PPO,Silver,QHP,OK
3184,91908OK0010008,91908,PPO,Silver,QHP,OK
3185,91908OK0010011,91908,PPO,Catastrophic,QHP,OK
3186,91908OK0010013,91908,PPO,Gold,QHP,OK
3187,91908OK0010014,91908,PPO,Bronze Expanded,QHP,OK
3188,91908OK0010015,91908,PPO,Silver,QHP,OK
3189,91908OK0010017,91908,PPO,Silver,QHP,OK
3190,91908OK0010020,91908,PPO,Gold,QHP,OK
3191,91908OK0010021,91908,PPO,Bronze Expanded,QHP,OK
3192,91908OK0010022,91908,PPO,Bronze Expanded,QHP,OK
3193,91908OK0010024,91908,PPO,Bronze Expanded,QHP,OK
3194,91908OK0010025,91908,PPO,Silver,QHP,OK
3195,91908OK0010026,91908,PPO,Silver,QHP,OK
3196,91908OK0010027,91908,PPO,Silver,QHP,OK
3197,91908OK0010028,91908,PPO,Silver,QHP,OK
3198,91908OK0010030,91908,PPO,Silver,QHP,OK
3199,91908OK0010033,91908,PPO,Gold,QHP,OK
3200,91908OK0010035,91908,PPO,Gold,QHP,OK
3201,91908OK0010036,91908,PPO,Gold,QHP,OK
3202,91908OK0010037,91908,PPO,Gold,QHP,OK
3203,91908OK0010039,91908,PPO,Bronze Expanded,QHP,OK
3204,91908OK0010042,91908,PPO,Bronze Expanded,QHP,OK
3205,91908OK0010043,91908,PPO,Bronze Expanded,QHP,OK
3206,91908OK0010045,91908,PPO,Silver,QHP,OK
3207,45480OK0050012,45480,HMO,Gold,QHP,OK
3208,45480OK0050013,45480,HMO,Gold,QHP,OK
3209,45480OK0050014,45480,HMO,Silver,QHP,OK
3210,45480OK0050015,45480,HMO,Silver,QHP,OK
3211,45480OK0050016,45480,HMO,Silver,QHP,OK
3212,45480OK0050017,45480,HMO,Bronze Expanded,QHP,OK
3213,45480OK0050018,45480,HMO,Bronze Expanded,QHP,OK
3214,45480OK0050019,45480,HMO,Bronze Expanded,QHP,OK
3215,45480OK0050020,45480,HMO,Bronze,QHP,OK
3216,45480OK0050021,45480,HMO,Bronze Expanded,QHP,OK
3217,98905OK0130024,98905,HMO,Catastrophic,QHP,OK
3218,98905OK0130041,98905,HMO,Gold,QHP,OK
3219,98905OK0130042,98905,HMO,Silver,QHP,OK
3220,98905OK0130043,98905,HMO,Gold,QHP,OK
3221,98905OK0130044,98905,HMO,Gold,QHP,OK
3222,98905OK0130045,98905,HMO,Bronze Expanded,QHP,OK
3223,98905OK0130046,98905,HMO,Bronze Expanded,QHP,OK
3224,62505OK0120001,62505,PPO,Bronze,QHP,OK
3225,62505OK0120002,62505,PPO,Bronze Expanded,QHP,OK
3226,62505OK0120005,62505,PPO,Bronze Expanded,QHP,OK
3227,62505OK0120006,62505,PPO,Bronze Expanded,QHP,OK
3228,62505OK0120007,62505,PPO,Silver,QHP,OK
3229,62505OK0120008,62505,PPO,Silver,QHP,OK
3230,62505OK0120010,62505,PPO,Silver,QHP,OK
3231,62505OK0120011,62505,PPO,Silver,QHP,OK
3232,62505OK0120012,62505,PPO,Silver,QHP,OK
3233,62505OK0120013,62505,PPO,Gold,QHP,OK
3234,62505OK0120014,62505,PPO,Gold,QHP,OK
3235,62505OK0130001,62505,PPO,Bronze,QHP,OK
3236,62505OK0130002,62505,PPO,Bronze Expanded,QHP,OK
3237,62505OK0130005,62505,PPO,Bronze Expanded,QHP,OK
3238,62505OK0130006,62505,PPO,Bronze Expanded,QHP,OK
3239,62505OK0130007,62505,PPO,Silver,QHP,OK
3240,62505OK0130008,62505,PPO,Silver,QHP,OK
3241,62505OK0130011,62505,PPO,Silver,QHP,OK
3242,62505OK0130012,62505,PPO,Silver,QHP,OK
3243,62505OK0130013,62505,PPO,Gold,QHP,OK
3244,62505OK0130014,62505,PPO,Gold,QHP,OK
3245,91538OK0010001,91538,HMO,Catastrophic,QHP,OK
3246,91538OK0010002,91538,HMO,Bronze,QHP,OK
3247,91538OK0010003,91538,HMO,Bronze Expanded,QHP,OK
3248,91538OK0010004,91538,HMO,Bronze Expanded,QHP,OK
3249,91538OK0010005,91538,HMO,Silver,QHP,OK
3250,91538OK0010006,91538,HMO,Gold,QHP,OK
3251,91538OK0010007,91538,HMO,Bronze Expanded,QHP,OK
3252,91538OK0010008,91538,HMO,Silver,QHP,OK
3253,91538OK0010009,91538,HMO,Gold,QHP,OK
3254,87571OK0320123,87571,PPO,Bronze,QHP,OK
3255,87571OK0320124,87571,PPO,Bronze,QHP,OK
3256,87571OK0320125,87571,PPO,Bronze,QHP,OK
3257,87571OK0320126,87571,PPO,Bronze,QHP,OK
3258,87571OK0320127,87571,PPO,Bronze,QHP,OK
3259,87571OK0350115,87571,PPO,Silver,QHP,OK
3260,87571OK0350116,87571,PPO,Silver,QHP,OK
3261,87571OK0350118,87571,PPO,Gold,QHP,OK
3262,87571OK0350119,87571,PPO,Silver,QHP,OK
3263,87571OK0350120,87571,PPO,Silver,QHP,OK
3264,87571OK0350121,87571,PPO,Silver,QHP,OK
3265,87571OK0350122,87571,PPO,Silver,QHP,OK
3266,87571OK0350127,87571,PPO,Gold,QHP,OK
3267,87571OK0350128,87571,PPO,Gold,QHP,OK
3268,87571OK0350129,87571,PPO,Gold,QHP,OK
3269,87571OK0350130,87571,PPO,Gold,QHP,OK
3270,40463OK0010031,40463,PPO,Silver,QHP,OK
3271,40463OK0010033,40463,PPO,Bronze Expanded,QHP,OK
3272,40463OK0010035,40463,PPO,Bronze Expanded,QHP,OK
3273,40463OK0010039,40463,PPO,Silver,QHP,OK
3274,40463OK0010058,40463,PPO,Bronze Expanded,QHP,OK
3275,40463OK0010059,40463,PPO,Silver,QHP,OK
3276,40463OK0010062,40463,PPO,Gold,QHP,OK
3277,21333OK0010027,21333,PPO,Silver,QHP,OK
3278,21333OK0010035,21333,PPO,Bronze,QHP,OK
3279,21333OK0010036,21333,PPO,Bronze,QHP,OK
3280,21333OK0010041,21333,PPO,Bronze Expanded,QHP,OK
3281,21333OK0020035,21333,PPO,Bronze,QHP,OK
3282,21333OK0060001,21333,PPO,Gold,QHP,OK
3283,21333OK0060003,21333,PPO,Silver,QHP,OK
3284,21333OK0060011,21333,PPO,Bronze Expanded,QHP,OK
3285,21333OK0060013,21333,PPO,Catastrophic,QHP,OK
3286,21333OK0060025,21333,PPO,Gold,QHP,OK
3287,21333OK0060027,21333,PPO,Silver,QHP,OK
3288,21333OK0060029,21333,PPO,Bronze Expanded,QHP,OK
3289,21333OK0060035,21333,PPO,Bronze,QHP,OK
3290,21333OK0060037,21333,PPO,Bronze Expanded,QHP,OK
3291,21333OK0060038,21333,PPO,Bronze Expanded,QHP,OK
3292,63474OR0600007,63474,EPO,Gold,QHP,OR
3293,63474OR0600009,63474,EPO,Bronze Expanded,QHP,OR
3294,63474OR0600010,63474,EPO,Silver,QHP,OR
3295,39424OR1600001,39424,EPO,Gold,QHP,OR
3296,39424OR1600002,39424,EPO,Silver,QHP,OR
3297,39424OR1610001,39424,EPO,Gold,QHP,OR
3298,39424OR1610002,39424,EPO,Silver,QHP,OR
3299,39424OR1610003,39424,EPO,Bronze Expanded,QHP,OR
3300,39424OR1610004,39424,EPO,Gold,QHP,OR
3301,39424OR1610005,39424,EPO,Silver,QHP,OR
3302,39424OR1610006,39424,EPO,Bronze Expanded,QHP,OR
3303,39424OR1620001,39424,EPO,Gold,QHP,OR
3304,39424OR1620002,39424,EPO,Silver,QHP,OR
3305,39424OR1620003,39424,EPO,Bronze Expanded,QHP,OR
3306,39424OR1620004,39424,EPO,Bronze Expanded,QHP,OR
3307,71287OR0420001,71287,EPO,Gold,QHP,OR
3308,71287OR0420002,71287,EPO,Gold,QHP,OR
3309,71287OR0420003,71287,EPO,Silver,QHP,OR
3310,71287OR0420004,71287,EPO,Bronze Expanded,QHP,OR
3311,71287OR0420005,71287,EPO,Gold,QHP,OR
3312,71287OR0420011,71287,EPO,Silver,QHP,OR
3313,71287OR0420012,71287,EPO,Silver,QHP,OR
3314,71287OR0420014,71287,EPO,Bronze Expanded,QHP,OR
3315,71287OR0420016,71287,EPO,Bronze Expanded,QHP,OR
3316,10091OR0750002,10091,PPO,Bronze Expanded,QHP,OR
3317,10091OR0750003,10091,PPO,Bronze Expanded,QHP,OR
3318,10091OR0750004,10091,PPO,Silver,QHP,OR
3319,10091OR0750005,10091,PPO,Silver,QHP,OR
3320,77969OR5280003,77969,EPO,Bronze Expanded,QHP,OR
3321,77969OR5280006,77969,EPO,Bronze Expanded,QHP,OR
3322,77969OR5280007,77969,EPO,Silver,QHP,OR
3323,77969OR5280008,77969,EPO,Silver,QHP,OR
3324,77969OR5280010,77969,EPO,Bronze Expanded,QHP,OR
3325,77969OR5280011,77969,EPO,Bronze Expanded,QHP,OR
3326,77969OR5280012,77969,EPO,Bronze Expanded,QHP,OR
3327,77969OR5280013,77969,EPO,Bronze Expanded,QHP,OR
3328,77969OR5280014,77969,EPO,Silver,QHP,OR
3329,77969OR5280015,77969,EPO,Silver,QHP,OR
3330,77969OR5280016,77969,EPO,Silver,QHP,OR
3331,77969OR5280017,77969,EPO,Bronze Expanded,QHP,OR
3332,77969OR5280018,77969,EPO,Bronze Expanded,QHP,OR
3333,77969OR5280019,77969,EPO,Bronze Expanded,QHP,OR
3334,77969OR5280021,77969,EPO,Silver,QHP,OR
3335,77969OR5280022,77969,EPO,Silver,QHP,OR
3336,77969OR5290001,77969,EPO,Silver,QHP,OR
3337,77969OR5290002,77969,EPO,Bronze Expanded,QHP,OR
3338,77969OR5290005,77969,EPO,Gold,QHP,OR
3339,77969OR5290007,77969,EPO,Gold,QHP,OR
3340,77969OR5290008,77969,EPO,Silver,QHP,OR
3341,77969OR5290009,77969,EPO,Bronze Expanded,QHP,OR
3342,77969OR5310001,77969,EPO,Gold,QHP,OR
3343,77969OR5310002,77969,EPO,Gold,QHP,OR
3344,77969OR5310003,77969,EPO,Silver,QHP,OR
3345,77969OR5320001,77969,EPO,Gold,QHP,OR
3346,77969OR5320002,77969,EPO,Gold,QHP,OR
3347,39424OR1620050,39424,EPO,Gold,QHP,OR
3348,39424OR1620051,39424,EPO,Gold,QHP,OR
3349,39424OR1620052,39424,EPO,Gold,QHP,OR
3350,39424OR1620053,39424,EPO,Silver,QHP,OR
3351,39424OR1620054,39424,EPO,Bronze Expanded,QHP,OR
3352,39424OR1620055,39424,EPO,Bronze Expanded,QHP,OR
3353,39424OR1620063,39424,EPO,Silver,QHP,OR
3354,39424OR1620069,39424,EPO,Silver,QHP,OR
3355,39424OR1620074,39424,EPO,Bronze Expanded,QHP,OR
3356,39424OR1620075,39424,EPO,Bronze Expanded,QHP,OR
3357,71287OR0420018,71287,EPO,Bronze Expanded,QHP,OR
3358,10091OR0750011,10091,PPO,Catastrophic,QHP,OR
3359,10091OR0750012,10091,PPO,Bronze Expanded,QHP,OR
3360,10091OR0750013,10091,PPO,Silver,QHP,OR
3361,10091OR0750014,10091,PPO,Gold,QHP,OR
3362,10091OR0760001,10091,PPO,Gold,QHP,OR
3363,56707OR1320004,56707,EPO,Gold,QHP,OR
3364,56707OR1330004,56707,EPO,Silver,QHP,OR
3365,56707OR1350004,56707,EPO,Gold,QHP,OR
3366,56707OR1360004,56707,EPO,Silver,QHP,OR
3367,56707OR1380008,56707,EPO,Gold,QHP,OR
3368,56707OR1380009,56707,EPO,Silver,QHP,OR
3369,56707OR1380010,56707,EPO,Bronze Expanded,QHP,OR
3370,56707OR1400003,56707,EPO,Bronze Expanded,QHP,OR
3371,56707OR1410003,56707,EPO,Bronze Expanded,QHP,OR
3372,56707OR1420003,56707,EPO,Bronze Expanded,QHP,OR
3373,56707OR1430003,56707,EPO,Bronze Expanded,QHP,OR
3374,42326SC0010001,42326,HMO,Gold,QHP,SC
3375,42326SC0010002,42326,HMO,Silver,QHP,SC
3376,42326SC0020001,42326,HMO,Gold,QHP,SC
3377,42326SC0020002,42326,HMO,Silver,QHP,SC
3378,42326SC0030001,42326,HMO,Silver,QHP,SC
3379,79222SC0010002,79222,HMO,Bronze,QHP,SC
3380,79222SC0010004,79222,HMO,Silver,QHP,SC
3381,79222SC0010006,79222,HMO,Gold,QHP,SC
3382,79222SC0010008,79222,HMO,Silver,QHP,SC
3383,79222SC0020001,79222,HMO,Gold,QHP,SC
3384,79222SC0020002,79222,HMO,Bronze,QHP,SC
3385,79222SC0020004,79222,HMO,Silver,QHP,SC
3386,26065SC0380001,26065,EPO,Gold,QHP,SC
3387,26065SC0380002,26065,EPO,Silver,QHP,SC
3388,26065SC0380003,26065,EPO,Silver,QHP,SC
3389,26065SC0380005,26065,EPO,Bronze Expanded,QHP,SC
3390,26065SC0380006,26065,EPO,Bronze,QHP,SC
3391,26065SC0380007,26065,EPO,Gold,QHP,SC
3392,26065SC0380008,26065,EPO,Gold,QHP,SC
3393,26065SC0380011,26065,EPO,Silver,QHP,SC
3394,26065SC0380012,26065,EPO,Bronze Expanded,QHP,SC
3395,26065SC0380013,26065,EPO,Bronze Expanded,QHP,SC
3396,26065SC0380014,26065,EPO,Bronze Expanded,QHP,SC
3397,26065SC0380015,26065,EPO,Silver,QHP,SC
3398,26065SC0380021,26065,EPO,Gold,QHP,SC
3399,26065SC0380023,26065,EPO,Silver,QHP,SC
3400,26065SC0390001,26065,EPO,Catastrophic,QHP,SC
3401,16985SC0010001,16985,HMO,Gold,QHP,SC
3402,16985SC0010002,16985,HMO,Silver,QHP,SC
3403,16985SC0010003,16985,HMO,Silver,QHP,SC
3404,16985SC0010004,16985,HMO,Silver,QHP,SC
3405,16985SC0010006,16985,HMO,Bronze Expanded,QHP,SC
3406,16985SC0010007,16985,HMO,Bronze Expanded,QHP,SC
3407,16985SC0010008,16985,HMO,Bronze Expanded,QHP,SC
3408,16985SC0010009,16985,HMO,Catastrophic,QHP,SC
3409,42326SC0010004,42326,HMO,Silver,QHP,SC
3410,42326SC0010007,42326,HMO,Silver,QHP,SC
3411,79222SC0010011,79222,HMO,Bronze Expanded,QHP,SC
3412,79222SC0010012,79222,HMO,Bronze Expanded,QHP,SC
3413,79222SC0010013,79222,HMO,Silver,QHP,SC
3414,79222SC0010021,79222,HMO,Bronze Expanded,QHP,SC
3415,79222SC0010022,79222,HMO,Bronze Expanded,QHP,SC
3416,79222SC0010023,79222,HMO,Silver,QHP,SC
3417,79222SC0010024,79222,HMO,Silver,QHP,SC
3418,79222SC0010025,79222,HMO,Silver,QHP,SC
3419,79222SC0010026,79222,HMO,Gold,QHP,SC
3420,79222SC0020008,79222,HMO,Silver,QHP,SC
3421,79222SC0020011,79222,HMO,Bronze Expanded,QHP,SC
3422,79222SC0020012,79222,HMO,Bronze Expanded,QHP,SC
3423,79222SC0020021,79222,HMO,Bronze Expanded,QHP,SC
3424,79222SC0020022,79222,HMO,Bronze Expanded,QHP,SC
3425,79222SC0020023,79222,HMO,Silver,QHP,SC
3426,79222SC0020024,79222,HMO,Silver,QHP,SC
3427,79222SC0020025,79222,HMO,Silver,QHP,SC
3428,79222SC0020026,79222,HMO,Gold,QHP,SC
3429,79222SC0020027,79222,HMO,Silver,QHP,SC
3430,79222SC0050001,79222,HMO,Bronze Expanded,QHP,SC
3431,79222SC0050002,79222,HMO,Silver,QHP,SC
3432,26065SC0380047,26065,EPO,Bronze Expanded,QHP,SC
3433,26065SC0380048,26065,EPO,Gold,QHP,SC
3434,26065SC0620001,26065,EPO,Silver,QHP,SC
3435,26065SC0620002,26065,EPO,Silver,QHP,SC
3436,26065SC0620003,26065,EPO,Bronze Expanded,QHP,SC
3437,26065SC0620004,26065,EPO,Gold,QHP,SC
3438,26065SC0630001,26065,EPO,Silver,QHP,SC
3439,26065SC0630002,26065,EPO,Silver,QHP,SC
3440,26065SC0630003,26065,EPO,Bronze Expanded,QHP,SC
3441,26065SC0630004,26065,EPO,Gold,QHP,SC
3442,16985SC0010010,16985,HMO,Silver,QHP,SC
3443,16985SC0010012,16985,HMO,Bronze Expanded,QHP,SC
3444,16985SC0010013,16985,HMO,Bronze Expanded,QHP,SC
3445,16985SC0010017,16985,HMO,Silver,QHP,SC
3446,16985SC0010018,16985,HMO,Gold,QHP,SC
3447,16985SC0010019,16985,HMO,Bronze Expanded,QHP,SC
3448,16985SC0010020,16985,HMO,Bronze Expanded,QHP,SC
3449,16985SC0010021,16985,HMO,Bronze Expanded,QHP,SC
3450,16985SC0010022,16985,HMO,Bronze Expanded,QHP,SC
3451,16985SC0010023,16985,HMO,Bronze Expanded,QHP,SC
3452,16985SC0010024,16985,HMO,Silver,QHP,SC
3453,16985SC0010025,16985,HMO,Silver,QHP,SC
3454,16985SC0010027,16985,HMO,Silver,QHP,SC
3455,16985SC0010029,16985,HMO,Silver,QHP,SC
3456,16985SC0010033,16985,HMO,Silver,QHP,SC
3457,16985SC0010034,16985,HMO,Gold,QHP,SC
3458,16985SC0010035,16985,HMO,Gold,QHP,SC
3459,16985SC0010036,16985,HMO,Catastrophic,QHP,SC
3460,16985SC0010037,16985,HMO,Bronze Expanded,QHP,SC
3461,16985SC0010038,16985,HMO,Bronze Expanded,QHP,SC
3462,16985SC0010039,16985,HMO,Bronze Expanded,QHP,SC
3463,16985SC0010040,16985,HMO,Bronze Expanded,QHP,SC
3464,16985SC0010041,16985,HMO,Bronze Expanded,QHP,SC
3465,16985SC0010042,16985,HMO,Silver,QHP,SC
3466,16985SC0010043,16985,HMO,Silver,QHP,SC
3467,16985SC0010045,16985,HMO,Silver,QHP,SC
3468,16985SC0010047,16985,HMO,Silver,QHP,SC
3469,16985SC0010051,16985,HMO,Silver,QHP,SC
3470,16985SC0010052,16985,HMO,Gold,QHP,SC
3471,16985SC0010053,16985,HMO,Gold,QHP,SC
3472,16985SC0010054,16985,HMO,Catastrophic,QHP,SC
3473,16985SC0010055,16985,HMO,Bronze Expanded,QHP,SC
3474,16985SC0010056,16985,HMO,Silver,QHP,SC
3475,16985SC0010057,16985,HMO,Bronze Expanded,QHP,SC
3476,16985SC0010058,16985,HMO,Silver,QHP,SC
3477,16985SC0010059,16985,HMO,Bronze Expanded,QHP,SC
3478,16985SC0010060,16985,HMO,Silver,QHP,SC
3479,60536SD0020007,60536,PPO,Gold,QHP,SD
3480,60536SD0020011,60536,PPO,Silver,QHP,SD
3481,60536SD0020018,60536,PPO,Catastrophic,QHP,SD
3482,60536SD0020022,60536,PPO,Silver,QHP,SD
3483,60536SD0020023,60536,PPO,Bronze Expanded,QHP,SD
3484,60536SD0020024,60536,PPO,Bronze Expanded,QHP,SD
3485,60536SD0020029,60536,PPO,Silver,QHP,SD
3486,60536SD0060001,60536,HMO,Silver,QHP,SD
3487,60536SD0060002,60536,HMO,Silver,QHP,SD
3488,60536SD0060003,60536,HMO,Bronze Expanded,QHP,SD
3489,31195SD0080007,31195,HMO,Bronze Expanded,QHP,SD
3490,31195SD0080008,31195,HMO,Silver,QHP,SD
3491,31195SD0080009,31195,HMO,Bronze Expanded,QHP,SD
3492,31195SD0080015,31195,HMO,Catastrophic,QHP,SD
3493,31195SD0080016,31195,HMO,Silver,QHP,SD
3494,31195SD0080017,31195,HMO,Silver,QHP,SD
3495,31195SD0080018,31195,HMO,Gold,QHP,SD
3496,31195SD0080019,31195,HMO,Bronze Expanded,QHP,SD
3497,31195SD0110001,31195,PPO,Gold,QHP,SD
3498,31195SD0110002,31195,PPO,Silver,QHP,SD
3499,31195SD0110003,31195,PPO,Silver,QHP,SD
3500,31195SD0110005,31195,PPO,Silver,QHP,SD
3501,31195SD0110006,31195,PPO,Bronze Expanded,QHP,SD
3502,31195SD0110007,31195,PPO,Bronze Expanded,QHP,SD
3503,31195SD0110008,31195,PPO,Bronze Expanded,QHP,SD
3504,31195SD0110009,31195,PPO,Catastrophic,QHP,SD
3505,60536SD0020039,60536,PPO,Silver,QHP,SD
3506,60536SD0020040,60536,PPO,Bronze Expanded,QHP,SD
3507,60536SD0060004,60536,HMO,Catastrophic,QHP,SD
3508,60536SD0060005,60536,HMO,Gold,QHP,SD
3509,60536SD0060007,60536,HMO,Silver,QHP,SD
3510,60536SD0060008,60536,HMO,Bronze Expanded,QHP,SD
3511,60536SD0060009,60536,HMO,Bronze Expanded,QHP,SD
3512,70111TN0110002,70111,EPO,Bronze,QHP,TN
3513,70111TN0110004,70111,EPO,Silver,QHP,TN
3514,70111TN0110006,70111,EPO,Gold,QHP,TN
3515,70111TN0110007,70111,EPO,Bronze Expanded,QHP,TN
3516,70111TN0110010,70111,EPO,Silver,QHP,TN
3517,99248TN0060005,99248,EPO,Silver,QHP,TN
3518,99248TN0060006,99248,EPO,Gold,QHP,TN
3519,99248TN0060033,99248,EPO,Bronze,QHP,TN
3520,99248TN0060042,99248,EPO,Bronze Expanded,QHP,TN
3521,99248TN0060044,99248,EPO,Silver,QHP,TN
3522,14002TN0400001,14002,EPO,Bronze Expanded,QHP,TN
3523,14002TN0400002,14002,EPO,Bronze Expanded,QHP,TN
3524,14002TN0400003,14002,EPO,Bronze Expanded,QHP,TN
3525,14002TN0400004,14002,EPO,Bronze Expanded,QHP,TN
3526,14002TN0400005,14002,EPO,Bronze Expanded,QHP,TN
3527,14002TN0400006,14002,EPO,Bronze Expanded,QHP,TN
3528,14002TN0400007,14002,EPO,Bronze,QHP,TN
3529,14002TN0400008,14002,EPO,Bronze,QHP,TN
3530,14002TN0400009,14002,EPO,Bronze,QHP,TN
3531,14002TN0400010,14002,EPO,Bronze,QHP,TN
3532,14002TN0400011,14002,EPO,Bronze,QHP,TN
3533,14002TN0400012,14002,EPO,Bronze,QHP,TN
3534,14002TN0400013,14002,EPO,Bronze Expanded,QHP,TN
3535,14002TN0400014,14002,EPO,Bronze Expanded,QHP,TN
3536,14002TN0400015,14002,EPO,Bronze,QHP,TN
3537,14002TN0400016,14002,EPO,Bronze,QHP,TN
3538,14002TN0400025,14002,EPO,Bronze Expanded,QHP,TN
3539,14002TN0400026,14002,EPO,Bronze Expanded,QHP,TN
3540,14002TN0400027,14002,EPO,Bronze Expanded,QHP,TN
3541,14002TN0400029,14002,EPO,Bronze Expanded,QHP,TN
3542,14002TN0400031,14002,EPO,Bronze Expanded,QHP,TN
3543,14002TN0400032,14002,EPO,Bronze Expanded,QHP,TN
3544,14002TN0400100,14002,EPO,Silver,QHP,TN
3545,14002TN0400101,14002,EPO,Silver,QHP,TN
3546,14002TN0400102,14002,EPO,Silver,QHP,TN
3547,14002TN0400103,14002,EPO,Silver,QHP,TN
3548,14002TN0400104,14002,EPO,Silver,QHP,TN
3549,14002TN0400105,14002,EPO,Silver,QHP,TN
3550,14002TN0400106,14002,EPO,Silver,QHP,TN
3551,14002TN0400107,14002,EPO,Silver,QHP,TN
3552,14002TN0400108,14002,EPO,Silver,QHP,TN
3553,14002TN0400109,14002,EPO,Silver,QHP,TN
3554,14002TN0400110,14002,EPO,Silver,QHP,TN
3555,14002TN0400111,14002,EPO,Silver,QHP,TN
3556,14002TN0400118,14002,EPO,Silver,QHP,TN
3557,14002TN0400119,14002,EPO,Silver,QHP,TN
3558,14002TN0400120,14002,EPO,Silver,QHP,TN
3559,14002TN0400121,14002,EPO,Silver,QHP,TN
3560,14002TN0400200,14002,EPO,Gold,QHP,TN
3561,14002TN0400201,14002,EPO,Gold,QHP,TN
3562,14002TN0400202,14002,EPO,Gold,QHP,TN
3563,14002TN0400203,14002,EPO,Gold,QHP,TN
3564,14002TN0400204,14002,EPO,Gold,QHP,TN
3565,14002TN0400205,14002,EPO,Gold,QHP,TN
3566,14002TN0400206,14002,EPO,Gold,QHP,TN
3567,14002TN0400207,14002,EPO,Gold,QHP,TN
3568,97906TN0010001,97906,EPO,Gold,QHP,TN
3569,97906TN0010002,97906,EPO,Silver,QHP,TN
3570,97906TN0010003,97906,EPO,Silver,QHP,TN
3571,97906TN0010004,97906,EPO,Bronze Expanded,QHP,TN
3572,97906TN0010005,97906,EPO,Bronze Expanded,QHP,TN
3573,97906TN0010006,97906,EPO,Bronze Expanded,QHP,TN
3574,97906TN0010007,97906,EPO,Silver,QHP,TN
3575,97906TN0010008,97906,EPO,Silver,QHP,TN
3576,97906TN0010009,97906,EPO,Bronze Expanded,QHP,TN
3577,97906TN0010010,97906,EPO,Catastrophic,QHP,TN
3578,97906TN0010021,97906,EPO,Gold,QHP,TN
3579,97906TN0010022,97906,EPO,Silver,QHP,TN
3580,97906TN0010023,97906,EPO,Silver,QHP,TN
3581,97906TN0010024,97906,EPO,Bronze Expanded,QHP,TN
3582,97906TN0010025,97906,EPO,Bronze Expanded,QHP,TN
3583,97906TN0010026,97906,EPO,Bronze Expanded,QHP,TN
3584,97906TN0010027,97906,EPO,Catastrophic,QHP,TN
3585,97906TN0010028,97906,EPO,Silver,QHP,TN
3586,97906TN0010029,97906,EPO,Silver,QHP,TN
3587,97906TN0010030,97906,EPO,Bronze Expanded,QHP,TN
3588,97906TN0010031,97906,EPO,Gold,QHP,TN
3589,97906TN0010032,97906,EPO,Silver,QHP,TN
3590,97906TN0010033,97906,EPO,Silver,QHP,TN
3591,97906TN0010034,97906,EPO,Bronze Expanded,QHP,TN
3592,97906TN0010035,97906,EPO,Bronze Expanded,QHP,TN
3593,97906TN0010037,97906,EPO,Silver,QHP,TN
3594,97906TN0010038,97906,EPO,Silver,QHP,TN
3595,97906TN0010039,97906,EPO,Bronze Expanded,QHP,TN
3596,97906TN0010040,97906,EPO,Catastrophic,QHP,TN
3597,23552TN0020001,23552,EPO,Bronze Expanded,QHP,TN
3598,23552TN0020003,23552,EPO,Bronze Expanded,QHP,TN
3599,23552TN0020005,23552,EPO,Bronze Expanded,QHP,TN
3600,23552TN0020006,23552,EPO,Silver,QHP,TN
3601,23552TN0020008,23552,EPO,Silver,QHP,TN
3602,23552TN0020011,23552,EPO,Catastrophic,QHP,TN
3603,23552TN0020013,23552,EPO,Gold,QHP,TN
3604,69443TN0140001,69443,EPO,Gold,QHP,TN
3605,69443TN0140003,69443,EPO,Silver,QHP,TN
3606,69443TN0140005,69443,EPO,Bronze Expanded,QHP,TN
3607,69443TN0140007,69443,EPO,Bronze Expanded,QHP,TN
3608,69443TN0140008,69443,EPO,Gold,QHP,TN
3609,69443TN0140009,69443,EPO,Silver,QHP,TN
3610,69443TN0140010,69443,EPO,Silver,QHP,TN
3611,69443TN0140011,69443,EPO,Silver,QHP,TN
3612,69443TN0140012,69443,EPO,Bronze Expanded,QHP,TN
3613,69443TN0140013,69443,EPO,Bronze,QHP,TN
3614,70111TN0110012,70111,EPO,Silver,QHP,TN
3615,70111TN0110023,70111,EPO,Bronze Expanded,QHP,TN
3616,70111TN0110025,70111,EPO,Bronze Expanded,QHP,TN
3617,70111TN0110026,70111,EPO,Bronze Expanded,QHP,TN
3618,70111TN0110027,70111,EPO,Silver,QHP,TN
3619,70111TN0110028,70111,EPO,Silver,QHP,TN
3620,70111TN0110029,70111,EPO,Silver,QHP,TN
3621,70111TN0110030,70111,EPO,Gold,QHP,TN
3622,70111TN0120002,70111,EPO,Bronze,QHP,TN
3623,70111TN0120004,70111,EPO,Silver,QHP,TN
3624,70111TN0120006,70111,EPO,Gold,QHP,TN
3625,70111TN0120007,70111,EPO,Bronze Expanded,QHP,TN
3626,70111TN0120010,70111,EPO,Silver,QHP,TN
3627,70111TN0120023,70111,EPO,Bronze Expanded,QHP,TN
3628,70111TN0120025,70111,EPO,Bronze Expanded,QHP,TN
3629,70111TN0120026,70111,EPO,Bronze Expanded,QHP,TN
3630,70111TN0120028,70111,EPO,Silver,QHP,TN
3631,70111TN0120029,70111,EPO,Silver,QHP,TN
3632,70111TN0120030,70111,EPO,Gold,QHP,TN
3633,70111TN0120032,70111,EPO,Silver,QHP,TN
3634,99248TN0060091,99248,EPO,Bronze,QHP,TN
3635,99248TN0060092,99248,EPO,Silver,QHP,TN
3636,99248TN0060093,99248,EPO,Silver,QHP,TN
3637,99248TN0060101,99248,EPO,Bronze Expanded,QHP,TN
3638,99248TN0060102,99248,EPO,Bronze Expanded,QHP,TN
3639,99248TN0060103,99248,EPO,Silver,QHP,TN
3640,99248TN0060104,99248,EPO,Silver,QHP,TN
3641,14002TN0400033,14002,EPO,Bronze Expanded,QHP,TN
3642,14002TN0400034,14002,EPO,Bronze Expanded,QHP,TN
3643,14002TN0400036,14002,EPO,Bronze Expanded,QHP,TN
3644,14002TN0400038,14002,EPO,Bronze,QHP,TN
3645,14002TN0400039,14002,EPO,Bronze Expanded,QHP,TN
3646,14002TN0400041,14002,EPO,Bronze Expanded,QHP,TN
3647,14002TN0400042,14002,EPO,Bronze,QHP,TN
3648,14002TN0400044,14002,EPO,Bronze,QHP,TN
3649,14002TN0400045,14002,EPO,Bronze Expanded,QHP,TN
3650,14002TN0400046,14002,EPO,Bronze Expanded,QHP,TN
3651,14002TN0400047,14002,EPO,Bronze Expanded,QHP,TN
3652,14002TN0400048,14002,EPO,Bronze Expanded,QHP,TN
3653,14002TN0400049,14002,EPO,Bronze Expanded,QHP,TN
3654,14002TN0400050,14002,EPO,Bronze Expanded,QHP,TN
3655,14002TN0400051,14002,EPO,Bronze Expanded,QHP,TN
3656,14002TN0400052,14002,EPO,Bronze Expanded,QHP,TN
3657,14002TN0400053,14002,EPO,Bronze Expanded,QHP,TN
3658,14002TN0400124,14002,EPO,Silver,QHP,TN
3659,14002TN0400129,14002,EPO,Silver,QHP,TN
3660,14002TN0400132,14002,EPO,Silver,QHP,TN
3661,14002TN0400133,14002,EPO,Silver,QHP,TN
3662,14002TN0400136,14002,EPO,Silver,QHP,TN
3663,14002TN0400137,14002,EPO,Silver,QHP,TN
3664,14002TN0400138,14002,EPO,Silver,QHP,TN
3665,14002TN0400139,14002,EPO,Silver,QHP,TN
3666,14002TN0400140,14002,EPO,Silver,QHP,TN
3667,14002TN0400141,14002,EPO,Silver,QHP,TN
3668,14002TN0400142,14002,EPO,Silver,QHP,TN
3669,14002TN0400143,14002,EPO,Silver,QHP,TN
3670,14002TN0400144,14002,EPO,Silver,QHP,TN
3671,14002TN0400146,14002,EPO,Silver,QHP,TN
3672,14002TN0400148,14002,EPO,Silver,QHP,TN
3673,14002TN0400149,14002,EPO,Silver,QHP,TN
3674,14002TN0400208,14002,EPO,Gold,QHP,TN
3675,14002TN0400211,14002,EPO,Gold,QHP,TN
3676,14002TN0400212,14002,EPO,Gold,QHP,TN
3677,14002TN0400213,14002,EPO,Gold,QHP,TN
3678,97906TN0010044,97906,EPO,Bronze Expanded,QHP,TN
3679,97906TN0010047,97906,EPO,Bronze Expanded,QHP,TN
3680,97906TN0010049,97906,EPO,Bronze Expanded,QHP,TN
3681,97906TN0010050,97906,EPO,Bronze Expanded,QHP,TN
3682,97906TN0010054,97906,EPO,Silver,QHP,TN
3683,97906TN0010055,97906,EPO,Gold,QHP,TN
3684,97906TN0010056,97906,EPO,Bronze Expanded,QHP,TN
3685,97906TN0010060,97906,EPO,Silver,QHP,TN
3686,97906TN0010061,97906,EPO,Gold,QHP,TN
3687,97906TN0010062,97906,EPO,Bronze Expanded,QHP,TN
3688,97906TN0010066,97906,EPO,Silver,QHP,TN
3689,97906TN0010067,97906,EPO,Gold,QHP,TN
3690,97906TN0010068,97906,EPO,Bronze Expanded,QHP,TN
3691,97906TN0010069,97906,EPO,Bronze Expanded,QHP,TN
3692,97906TN0010070,97906,EPO,Bronze Expanded,QHP,TN
3693,97906TN0010071,97906,EPO,Bronze Expanded,QHP,TN
3694,97906TN0010072,97906,EPO,Bronze Expanded,QHP,TN
3695,97906TN0010073,97906,EPO,Bronze Expanded,QHP,TN
3696,97906TN0010074,97906,EPO,Silver,QHP,TN
3697,97906TN0010075,97906,EPO,Silver,QHP,TN
3698,97906TN0010077,97906,EPO,Silver,QHP,TN
3699,97906TN0010079,97906,EPO,Silver,QHP,TN
3700,97906TN0010083,97906,EPO,Silver,QHP,TN
3701,97906TN0010084,97906,EPO,Gold,QHP,TN
3702,97906TN0010085,97906,EPO,Gold,QHP,TN
3703,97906TN0010086,97906,EPO,Catastrophic,QHP,TN
3704,97906TN0010091,97906,EPO,Bronze Expanded,QHP,TN
3705,97906TN0010092,97906,EPO,Silver,QHP,TN
3706,97906TN0010093,97906,EPO,Silver,QHP,TN
3707,97906TN0010095,97906,EPO,Silver,QHP,TN
3708,97906TN0010097,97906,EPO,Silver,QHP,TN
3709,97906TN0010101,97906,EPO,Silver,QHP,TN
3710,97906TN0010102,97906,EPO,Gold,QHP,TN
3711,97906TN0010103,97906,EPO,Gold,QHP,TN
3712,97906TN0010104,97906,EPO,Catastrophic,QHP,TN
3713,97906TN0010105,97906,EPO,Bronze Expanded,QHP,TN
3714,97906TN0010106,97906,EPO,Bronze Expanded,QHP,TN
3715,97906TN0010107,97906,EPO,Bronze Expanded,QHP,TN
3716,97906TN0010108,97906,EPO,Bronze Expanded,QHP,TN
3717,97906TN0010109,97906,EPO,Bronze Expanded,QHP,TN
3718,97906TN0010110,97906,EPO,Silver,QHP,TN
3719,97906TN0010111,97906,EPO,Silver,QHP,TN
3720,97906TN0010113,97906,EPO,Silver,QHP,TN
3721,97906TN0010115,97906,EPO,Silver,QHP,TN
3722,97906TN0010119,97906,EPO,Silver,QHP,TN
3723,97906TN0010120,97906,EPO,Gold,QHP,TN
3724,97906TN0010121,97906,EPO,Gold,QHP,TN
3725,97906TN0010122,97906,EPO,Catastrophic,QHP,TN
3726,97906TN0010123,97906,EPO,Bronze Expanded,QHP,TN
3727,97906TN0010124,97906,EPO,Silver,QHP,TN
3728,97906TN0010125,97906,EPO,Bronze Expanded,QHP,TN
3729,97906TN0010126,97906,EPO,Silver,QHP,TN
3730,97906TN0010127,97906,EPO,Bronze Expanded,QHP,TN
3731,97906TN0010128,97906,EPO,Silver,QHP,TN
3732,97906TN0010129,97906,EPO,Bronze Expanded,QHP,TN
3733,97906TN0010130,97906,EPO,Silver,QHP,TN
3734,97906TN0010131,97906,EPO,Bronze Expanded,QHP,TN
3735,97906TN0010132,97906,EPO,Silver,QHP,TN
3736,97906TN0010133,97906,EPO,Bronze Expanded,QHP,TN
3737,97906TN0010134,97906,EPO,Silver,QHP,TN
3738,97906TN0010135,97906,EPO,Bronze Expanded,QHP,TN
3739,97906TN0010136,97906,EPO,Bronze Expanded,QHP,TN
3740,97906TN0010137,97906,EPO,Bronze Expanded,QHP,TN
3741,97906TN0010138,97906,EPO,Bronze Expanded,QHP,TN
3742,23552TN0020002,23552,EPO,Bronze Expanded,QHP,TN
3743,23552TN0020012,23552,EPO,Bronze Expanded,QHP,TN
3744,23552TN0020014,23552,EPO,Bronze Expanded,QHP,TN
3745,23552TN0020016,23552,EPO,Silver,QHP,TN
3746,23552TN0020017,23552,EPO,Silver,QHP,TN
3747,23552TN0020021,23552,EPO,Bronze Expanded,QHP,TN
3748,23552TN0020023,23552,EPO,Bronze Expanded,QHP,TN
3749,23552TN0020024,23552,EPO,Bronze Expanded,QHP,TN
3750,23552TN0020037,23552,EPO,Gold,QHP,TN
3751,29418TX0140006,29418,EPO,Bronze,QHP,TX
3752,29418TX0140019,29418,EPO,Silver,QHP,TX
3753,29418TX0140020,29418,EPO,Silver,QHP,TX
3754,29418TX0140026,29418,EPO,Bronze,QHP,TX
3755,29418TX0140059,29418,EPO,Silver,QHP,TX
3756,29418TX0140061,29418,EPO,Bronze Expanded,QHP,TX
3757,29418TX0140062,29418,EPO,Bronze Expanded,QHP,TX
3758,29418TX0140064,29418,EPO,Gold,QHP,TX
3759,29418TX0140065,29418,EPO,Gold,QHP,TX
3760,29418TX0150020,29418,EPO,Gold,QHP,TX
3761,29418TX0150021,29418,EPO,Gold,QHP,TX
3762,29418TX0150026,29418,EPO,Bronze,QHP,TX
3763,29418TX0150027,29418,EPO,Bronze,QHP,TX
3764,29418TX0150029,29418,EPO,Bronze Expanded,QHP,TX
3765,29418TX0150030,29418,EPO,Bronze Expanded,QHP,TX
3766,29418TX0150038,29418,EPO,Silver,QHP,TX
3767,29418TX0150039,29418,EPO,Silver,QHP,TX
3768,29418TX0160020,29418,EPO,Gold,QHP,TX
3769,29418TX0160021,29418,EPO,Gold,QHP,TX
3770,29418TX0160026,29418,EPO,Bronze,QHP,TX
3771,29418TX0160027,29418,EPO,Bronze,QHP,TX
3772,29418TX0160029,29418,EPO,Bronze Expanded,QHP,TX
3773,29418TX0160030,29418,EPO,Bronze Expanded,QHP,TX
3774,29418TX0160038,29418,EPO,Silver,QHP,TX
3775,29418TX0160039,29418,EPO,Silver,QHP,TX
3776,66252TX0010001,66252,HMO,Catastrophic,QHP,TX
3777,66252TX0010002,66252,HMO,Catastrophic,QHP,TX
3778,66252TX0010003,66252,HMO,Catastrophic,QHP,TX
3779,66252TX0010004,66252,HMO,Catastrophic,QHP,TX
3780,66252TX0010006,66252,HMO,Catastrophic,QHP,TX
3781,66252TX0010007,66252,HMO,Catastrophic,QHP,TX
3782,66252TX0010008,66252,HMO,Catastrophic,QHP,TX
3783,66252TX0030001,66252,HMO,Bronze Expanded,QHP,TX
3784,66252TX0030002,66252,HMO,Bronze Expanded,QHP,TX
3785,66252TX0030003,66252,HMO,Bronze Expanded,QHP,TX
3786,66252TX0030004,66252,HMO,Bronze Expanded,QHP,TX
3787,66252TX0030006,66252,HMO,Bronze Expanded,QHP,TX
3788,66252TX0030007,66252,HMO,Bronze Expanded,QHP,TX
3789,66252TX0030008,66252,HMO,Bronze Expanded,QHP,TX
3790,66252TX0040001,66252,HMO,Silver,QHP,TX
3791,66252TX0040002,66252,HMO,Silver,QHP,TX
3792,66252TX0040003,66252,HMO,Silver,QHP,TX
3793,66252TX0040004,66252,HMO,Silver,QHP,TX
3794,66252TX0040006,66252,HMO,Silver,QHP,TX
3795,66252TX0040007,66252,HMO,Silver,QHP,TX
3796,66252TX0040008,66252,HMO,Silver,QHP,TX
3797,66252TX0050001,66252,HMO,Silver,QHP,TX
3798,66252TX0050002,66252,HMO,Silver,QHP,TX
3799,66252TX0050003,66252,HMO,Silver,QHP,TX
3800,66252TX0050004,66252,HMO,Silver,QHP,TX
3801,66252TX0050006,66252,HMO,Silver,QHP,TX
3802,66252TX0050007,66252,HMO,Silver,QHP,TX
3803,66252TX0050008,66252,HMO,Silver,QHP,TX
3804,66252TX0070001,66252,HMO,Gold,QHP,TX
3805,66252TX0070002,66252,HMO,Gold,QHP,TX
3806,66252TX0070003,66252,HMO,Gold,QHP,TX
3807,66252TX0070004,66252,HMO,Gold,QHP,TX
3808,66252TX0070006,66252,HMO,Gold,QHP,TX
3809,66252TX0070007,66252,HMO,Gold,QHP,TX
3810,66252TX0070008,66252,HMO,Gold,QHP,TX
3811,66252TX0080001,66252,HMO,Bronze Expanded,QHP,TX
3812,66252TX0080002,66252,HMO,Bronze Expanded,QHP,TX
3813,66252TX0080003,66252,HMO,Bronze Expanded,QHP,TX
3814,66252TX0080004,66252,HMO,Bronze Expanded,QHP,TX
3815,66252TX0080006,66252,HMO,Bronze Expanded,QHP,TX
3816,66252TX0080007,66252,HMO,Bronze Expanded,QHP,TX
3817,66252TX0080008,66252,HMO,Bronze Expanded,QHP,TX
3818,45786TX0010001,45786,HMO,Gold,QHP,TX
3819,45786TX0010002,45786,HMO,Silver,QHP,TX
3820,45786TX0020001,45786,HMO,Gold,QHP,TX
3821,45786TX0020002,45786,HMO,Silver,QHP,TX
3822,45786TX0020004,45786,HMO,Silver,QHP,TX
3823,45786TX0050001,45786,HMO,Gold,QHP,TX
3824,45786TX0050002,45786,HMO,Silver,QHP,TX
3825,71837TX0010001,71837,HMO,Silver,QHP,TX
3826,71837TX0010002,71837,HMO,Gold,QHP,TX
3827,71837TX0010003,71837,HMO,Bronze Expanded,QHP,TX
3828,71837TX0010007,71837,HMO,Bronze,QHP,TX
3829,26539TX0140001,26539,HMO,Gold,QHP,TX
3830,26539TX0140002,26539,HMO,Gold,QHP,TX
3831,26539TX0140003,26539,HMO,Silver,QHP,TX
3832,26539TX0140006,26539,HMO,Bronze Expanded,QHP,TX
3833,26539TX0140008,26539,HMO,Silver,QHP,TX
3834,26539TX0140009,26539,HMO,Bronze Expanded,QHP,TX
3835,33602TX0460548,33602,HMO,Gold,QHP,TX
3836,33602TX0460552,33602,HMO,Catastrophic,QHP,TX
3837,33602TX0460553,33602,HMO,Silver,QHP,TX
3838,33602TX0460554,33602,HMO,Bronze Expanded,QHP,TX
3839,33602TX0460555,33602,HMO,Gold,QHP,TX
3840,33602TX0460556,33602,HMO,Gold,QHP,TX
3841,33602TX0460557,33602,HMO,Gold,QHP,TX
3842,33602TX0460558,33602,HMO,Gold,QHP,TX
3843,33602TX0460559,33602,HMO,Gold,QHP,TX
3844,33602TX0460560,33602,HMO,Gold,QHP,TX
3845,33602TX0460561,33602,HMO,Gold,QHP,TX
3846,33602TX0460562,33602,HMO,Gold,QHP,TX
3847,33602TX0460563,33602,HMO,Gold,QHP,TX
3848,33602TX0460564,33602,HMO,Gold,QHP,TX
3849,33602TX0460565,33602,HMO,Gold,QHP,TX
3850,33602TX0460566,33602,HMO,Gold,QHP,TX
3851,33602TX0460567,33602,HMO,Gold,QHP,TX
3852,33602TX0460568,33602,HMO,Gold,QHP,TX
3853,33602TX0460569,33602,HMO,Gold,QHP,TX
3854,33602TX0460570,33602,HMO,Gold,QHP,TX
3855,33602TX0460571,33602,HMO,Gold,QHP,TX
3856,33602TX0460572,33602,HMO,Gold,QHP,TX
3857,33602TX0460573,33602,HMO,Gold,QHP,TX
3858,33602TX0460574,33602,HMO,Gold,QHP,TX
3859,33602TX0460575,33602,HMO,Gold,QHP,TX
3860,33602TX0460576,33602,HMO,Gold,QHP,TX
3861,33602TX0460577,33602,HMO,Gold,QHP,TX
3862,33602TX0460578,33602,HMO,Gold,QHP,TX
3863,33602TX0460579,33602,HMO,Gold,QHP,TX
3864,33602TX0460655,33602,HMO,Catastrophic,QHP,TX
3865,33602TX0460656,33602,HMO,Catastrophic,QHP,TX
3866,33602TX0460657,33602,HMO,Catastrophic,QHP,TX
3867,33602TX0460658,33602,HMO,Catastrophic,QHP,TX
3868,33602TX0460659,33602,HMO,Catastrophic,QHP,TX
3869,33602TX0460660,33602,HMO,Catastrophic,QHP,TX
3870,33602TX0460661,33602,HMO,Catastrophic,QHP,TX
3871,33602TX0460662,33602,HMO,Catastrophic,QHP,TX
3872,33602TX0460663,33602,HMO,Catastrophic,QHP,TX
3873,33602TX0460664,33602,HMO,Catastrophic,QHP,TX
3874,33602TX0460665,33602,HMO,Catastrophic,QHP,TX
3875,33602TX0460666,33602,HMO,Catastrophic,QHP,TX
3876,33602TX0460667,33602,HMO,Catastrophic,QHP,TX
3877,33602TX0460668,33602,HMO,Catastrophic,QHP,TX
3878,33602TX0460669,33602,HMO,Catastrophic,QHP,TX
3879,33602TX0460670,33602,HMO,Catastrophic,QHP,TX
3880,33602TX0460671,33602,HMO,Catastrophic,QHP,TX
3881,33602TX0460672,33602,HMO,Catastrophic,QHP,TX
3882,33602TX0460673,33602,HMO,Catastrophic,QHP,TX
3883,33602TX0460674,33602,HMO,Catastrophic,QHP,TX
3884,33602TX0460675,33602,HMO,Catastrophic,QHP,TX
3885,33602TX0460676,33602,HMO,Catastrophic,QHP,TX
3886,33602TX0460677,33602,HMO,Catastrophic,QHP,TX
3887,33602TX0460678,33602,HMO,Catastrophic,QHP,TX
3888,33602TX0460679,33602,HMO,Catastrophic,QHP,TX
3889,33602TX0460680,33602,HMO,Silver,QHP,TX
3890,33602TX0460681,33602,HMO,Silver,QHP,TX
3891,33602TX0460682,33602,HMO,Silver,QHP,TX
3892,33602TX0460683,33602,HMO,Silver,QHP,TX
3893,33602TX0460684,33602,HMO,Silver,QHP,TX
3894,33602TX0460685,33602,HMO,Silver,QHP,TX
3895,33602TX0460686,33602,HMO,Silver,QHP,TX
3896,33602TX0460687,33602,HMO,Silver,QHP,TX
3897,33602TX0460688,33602,HMO,Silver,QHP,TX
3898,33602TX0460689,33602,HMO,Silver,QHP,TX
3899,33602TX0460690,33602,HMO,Silver,QHP,TX
3900,33602TX0460691,33602,HMO,Silver,QHP,TX
3901,33602TX0460692,33602,HMO,Silver,QHP,TX
3902,33602TX0460693,33602,HMO,Silver,QHP,TX
3903,33602TX0460694,33602,HMO,Silver,QHP,TX
3904,33602TX0460695,33602,HMO,Silver,QHP,TX
3905,33602TX0460696,33602,HMO,Silver,QHP,TX
3906,33602TX0460697,33602,HMO,Silver,QHP,TX
3907,33602TX0460698,33602,HMO,Silver,QHP,TX
3908,33602TX0460699,33602,HMO,Silver,QHP,TX
3909,33602TX0460700,33602,HMO,Silver,QHP,TX
3910,33602TX0460701,33602,HMO,Silver,QHP,TX
3911,33602TX0460702,33602,HMO,Silver,QHP,TX
3912,33602TX0460703,33602,HMO,Silver,QHP,TX
3913,33602TX0460704,33602,HMO,Silver,QHP,TX
3914,33602TX0460705,33602,HMO,Bronze Expanded,QHP,TX
3915,33602TX0460706,33602,HMO,Bronze Expanded,QHP,TX
3916,33602TX0460707,33602,HMO,Bronze Expanded,QHP,TX
3917,33602TX0460708,33602,HMO,Bronze Expanded,QHP,TX
3918,33602TX0460709,33602,HMO,Bronze Expanded,QHP,TX
3919,33602TX0460710,33602,HMO,Bronze Expanded,QHP,TX
3920,33602TX0460711,33602,HMO,Bronze Expanded,QHP,TX
3921,33602TX0460712,33602,HMO,Bronze Expanded,QHP,TX
3922,33602TX0460713,33602,HMO,Bronze Expanded,QHP,TX
3923,33602TX0460714,33602,HMO,Bronze Expanded,QHP,TX
3924,33602TX0460715,33602,HMO,Bronze Expanded,QHP,TX
3925,33602TX0460716,33602,HMO,Bronze Expanded,QHP,TX
3926,33602TX0460717,33602,HMO,Bronze Expanded,QHP,TX
3927,33602TX0460718,33602,HMO,Bronze Expanded,QHP,TX
3928,33602TX0460719,33602,HMO,Bronze Expanded,QHP,TX
3929,33602TX0460720,33602,HMO,Bronze Expanded,QHP,TX
3930,33602TX0460721,33602,HMO,Bronze Expanded,QHP,TX
3931,33602TX0460722,33602,HMO,Bronze Expanded,QHP,TX
3932,33602TX0460723,33602,HMO,Bronze Expanded,QHP,TX
3933,33602TX0460724,33602,HMO,Bronze Expanded,QHP,TX
3934,33602TX0460725,33602,HMO,Bronze Expanded,QHP,TX
3935,33602TX0460726,33602,HMO,Bronze Expanded,QHP,TX
3936,33602TX0460727,33602,HMO,Bronze Expanded,QHP,TX
3937,33602TX0460728,33602,HMO,Bronze Expanded,QHP,TX
3938,33602TX0460729,33602,HMO,Bronze Expanded,QHP,TX
3939,33602TX0460782,33602,HMO,Bronze,QHP,TX
3940,33602TX0460783,33602,HMO,Bronze,QHP,TX
3941,33602TX0460784,33602,HMO,Bronze,QHP,TX
3942,33602TX0460785,33602,HMO,Bronze,QHP,TX
3943,33602TX0460786,33602,HMO,Bronze,QHP,TX
3944,33602TX0460787,33602,HMO,Bronze,QHP,TX
3945,33602TX0460788,33602,HMO,Bronze,QHP,TX
3946,33602TX0460789,33602,HMO,Bronze,QHP,TX
3947,33602TX0460790,33602,HMO,Bronze,QHP,TX
3948,33602TX0460791,33602,HMO,Bronze,QHP,TX
3949,33602TX0460792,33602,HMO,Bronze,QHP,TX
3950,33602TX0460793,33602,HMO,Bronze,QHP,TX
3951,33602TX0460794,33602,HMO,Bronze,QHP,TX
3952,33602TX0460795,33602,HMO,Bronze,QHP,TX
3953,33602TX0460796,33602,HMO,Bronze,QHP,TX
3954,33602TX0460797,33602,HMO,Bronze,QHP,TX
3955,33602TX0460798,33602,HMO,Bronze,QHP,TX
3956,33602TX0460799,33602,HMO,Bronze,QHP,TX
3957,33602TX0460800,33602,HMO,Bronze,QHP,TX
3958,33602TX0460801,33602,HMO,Bronze,QHP,TX
3959,33602TX0460802,33602,HMO,Bronze,QHP,TX
3960,33602TX0460803,33602,HMO,Bronze,QHP,TX
3961,33602TX0460804,33602,HMO,Bronze,QHP,TX
3962,33602TX0460805,33602,HMO,Bronze,QHP,TX
3963,33602TX0460806,33602,HMO,Bronze,QHP,TX
3964,33602TX0460807,33602,HMO,Bronze,QHP,TX
3965,33602TX0770105,33602,HMO,Gold,QHP,TX
3966,33602TX0770106,33602,HMO,Silver,QHP,TX
3967,33602TX0770132,33602,HMO,Gold,QHP,TX
3968,33602TX0770133,33602,HMO,Gold,QHP,TX
3969,33602TX0770134,33602,HMO,Gold,QHP,TX
3970,33602TX0770135,33602,HMO,Gold,QHP,TX
3971,33602TX0770136,33602,HMO,Gold,QHP,TX
3972,33602TX0770137,33602,HMO,Gold,QHP,TX
3973,33602TX0770138,33602,HMO,Gold,QHP,TX
3974,33602TX0770139,33602,HMO,Gold,QHP,TX
3975,33602TX0770140,33602,HMO,Gold,QHP,TX
3976,33602TX0770141,33602,HMO,Gold,QHP,TX
3977,33602TX0770142,33602,HMO,Gold,QHP,TX
3978,33602TX0770143,33602,HMO,Gold,QHP,TX
3979,33602TX0770144,33602,HMO,Gold,QHP,TX
3980,33602TX0770145,33602,HMO,Gold,QHP,TX
3981,33602TX0770146,33602,HMO,Gold,QHP,TX
3982,33602TX0770147,33602,HMO,Gold,QHP,TX
3983,33602TX0770148,33602,HMO,Gold,QHP,TX
3984,33602TX0770149,33602,HMO,Gold,QHP,TX
3985,33602TX0770150,33602,HMO,Gold,QHP,TX
3986,33602TX0770151,33602,HMO,Gold,QHP,TX
3987,33602TX0770152,33602,HMO,Gold,QHP,TX
3988,33602TX0770153,33602,HMO,Gold,QHP,TX
3989,33602TX0770154,33602,HMO,Gold,QHP,TX
3990,33602TX0770155,33602,HMO,Gold,QHP,TX
3991,33602TX0770156,33602,HMO,Gold,QHP,TX
3992,33602TX0770157,33602,HMO,Silver,QHP,TX
3993,33602TX0770158,33602,HMO,Silver,QHP,TX
3994,33602TX0770159,33602,HMO,Silver,QHP,TX
3995,33602TX0770160,33602,HMO,Silver,QHP,TX
3996,33602TX0770161,33602,HMO,Silver,QHP,TX
3997,33602TX0770162,33602,HMO,Silver,QHP,TX
3998,33602TX0770163,33602,HMO,Silver,QHP,TX
3999,33602TX0770164,33602,HMO,Silver,QHP,TX
4000,33602TX0770165,33602,HMO,Silver,QHP,TX
4001,33602TX0770166,33602,HMO,Silver,QHP,TX
4002,33602TX0770167,33602,HMO,Silver,QHP,TX
4003,33602TX0770168,33602,HMO,Silver,QHP,TX
4004,33602TX0770169,33602,HMO,Silver,QHP,TX
4005,33602TX0770170,33602,HMO,Silver,QHP,TX
4006,33602TX0770171,33602,HMO,Silver,QHP,TX
4007,33602TX0770172,33602,HMO,Silver,QHP,TX
4008,33602TX0770173,33602,HMO,Silver,QHP,TX
4009,33602TX0770174,33602,HMO,Silver,QHP,TX
4010,33602TX0770175,33602,HMO,Silver,QHP,TX
4011,33602TX0770176,33602,HMO,Silver,QHP,TX
4012,33602TX0770177,33602,HMO,Silver,QHP,TX
4013,33602TX0770178,33602,HMO,Silver,QHP,TX
4014,33602TX0770179,33602,HMO,Silver,QHP,TX
4015,33602TX0770180,33602,HMO,Silver,QHP,TX
4016,33602TX0770181,33602,HMO,Silver,QHP,TX
4017,33602TX0770183,33602,HMO,Bronze Expanded,QHP,TX
4018,33602TX0770185,33602,HMO,Bronze Expanded,QHP,TX
4019,33602TX0770186,33602,HMO,Bronze Expanded,QHP,TX
4020,33602TX0770187,33602,HMO,Bronze Expanded,QHP,TX
4021,33602TX0770188,33602,HMO,Bronze Expanded,QHP,TX
4022,33602TX0770189,33602,HMO,Bronze Expanded,QHP,TX
4023,33602TX0770190,33602,HMO,Bronze Expanded,QHP,TX
4024,33602TX0770191,33602,HMO,Bronze Expanded,QHP,TX
4025,33602TX0770192,33602,HMO,Bronze Expanded,QHP,TX
4026,33602TX0770193,33602,HMO,Bronze Expanded,QHP,TX
4027,33602TX0770194,33602,HMO,Bronze Expanded,QHP,TX
4028,33602TX0770195,33602,HMO,Bronze Expanded,QHP,TX
4029,33602TX0770196,33602,HMO,Bronze Expanded,QHP,TX
4030,33602TX0770197,33602,HMO,Bronze Expanded,QHP,TX
4031,33602TX0770198,33602,HMO,Bronze Expanded,QHP,TX
4032,33602TX0770199,33602,HMO,Bronze Expanded,QHP,TX
4033,33602TX0770200,33602,HMO,Bronze Expanded,QHP,TX
4034,33602TX0770201,33602,HMO,Bronze Expanded,QHP,TX
4035,33602TX0770202,33602,HMO,Bronze Expanded,QHP,TX
4036,33602TX0770203,33602,HMO,Bronze Expanded,QHP,TX
4037,33602TX0770204,33602,HMO,Bronze Expanded,QHP,TX
4038,33602TX0770205,33602,HMO,Bronze Expanded,QHP,TX
4039,33602TX0770206,33602,HMO,Bronze Expanded,QHP,TX
4040,33602TX0770207,33602,HMO,Bronze Expanded,QHP,TX
4041,33602TX0770208,33602,HMO,Bronze Expanded,QHP,TX
4042,33602TX0770209,33602,HMO,Bronze Expanded,QHP,TX
4043,33602TX0770235,33602,HMO,Bronze,QHP,TX
4044,33602TX0770236,33602,HMO,Bronze,QHP,TX
4045,33602TX0770237,33602,HMO,Bronze,QHP,TX
4046,33602TX0770238,33602,HMO,Bronze,QHP,TX
4047,33602TX0770239,33602,HMO,Bronze,QHP,TX
4048,33602TX0770240,33602,HMO,Bronze,QHP,TX
4049,33602TX0770241,33602,HMO,Bronze,QHP,TX
4050,33602TX0770242,33602,HMO,Bronze,QHP,TX
4051,33602TX0770243,33602,HMO,Bronze,QHP,TX
4052,33602TX0770244,33602,HMO,Bronze,QHP,TX
4053,33602TX0770245,33602,HMO,Bronze,QHP,TX
4054,33602TX0770246,33602,HMO,Bronze,QHP,TX
4055,33602TX0770247,33602,HMO,Bronze,QHP,TX
4056,33602TX0770248,33602,HMO,Bronze,QHP,TX
4057,33602TX0770249,33602,HMO,Bronze,QHP,TX
4058,33602TX0770250,33602,HMO,Bronze,QHP,TX
4059,33602TX0770251,33602,HMO,Bronze,QHP,TX
4060,33602TX0770252,33602,HMO,Bronze,QHP,TX
4061,33602TX0770253,33602,HMO,Bronze,QHP,TX
4062,33602TX0770254,33602,HMO,Bronze,QHP,TX
4063,33602TX0770255,33602,HMO,Bronze,QHP,TX
4064,33602TX0770256,33602,HMO,Bronze,QHP,TX
4065,33602TX0770257,33602,HMO,Bronze,QHP,TX
4066,33602TX0770258,33602,HMO,Bronze,QHP,TX
4067,33602TX0770259,33602,HMO,Bronze,QHP,TX
4068,33602TX0770260,33602,HMO,Bronze,QHP,TX
4069,33602TX0860002,33602,HMO,Bronze Expanded,QHP,TX
4070,33602TX0860003,33602,HMO,Gold,QHP,TX
4071,33602TX0860005,33602,HMO,Bronze Expanded,QHP,TX
4072,33602TX0860006,33602,HMO,Gold,QHP,TX
4073,33602TX0860007,33602,HMO,Silver,QHP,TX
4074,33602TX0860008,33602,HMO,Silver,QHP,TX
4075,27248TX0010003,27248,HMO,Bronze Expanded,QHP,TX
4076,27248TX0010004,27248,HMO,Silver,QHP,TX
4077,27248TX0010005,27248,HMO,Gold,QHP,TX
4078,27248TX0010008,27248,HMO,Bronze Expanded,QHP,TX
4079,20069TX0100001,20069,EPO,Bronze Expanded,QHP,TX
4080,20069TX0100003,20069,EPO,Bronze Expanded,QHP,TX
4081,20069TX0100005,20069,EPO,Bronze Expanded,QHP,TX
4082,20069TX0100006,20069,EPO,Silver,QHP,TX
4083,20069TX0100008,20069,EPO,Silver,QHP,TX
4084,20069TX0100009,20069,EPO,Silver,QHP,TX
4085,20069TX0100011,20069,EPO,Catastrophic,QHP,TX
4086,20069TX0100013,20069,EPO,Gold,QHP,TX
4087,63251TX0010001,63251,EPO,Gold,QHP,TX
4088,63251TX0020001,63251,EPO,Silver,QHP,TX
4089,17933TX0010001,17933,EPO,Gold,QHP,TX
4090,17933TX0010002,17933,EPO,Gold,QHP,TX
4091,17933TX0010003,17933,EPO,Silver,QHP,TX
4092,17933TX0010004,17933,EPO,Silver,QHP,TX
4093,17933TX0010005,17933,EPO,Silver,QHP,TX
4094,17933TX0010006,17933,EPO,Bronze Expanded,QHP,TX
4095,17933TX0010007,17933,EPO,Bronze Expanded,QHP,TX
4096,87226TX0050001,87226,HMO,Bronze Expanded,QHP,TX
4097,87226TX0050002,87226,HMO,Silver,QHP,TX
4098,87226TX0050003,87226,HMO,Gold,QHP,TX
4099,87226TX0060006,87226,HMO,Silver,QHP,TX
4100,87226TX0060007,87226,HMO,Silver,QHP,TX
4101,87226TX0060008,87226,HMO,Silver,QHP,TX
4102,87226TX0060009,87226,HMO,Silver,QHP,TX
4103,87226TX0060010,87226,HMO,Gold,QHP,TX
4104,87226TX0070006,87226,HMO,Silver,QHP,TX
4105,87226TX0070007,87226,HMO,Silver,QHP,TX
4106,87226TX0070008,87226,HMO,Silver,QHP,TX
4107,87226TX0070009,87226,HMO,Silver,QHP,TX
4108,87226TX0070010,87226,HMO,Gold,QHP,TX
4109,87226TX0080006,87226,HMO,Silver,QHP,TX
4110,87226TX0080007,87226,HMO,Silver,QHP,TX
4111,87226TX0080008,87226,HMO,Silver,QHP,TX
4112,87226TX0080009,87226,HMO,Silver,QHP,TX
4113,87226TX0080010,87226,HMO,Gold,QHP,TX
4114,87226TX0100006,87226,HMO,Silver,QHP,TX
4115,87226TX0100007,87226,HMO,Silver,QHP,TX
4116,87226TX0100008,87226,HMO,Silver,QHP,TX
4117,87226TX0100009,87226,HMO,Silver,QHP,TX
4118,87226TX0100010,87226,HMO,Gold,QHP,TX
4119,58840TX0110001,58840,HMO,Bronze Expanded,QHP,TX
4120,58840TX0110002,58840,HMO,Bronze Expanded,QHP,TX
4121,58840TX0110003,58840,HMO,Bronze Expanded,QHP,TX
4122,58840TX0110004,58840,HMO,Bronze Expanded,QHP,TX
4123,58840TX0110005,58840,HMO,Bronze,QHP,TX
4124,58840TX0110006,58840,HMO,Bronze,QHP,TX
4125,58840TX0110007,58840,HMO,Bronze,QHP,TX
4126,58840TX0110008,58840,HMO,Bronze,QHP,TX
4127,58840TX0110009,58840,HMO,Gold,QHP,TX
4128,58840TX0110010,58840,HMO,Gold,QHP,TX
4129,58840TX0110011,58840,HMO,Gold,QHP,TX
4130,58840TX0110012,58840,HMO,Gold,QHP,TX
4131,58840TX0110013,58840,HMO,Silver,QHP,TX
4132,58840TX0110014,58840,HMO,Silver,QHP,TX
4133,58840TX0110015,58840,HMO,Silver,QHP,TX
4134,58840TX0110016,58840,HMO,Silver,QHP,TX
4135,58840TX0110017,58840,HMO,Silver,QHP,TX
4136,58840TX0110018,58840,HMO,Silver,QHP,TX
4137,58840TX0110019,58840,HMO,Silver,QHP,TX
4138,58840TX0110020,58840,HMO,Silver,QHP,TX
4139,40788TX0460001,40788,HMO,Gold,QHP,TX
4140,40788TX0460003,40788,HMO,Silver,QHP,TX
4141,40788TX0460004,40788,HMO,Gold,QHP,TX
4142,40788TX0460005,40788,HMO,Silver,QHP,TX
4143,40788TX0460006,40788,HMO,Bronze Expanded,QHP,TX
4144,40788TX0460007,40788,HMO,Bronze Expanded,QHP,TX
4145,40788TX0460008,40788,HMO,Silver,QHP,TX
4146,40788TX0460009,40788,HMO,Bronze Expanded,QHP,TX
4147,40788TX0460012,40788,HMO,Gold,QHP,TX
4148,40220TX0080001,40220,HMO,Gold,QHP,TX
4149,40220TX0080002,40220,HMO,Gold,QHP,TX
4150,40220TX0080003,40220,HMO,Gold,QHP,TX
4151,40220TX0080004,40220,HMO,Gold,QHP,TX
4152,40220TX0080005,40220,HMO,Silver,QHP,TX
4153,40220TX0080006,40220,HMO,Silver,QHP,TX
4154,40220TX0080007,40220,HMO,Silver,QHP,TX
4155,40220TX0080008,40220,HMO,Silver,QHP,TX
4156,40220TX0080009,40220,HMO,Silver,QHP,TX
4157,40220TX0080010,40220,HMO,Bronze Expanded,QHP,TX
4158,40220TX0080011,40220,HMO,Bronze,QHP,TX
4159,40220TX0080012,40220,HMO,Bronze Expanded,QHP,TX
4160,40220TX0080013,40220,HMO,Gold,QHP,TX
4161,98312TX0040001,98312,HMO,Gold,QHP,TX
4162,98312TX0040002,98312,HMO,Gold,QHP,TX
4163,98312TX0040003,98312,HMO,Silver,QHP,TX
4164,98312TX0040004,98312,HMO,Silver,QHP,TX
4165,98312TX0040006,98312,HMO,Silver,QHP,TX
4166,98312TX0040008,98312,HMO,Silver,QHP,TX
4167,98312TX0040012,98312,HMO,Silver,QHP,TX
4168,98312TX0040013,98312,HMO,Bronze Expanded,QHP,TX
4169,98312TX0040014,98312,HMO,Bronze Expanded,QHP,TX
4170,98312TX0040015,98312,HMO,Bronze Expanded,QHP,TX
4171,98312TX0040016,98312,HMO,Bronze Expanded,QHP,TX
4172,98312TX0040017,98312,HMO,Bronze Expanded,QHP,TX
4173,98312TX0040018,98312,HMO,Catastrophic,QHP,TX
4174,98312TX0040019,98312,HMO,Gold,QHP,TX
4175,98312TX0040020,98312,HMO,Gold,QHP,TX
4176,98312TX0040021,98312,HMO,Silver,QHP,TX
4177,98312TX0040022,98312,HMO,Silver,QHP,TX
4178,98312TX0040024,98312,HMO,Silver,QHP,TX
4179,98312TX0040026,98312,HMO,Silver,QHP,TX
4180,98312TX0040030,98312,HMO,Silver,QHP,TX
4181,98312TX0040031,98312,HMO,Bronze Expanded,QHP,TX
4182,98312TX0040032,98312,HMO,Bronze Expanded,QHP,TX
4183,98312TX0040033,98312,HMO,Bronze Expanded,QHP,TX
4184,98312TX0040034,98312,HMO,Bronze Expanded,QHP,TX
4185,98312TX0040035,98312,HMO,Bronze Expanded,QHP,TX
4186,98312TX0040036,98312,HMO,Catastrophic,QHP,TX
4187,98312TX0040037,98312,HMO,Gold,QHP,TX
4188,98312TX0040038,98312,HMO,Gold,QHP,TX
4189,98312TX0040039,98312,HMO,Silver,QHP,TX
4190,98312TX0040040,98312,HMO,Silver,QHP,TX
4191,98312TX0040042,98312,HMO,Silver,QHP,TX
4192,98312TX0040044,98312,HMO,Silver,QHP,TX
4193,98312TX0040048,98312,HMO,Silver,QHP,TX
4194,98312TX0040049,98312,HMO,Bronze Expanded,QHP,TX
4195,98312TX0040050,98312,HMO,Bronze Expanded,QHP,TX
4196,98312TX0040051,98312,HMO,Bronze Expanded,QHP,TX
4197,98312TX0040052,98312,HMO,Bronze Expanded,QHP,TX
4198,98312TX0040053,98312,HMO,Bronze Expanded,QHP,TX
4199,98312TX0040054,98312,HMO,Catastrophic,QHP,TX
4200,98312TX0040091,98312,HMO,Gold,QHP,TX
4201,98312TX0040092,98312,HMO,Gold,QHP,TX
4202,98312TX0040093,98312,HMO,Silver,QHP,TX
4203,98312TX0040094,98312,HMO,Silver,QHP,TX
4204,98312TX0040096,98312,HMO,Silver,QHP,TX
4205,98312TX0040098,98312,HMO,Silver,QHP,TX
4206,98312TX0040102,98312,HMO,Silver,QHP,TX
4207,98312TX0040103,98312,HMO,Bronze Expanded,QHP,TX
4208,98312TX0040104,98312,HMO,Bronze Expanded,QHP,TX
4209,98312TX0040105,98312,HMO,Bronze Expanded,QHP,TX
4210,98312TX0040106,98312,HMO,Bronze Expanded,QHP,TX
4211,98312TX0040107,98312,HMO,Bronze Expanded,QHP,TX
4212,98312TX0040108,98312,HMO,Catastrophic,QHP,TX
4213,98312TX0040109,98312,HMO,Gold,QHP,TX
4214,98312TX0040110,98312,HMO,Gold,QHP,TX
4215,98312TX0040111,98312,HMO,Silver,QHP,TX
4216,98312TX0040112,98312,HMO,Silver,QHP,TX
4217,98312TX0040114,98312,HMO,Silver,QHP,TX
4218,98312TX0040116,98312,HMO,Silver,QHP,TX
4219,98312TX0040120,98312,HMO,Silver,QHP,TX
4220,98312TX0040121,98312,HMO,Bronze Expanded,QHP,TX
4221,98312TX0040122,98312,HMO,Bronze Expanded,QHP,TX
4222,98312TX0040123,98312,HMO,Bronze Expanded,QHP,TX
4223,98312TX0040124,98312,HMO,Bronze Expanded,QHP,TX
4224,98312TX0040125,98312,HMO,Bronze Expanded,QHP,TX
4225,98312TX0040126,98312,HMO,Catastrophic,QHP,TX
4226,98312TX0040127,98312,HMO,Bronze Expanded,QHP,TX
4227,98312TX0040128,98312,HMO,Silver,QHP,TX
4228,98312TX0040129,98312,HMO,Bronze Expanded,QHP,TX
4229,98312TX0040130,98312,HMO,Silver,QHP,TX
4230,98312TX0040131,98312,HMO,Bronze Expanded,QHP,TX
4231,98312TX0040132,98312,HMO,Silver,QHP,TX
4232,98312TX0040133,98312,HMO,Bronze Expanded,QHP,TX
4233,98312TX0040134,98312,HMO,Silver,QHP,TX
4234,98312TX0040135,98312,HMO,Bronze Expanded,QHP,TX
4235,98312TX0040136,98312,HMO,Silver,QHP,TX
4236,54837TX0030001,54837,EPO,Catastrophic,QHP,TX
4237,54837TX0030002,54837,EPO,Bronze,QHP,TX
4238,54837TX0030003,54837,EPO,Bronze Expanded,QHP,TX
4239,54837TX0030004,54837,EPO,Bronze Expanded,QHP,TX
4240,54837TX0030005,54837,EPO,Silver,QHP,TX
4241,54837TX0030006,54837,EPO,Gold,QHP,TX
4242,54837TX0030007,54837,EPO,Bronze Expanded,QHP,TX
4243,54837TX0030008,54837,EPO,Silver,QHP,TX
4244,54837TX0030009,54837,EPO,Gold,QHP,TX
4245,29418TX0140070,29418,EPO,Bronze Expanded,QHP,TX
4246,29418TX0140071,29418,EPO,Silver,QHP,TX
4247,29418TX0140072,29418,EPO,Silver,QHP,TX
4248,29418TX0140077,29418,EPO,Bronze Expanded,QHP,TX
4249,29418TX0140078,29418,EPO,Silver,QHP,TX
4250,29418TX0140079,29418,EPO,Silver,QHP,TX
4251,29418TX0140080,29418,EPO,Silver,QHP,TX
4252,29418TX0140090,29418,EPO,Bronze Expanded,QHP,TX
4253,29418TX0140091,29418,EPO,Bronze Expanded,QHP,TX
4254,29418TX0140092,29418,EPO,Bronze Expanded,QHP,TX
4255,29418TX0140093,29418,EPO,Bronze Expanded,QHP,TX
4256,29418TX0140094,29418,EPO,Bronze Expanded,QHP,TX
4257,29418TX0140095,29418,EPO,Bronze Expanded,QHP,TX
4258,29418TX0140096,29418,EPO,Silver,QHP,TX
4259,29418TX0140097,29418,EPO,Silver,QHP,TX
4260,29418TX0140098,29418,EPO,Silver,QHP,TX
4261,29418TX0140099,29418,EPO,Silver,QHP,TX
4262,29418TX0140100,29418,EPO,Silver,QHP,TX
4263,29418TX0140101,29418,EPO,Silver,QHP,TX
4264,29418TX0140102,29418,EPO,Gold,QHP,TX
4265,29418TX0140103,29418,EPO,Gold,QHP,TX
4266,29418TX0150050,29418,EPO,Silver,QHP,TX
4267,29418TX0150070,29418,EPO,Bronze Expanded,QHP,TX
4268,29418TX0150071,29418,EPO,Silver,QHP,TX
4269,29418TX0150077,29418,EPO,Bronze Expanded,QHP,TX
4270,29418TX0150078,29418,EPO,Silver,QHP,TX
4271,29418TX0150079,29418,EPO,Silver,QHP,TX
4272,29418TX0150090,29418,EPO,Bronze Expanded,QHP,TX
4273,29418TX0150091,29418,EPO,Bronze Expanded,QHP,TX
4274,29418TX0150092,29418,EPO,Bronze Expanded,QHP,TX
4275,29418TX0150093,29418,EPO,Bronze Expanded,QHP,TX
4276,29418TX0150094,29418,EPO,Bronze Expanded,QHP,TX
4277,29418TX0150095,29418,EPO,Bronze Expanded,QHP,TX
4278,29418TX0150098,29418,EPO,Silver,QHP,TX
4279,29418TX0150099,29418,EPO,Silver,QHP,TX
4280,29418TX0150100,29418,EPO,Silver,QHP,TX
4281,29418TX0150101,29418,EPO,Silver,QHP,TX
4282,29418TX0150102,29418,EPO,Gold,QHP,TX
4283,29418TX0150103,29418,EPO,Gold,QHP,TX
4284,29418TX0150104,29418,EPO,Silver,QHP,TX
4285,29418TX0150105,29418,EPO,Silver,QHP,TX
4286,29418TX0160050,29418,EPO,Silver,QHP,TX
4287,29418TX0160070,29418,EPO,Bronze Expanded,QHP,TX
4288,29418TX0160071,29418,EPO,Silver,QHP,TX
4289,29418TX0160077,29418,EPO,Bronze Expanded,QHP,TX
4290,29418TX0160078,29418,EPO,Silver,QHP,TX
4291,29418TX0160079,29418,EPO,Silver,QHP,TX
4292,29418TX0160090,29418,EPO,Bronze Expanded,QHP,TX
4293,29418TX0160091,29418,EPO,Bronze Expanded,QHP,TX
4294,29418TX0160092,29418,EPO,Bronze Expanded,QHP,TX
4295,29418TX0160093,29418,EPO,Bronze Expanded,QHP,TX
4296,29418TX0160094,29418,EPO,Bronze Expanded,QHP,TX
4297,29418TX0160095,29418,EPO,Bronze Expanded,QHP,TX
4298,29418TX0160098,29418,EPO,Silver,QHP,TX
4299,29418TX0160099,29418,EPO,Silver,QHP,TX
4300,29418TX0160100,29418,EPO,Silver,QHP,TX
4301,29418TX0160101,29418,EPO,Silver,QHP,TX
4302,29418TX0160102,29418,EPO,Gold,QHP,TX
4303,29418TX0160103,29418,EPO,Gold,QHP,TX
4304,29418TX0160104,29418,EPO,Silver,QHP,TX
4305,29418TX0160105,29418,EPO,Silver,QHP,TX
4306,66252TX0010009,66252,HMO,Catastrophic,QHP,TX
4307,66252TX0030009,66252,HMO,Bronze Expanded,QHP,TX
4308,66252TX0040009,66252,HMO,Silver,QHP,TX
4309,66252TX0050009,66252,HMO,Silver,QHP,TX
4310,66252TX0070009,66252,HMO,Gold,QHP,TX
4311,66252TX0080009,66252,HMO,Bronze Expanded,QHP,TX
4312,66252TX0130001,66252,HMO,Gold,QHP,TX
4313,66252TX0130002,66252,HMO,Gold,QHP,TX
4314,66252TX0130003,66252,HMO,Gold,QHP,TX
4315,66252TX0130004,66252,HMO,Gold,QHP,TX
4316,66252TX0130006,66252,HMO,Gold,QHP,TX
4317,66252TX0130007,66252,HMO,Gold,QHP,TX
4318,66252TX0130008,66252,HMO,Gold,QHP,TX
4319,66252TX0130009,66252,HMO,Gold,QHP,TX
4320,66252TX0140001,66252,HMO,Bronze Expanded,QHP,TX
4321,66252TX0140002,66252,HMO,Bronze Expanded,QHP,TX
4322,66252TX0140003,66252,HMO,Bronze Expanded,QHP,TX
4323,66252TX0140004,66252,HMO,Bronze Expanded,QHP,TX
4324,66252TX0140006,66252,HMO,Bronze Expanded,QHP,TX
4325,66252TX0140007,66252,HMO,Bronze Expanded,QHP,TX
4326,66252TX0140008,66252,HMO,Bronze Expanded,QHP,TX
4327,66252TX0140009,66252,HMO,Bronze Expanded,QHP,TX
4328,66252TX0150001,66252,HMO,Silver,QHP,TX
4329,66252TX0150002,66252,HMO,Silver,QHP,TX
4330,66252TX0150003,66252,HMO,Silver,QHP,TX
4331,66252TX0150004,66252,HMO,Silver,QHP,TX
4332,66252TX0150006,66252,HMO,Silver,QHP,TX
4333,66252TX0150007,66252,HMO,Silver,QHP,TX
4334,66252TX0150008,66252,HMO,Silver,QHP,TX
4335,66252TX0150009,66252,HMO,Silver,QHP,TX
4336,66252TX0160001,66252,HMO,Silver,QHP,TX
4337,66252TX0160002,66252,HMO,Silver,QHP,TX
4338,66252TX0160003,66252,HMO,Silver,QHP,TX
4339,66252TX0160004,66252,HMO,Silver,QHP,TX
4340,66252TX0160006,66252,HMO,Silver,QHP,TX
4341,66252TX0160007,66252,HMO,Silver,QHP,TX
4342,66252TX0160008,66252,HMO,Silver,QHP,TX
4343,66252TX0160009,66252,HMO,Silver,QHP,TX
4344,66252TX0200001,66252,HMO,Bronze Expanded,QHP,TX
4345,66252TX0200002,66252,HMO,Bronze Expanded,QHP,TX
4346,66252TX0200003,66252,HMO,Bronze Expanded,QHP,TX
4347,66252TX0200004,66252,HMO,Bronze Expanded,QHP,TX
4348,66252TX0200006,66252,HMO,Bronze Expanded,QHP,TX
4349,66252TX0200007,66252,HMO,Bronze Expanded,QHP,TX
4350,66252TX0200008,66252,HMO,Bronze Expanded,QHP,TX
4351,66252TX0200009,66252,HMO,Bronze Expanded,QHP,TX
4352,45786TX0020006,45786,HMO,Silver,QHP,TX
4353,45786TX0020009,45786,HMO,Silver,QHP,TX
4354,71837TX0010008,71837,HMO,Bronze Expanded,QHP,TX
4355,26539TX0140011,26539,HMO,Gold,QHP,TX
4356,26539TX0140012,26539,HMO,Silver,QHP,TX
4357,26539TX0140013,26539,HMO,Bronze Expanded,QHP,TX
4358,26539TX0140015,26539,HMO,Gold,QHP,TX
4359,33602TX0460809,33602,HMO,Gold,QHP,TX
4360,33602TX0460811,33602,HMO,Gold,QHP,TX
4361,33602TX0460812,33602,HMO,Gold,QHP,TX
4362,33602TX0460813,33602,HMO,Gold,QHP,TX
4363,33602TX0460814,33602,HMO,Gold,QHP,TX
4364,33602TX0460815,33602,HMO,Gold,QHP,TX
4365,33602TX0460816,33602,HMO,Gold,QHP,TX
4366,33602TX0460817,33602,HMO,Gold,QHP,TX
4367,33602TX0460818,33602,HMO,Gold,QHP,TX
4368,33602TX0460819,33602,HMO,Gold,QHP,TX
4369,33602TX0460820,33602,HMO,Gold,QHP,TX
4370,33602TX0460821,33602,HMO,Gold,QHP,TX
4371,33602TX0460822,33602,HMO,Gold,QHP,TX
4372,33602TX0460823,33602,HMO,Gold,QHP,TX
4373,33602TX0460824,33602,HMO,Gold,QHP,TX
4374,33602TX0460825,33602,HMO,Gold,QHP,TX
4375,33602TX0460826,33602,HMO,Gold,QHP,TX
4376,33602TX0460827,33602,HMO,Gold,QHP,TX
4377,33602TX0460828,33602,HMO,Gold,QHP,TX
4378,33602TX0460829,33602,HMO,Gold,QHP,TX
4379,33602TX0460830,33602,HMO,Gold,QHP,TX
4380,33602TX0460831,33602,HMO,Gold,QHP,TX
4381,33602TX0460832,33602,HMO,Gold,QHP,TX
4382,33602TX0460833,33602,HMO,Gold,QHP,TX
4383,33602TX0460834,33602,HMO,Gold,QHP,TX
4384,33602TX0460860,33602,HMO,Gold,QHP,TX
4385,33602TX0770287,33602,HMO,Silver,QHP,TX
4386,33602TX0770288,33602,HMO,Silver,QHP,TX
4387,33602TX0770289,33602,HMO,Silver,QHP,TX
4388,33602TX0770290,33602,HMO,Silver,QHP,TX
4389,33602TX0770291,33602,HMO,Silver,QHP,TX
4390,33602TX0770292,33602,HMO,Silver,QHP,TX
4391,33602TX0770293,33602,HMO,Silver,QHP,TX
4392,33602TX0770294,33602,HMO,Silver,QHP,TX
4393,33602TX0770295,33602,HMO,Silver,QHP,TX
4394,33602TX0770296,33602,HMO,Silver,QHP,TX
4395,33602TX0770297,33602,HMO,Silver,QHP,TX
4396,33602TX0770298,33602,HMO,Silver,QHP,TX
4397,33602TX0770299,33602,HMO,Silver,QHP,TX
4398,33602TX0770300,33602,HMO,Silver,QHP,TX
4399,33602TX0770301,33602,HMO,Silver,QHP,TX
4400,33602TX0770302,33602,HMO,Silver,QHP,TX
4401,33602TX0770303,33602,HMO,Silver,QHP,TX
4402,33602TX0770304,33602,HMO,Silver,QHP,TX
4403,33602TX0770305,33602,HMO,Silver,QHP,TX
4404,33602TX0770306,33602,HMO,Silver,QHP,TX
4405,33602TX0770307,33602,HMO,Silver,QHP,TX
4406,33602TX0770308,33602,HMO,Silver,QHP,TX
4407,33602TX0770309,33602,HMO,Silver,QHP,TX
4408,33602TX0770310,33602,HMO,Silver,QHP,TX
4409,33602TX0770311,33602,HMO,Silver,QHP,TX
4410,33602TX0770312,33602,HMO,Silver,QHP,TX
4411,33602TX0860009,33602,HMO,Gold,QHP,TX
4412,33602TX0860010,33602,HMO,Gold,QHP,TX
4413,33602TX0860011,33602,HMO,Silver,QHP,TX
4414,33602TX0860012,33602,HMO,Silver,QHP,TX
4415,33602TX0860013,33602,HMO,Bronze Expanded,QHP,TX
4416,33602TX0860014,33602,HMO,Bronze Expanded,QHP,TX
4417,27248TX0010010,27248,HMO,Bronze,QHP,TX
4418,27248TX0010011,27248,HMO,Bronze Expanded,QHP,TX
4419,27248TX0010012,27248,HMO,Silver,QHP,TX
4420,27248TX0010013,27248,HMO,Silver,QHP,TX
4421,27248TX0010015,27248,HMO,Silver,QHP,TX
4422,20069TX0100002,20069,EPO,Bronze Expanded,QHP,TX
4423,20069TX0100012,20069,EPO,Bronze Expanded,QHP,TX
4424,20069TX0100014,20069,EPO,Bronze Expanded,QHP,TX
4425,20069TX0100015,20069,EPO,Silver,QHP,TX
4426,20069TX0100016,20069,EPO,Silver,QHP,TX
4427,20069TX0100017,20069,EPO,Silver,QHP,TX
4428,20069TX0100020,20069,EPO,Gold,QHP,TX
4429,20069TX0100021,20069,EPO,Bronze Expanded,QHP,TX
4430,20069TX0100022,20069,EPO,Bronze Expanded,QHP,TX
4431,20069TX0100023,20069,EPO,Bronze Expanded,QHP,TX
4432,20069TX0100024,20069,EPO,Bronze Expanded,QHP,TX
4433,20069TX0100025,20069,EPO,Silver,QHP,TX
4434,20069TX0100026,20069,EPO,Silver,QHP,TX
4435,20069TX0100027,20069,EPO,Silver,QHP,TX
4436,20069TX0100028,20069,EPO,Silver,QHP,TX
4437,20069TX0100029,20069,EPO,Silver,QHP,TX
4438,20069TX0100030,20069,EPO,Silver,QHP,TX
4439,20069TX0100033,20069,EPO,Gold,QHP,TX
4440,20069TX0100034,20069,EPO,Gold,QHP,TX
4441,20069TX0100035,20069,EPO,Gold,QHP,TX
4442,20069TX0100036,20069,EPO,Gold,QHP,TX
4443,20069TX0100037,20069,EPO,Gold,QHP,TX
4444,20069TX0100039,20069,EPO,Bronze Expanded,QHP,TX
4445,20069TX0100041,20069,EPO,Bronze Expanded,QHP,TX
4446,20069TX0100042,20069,EPO,Bronze Expanded,QHP,TX
4447,20069TX0100045,20069,EPO,Silver,QHP,TX
4448,20069TX0200001,20069,EPO,Bronze Expanded,QHP,TX
4449,20069TX0200002,20069,EPO,Bronze Expanded,QHP,TX
4450,20069TX0200003,20069,EPO,Bronze Expanded,QHP,TX
4451,20069TX0200005,20069,EPO,Bronze Expanded,QHP,TX
4452,20069TX0200006,20069,EPO,Silver,QHP,TX
4453,20069TX0200008,20069,EPO,Silver,QHP,TX
4454,20069TX0200009,20069,EPO,Silver,QHP,TX
4455,20069TX0200011,20069,EPO,Catastrophic,QHP,TX
4456,20069TX0200012,20069,EPO,Bronze Expanded,QHP,TX
4457,20069TX0200013,20069,EPO,Gold,QHP,TX
4458,20069TX0200014,20069,EPO,Bronze Expanded,QHP,TX
4459,20069TX0200015,20069,EPO,Silver,QHP,TX
4460,20069TX0200016,20069,EPO,Silver,QHP,TX
4461,20069TX0200017,20069,EPO,Silver,QHP,TX
4462,20069TX0200020,20069,EPO,Gold,QHP,TX
4463,20069TX0200021,20069,EPO,Bronze Expanded,QHP,TX
4464,20069TX0200022,20069,EPO,Bronze Expanded,QHP,TX
4465,20069TX0200023,20069,EPO,Bronze Expanded,QHP,TX
4466,20069TX0200024,20069,EPO,Bronze Expanded,QHP,TX
4467,20069TX0200025,20069,EPO,Silver,QHP,TX
4468,20069TX0200026,20069,EPO,Silver,QHP,TX
4469,20069TX0200027,20069,EPO,Silver,QHP,TX
4470,20069TX0200028,20069,EPO,Silver,QHP,TX
4471,20069TX0200029,20069,EPO,Silver,QHP,TX
4472,20069TX0200030,20069,EPO,Silver,QHP,TX
4473,20069TX0200033,20069,EPO,Gold,QHP,TX
4474,20069TX0200034,20069,EPO,Gold,QHP,TX
4475,20069TX0200035,20069,EPO,Gold,QHP,TX
4476,20069TX0200036,20069,EPO,Gold,QHP,TX
4477,20069TX0200037,20069,EPO,Gold,QHP,TX
4478,20069TX0200039,20069,EPO,Bronze Expanded,QHP,TX
4479,20069TX0200041,20069,EPO,Bronze Expanded,QHP,TX
4480,20069TX0200042,20069,EPO,Bronze Expanded,QHP,TX
4481,20069TX0200045,20069,EPO,Silver,QHP,TX
4482,18167UT0010001,18167,HMO,Gold,QHP,UT
4483,18167UT0010002,18167,HMO,Silver,QHP,UT
4484,18167UT0040001,18167,HMO,Gold,QHP,UT
4485,18167UT0040002,18167,HMO,Silver,QHP,UT
4486,18167UT0050001,18167,HMO,Silver,QHP,UT
4487,42261UT0060001,42261,EPO,Gold,QHP,UT
4488,42261UT0060002,42261,EPO,Silver,QHP,UT
4489,42261UT0060003,42261,EPO,Bronze Expanded,QHP,UT
4490,42261UT0060004,42261,EPO,Gold,QHP,UT
4491,42261UT0060005,42261,EPO,Silver,QHP,UT
4492,42261UT0060006,42261,EPO,Bronze Expanded,QHP,UT
4493,42261UT0060009,42261,EPO,Bronze Expanded,QHP,UT
4494,42261UT0060010,42261,EPO,Bronze Expanded,QHP,UT
4495,42261UT0060011,42261,EPO,Bronze Expanded,QHP,UT
4496,42261UT0060012,42261,EPO,Bronze Expanded,QHP,UT
4497,42261UT0070001,42261,EPO,Bronze Expanded,QHP,UT
4498,42261UT0070002,42261,EPO,Bronze Expanded,QHP,UT
4499,68781UT0020005,68781,HMO,Silver,QHP,UT
4500,68781UT0020007,68781,HMO,Gold,QHP,UT
4501,68781UT0020011,68781,HMO,Bronze Expanded,QHP,UT
4502,68781UT0020016,68781,HMO,Bronze Expanded,QHP,UT
4503,68781UT0020019,68781,HMO,Catastrophic,QHP,UT
4504,68781UT0020023,68781,HMO,Gold,QHP,UT
4505,68781UT0020024,68781,HMO,Silver,QHP,UT
4506,68781UT0020025,68781,HMO,Bronze Expanded,QHP,UT
4507,68781UT0020027,68781,HMO,Bronze Expanded,QHP,UT
4508,68781UT0020031,68781,HMO,Catastrophic,QHP,UT
4509,68781UT0020042,68781,HMO,Bronze Expanded,QHP,UT
4510,68781UT0020043,68781,HMO,Bronze Expanded,QHP,UT
4511,68781UT0020044,68781,HMO,Bronze Expanded,QHP,UT
4512,68781UT0020045,68781,HMO,Bronze Expanded,QHP,UT
4513,68781UT0130010,68781,HMO,Bronze Expanded,QHP,UT
4514,68781UT0130011,68781,HMO,Bronze Expanded,QHP,UT
4515,68781UT0130012,68781,HMO,Bronze Expanded,QHP,UT
4516,68781UT0130013,68781,HMO,Bronze Expanded,QHP,UT
4517,68781UT0200003,68781,HMO,Bronze,QHP,UT
4518,68781UT0200004,68781,HMO,Bronze,QHP,UT
4519,68781UT0200007,68781,HMO,Silver,QHP,UT
4520,68781UT0200008,68781,HMO,Silver,QHP,UT
4521,81808UT0020001,81808,EPO,Bronze Expanded,QHP,UT
4522,81808UT0020003,81808,EPO,Bronze Expanded,QHP,UT
4523,81808UT0020004,81808,EPO,Silver,QHP,UT
4524,81808UT0020005,81808,EPO,Silver,QHP,UT
4525,81808UT0020006,81808,EPO,Gold,QHP,UT
4526,22013UT2630003,22013,EPO,Silver,QHP,UT
4527,22013UT2630005,22013,EPO,Bronze Expanded,QHP,UT
4528,22013UT2630009,22013,EPO,Bronze Expanded,QHP,UT
4529,22013UT2630013,22013,EPO,Bronze Expanded,QHP,UT
4530,22013UT2630016,22013,EPO,Silver,QHP,UT
4531,22013UT2630017,22013,EPO,Silver,QHP,UT
4532,22013UT2630018,22013,EPO,Bronze Expanded,QHP,UT
4533,22013UT2640001,22013,EPO,Gold,QHP,UT
4534,22013UT2650001,22013,EPO,Silver,QHP,UT
4535,22013UT2650002,22013,EPO,Silver,QHP,UT
4536,22013UT2650003,22013,EPO,Bronze Expanded,QHP,UT
4537,22013UT2650004,22013,EPO,Bronze Expanded,QHP,UT
4538,39889UT0010001,39889,EPO,Gold,QHP,UT
4539,39889UT0010003,39889,EPO,Silver,QHP,UT
4540,39889UT0010004,39889,EPO,Silver,QHP,UT
4541,39889UT0010006,39889,EPO,Silver,QHP,UT
4542,39889UT0010008,39889,EPO,Silver,QHP,UT
4543,39889UT0010013,39889,EPO,Bronze Expanded,QHP,UT
4544,39889UT0010014,39889,EPO,Bronze Expanded,QHP,UT
4545,39889UT0010015,39889,EPO,Bronze Expanded,QHP,UT
4546,39889UT0010016,39889,EPO,Bronze Expanded,QHP,UT
4547,39889UT0010018,39889,EPO,Catastrophic,QHP,UT
4548,39889UT0010019,39889,EPO,Bronze Expanded,QHP,UT
4549,39889UT0010020,39889,EPO,Silver,QHP,UT
4550,39889UT0020002,39889,EPO,Gold,QHP,UT
4551,39889UT0020012,39889,EPO,Silver,QHP,UT
4552,39889UT0020017,39889,EPO,Bronze Expanded,QHP,UT
4553,18167UT0010004,18167,HMO,Silver,QHP,UT
4554,18167UT0010007,18167,HMO,Silver,QHP,UT
4555,42261UT0060013,42261,EPO,Silver,QHP,UT
4556,42261UT0060014,42261,EPO,Silver,QHP,UT
4557,42261UT0060015,42261,EPO,Gold,QHP,UT
4558,42261UT0060016,42261,EPO,Silver,QHP,UT
4559,42261UT0060017,42261,EPO,Bronze,QHP,UT
4560,68781UT0020048,68781,HMO,Gold,QHP,UT
4561,68781UT0020049,68781,HMO,Bronze Expanded,QHP,UT
4562,68781UT0020050,68781,HMO,Silver,QHP,UT
4563,68781UT0020051,68781,HMO,Bronze Expanded,QHP,UT
4564,68781UT0200009,68781,HMO,Bronze Expanded,QHP,UT
4565,68781UT0200010,68781,HMO,Bronze Expanded,QHP,UT
4566,68781UT0200011,68781,HMO,Silver,QHP,UT
4567,68781UT0200012,68781,HMO,Silver,QHP,UT
4568,68781UT0200013,68781,HMO,Bronze,QHP,UT
4569,68781UT0200014,68781,HMO,Silver,QHP,UT
4570,68781UT0200015,68781,HMO,Bronze Expanded,QHP,UT
4571,68781UT0200016,68781,HMO,Silver,QHP,UT
4572,34541UT0280001,34541,HMO,Gold,QHP,UT
4573,34541UT0280002,34541,HMO,Silver,QHP,UT
4574,34541UT0280003,34541,HMO,Bronze Expanded,QHP,UT
4575,34541UT0280004,34541,HMO,Bronze Expanded,QHP,UT
4576,81808UT0020007,81808,EPO,Silver,QHP,UT
4577,81808UT0020008,81808,EPO,Silver,QHP,UT
4578,81808UT0020011,81808,EPO,Bronze Expanded,QHP,UT
4579,81808UT0020012,81808,EPO,Bronze Expanded,QHP,UT
4580,81808UT0020014,81808,EPO,Silver,QHP,UT
4581,81808UT0030001,81808,EPO,Silver,QHP,UT
4582,37204VA0080001,37204,HMO,Gold,QHP,VA
4583,37204VA0080002,37204,HMO,Silver,QHP,VA
4584,37204VA0080003,37204,HMO,Bronze Expanded,QHP,VA
4585,37204VA0080004,37204,HMO,Bronze,QHP,VA
4586,37204VA0080005,37204,HMO,Bronze Expanded,QHP,VA
4587,88380VA0720015,88380,HMO,Catastrophic,QHP,VA
4588,88380VA0720018,88380,HMO,Bronze Expanded,QHP,VA
4589,88380VA0720020,88380,HMO,Bronze Expanded,QHP,VA
4590,88380VA0720031,88380,HMO,Bronze,QHP,VA
4591,88380VA0720033,88380,HMO,Gold,QHP,VA
4592,88380VA0720035,88380,HMO,Silver,QHP,VA
4593,88380VA0720036,88380,HMO,Silver,QHP,VA
4594,88380VA0720037,88380,HMO,Bronze Expanded,QHP,VA
4595,88380VA0720040,88380,HMO,Silver,QHP,VA
4596,95185VA0530001,95185,HMO,Gold,QHP,VA
4597,95185VA0530004,95185,HMO,Silver,QHP,VA
4598,95185VA0530006,95185,HMO,Bronze Expanded,QHP,VA
4599,95185VA0530009,95185,HMO,Catastrophic,QHP,VA
4600,95185VA0530010,95185,HMO,Platinum,QHP,VA
4601,95185VA0530013,95185,HMO,Silver,QHP,VA
4602,95185VA0530014,95185,HMO,Gold,QHP,VA
4603,10207VA0380001,10207,HMO,Silver,QHP,VA
4604,10207VA0380003,10207,HMO,Gold,QHP,VA
4605,10207VA0380004,10207,HMO,Catastrophic,QHP,VA
4606,20507VA1410008,20507,HMO,Bronze Expanded,QHP,VA
4607,20507VA1410009,20507,HMO,Catastrophic,QHP,VA
4608,20507VA1410015,20507,HMO,Gold,QHP,VA
4609,20507VA1410019,20507,HMO,Bronze Expanded,QHP,VA
4610,20507VA1410025,20507,HMO,Silver,QHP,VA
4611,20507VA1410026,20507,HMO,Silver,QHP,VA
4612,20507VA1410041,20507,HMO,Silver,QHP,VA
4613,40308VA0240007,40308,PPO,Gold,QHP,VA
4614,40308VA0240008,40308,PPO,Silver,QHP,VA
4615,41921VA0020002,41921,EPO,Bronze,QHP,VA
4616,41921VA0020003,41921,EPO,Bronze Expanded,QHP,VA
4617,41921VA0020006,41921,EPO,Silver,QHP,VA
4618,41921VA0020009,41921,EPO,Gold,QHP,VA
4619,41921VA0020011,41921,EPO,Bronze,QHP,VA
4620,41921VA0020012,41921,EPO,Bronze Expanded,QHP,VA
4621,41921VA0020015,41921,EPO,Silver,QHP,VA
4622,41921VA0020018,41921,EPO,Gold,QHP,VA
4623,41921VA0020029,41921,EPO,Silver,QHP,VA
4624,41921VA0020030,41921,EPO,Silver,QHP,VA
4625,25922VA0010003,25922,EPO,Bronze Expanded,QHP,VA
4626,25922VA0010005,25922,EPO,Bronze Expanded,QHP,VA
4627,25922VA0010008,25922,EPO,Silver,QHP,VA
4628,25922VA0010011,25922,EPO,Catastrophic,QHP,VA
4629,25922VA0010013,25922,EPO,Gold,QHP,VA
4630,38234VA0170001,38234,EPO,Bronze Expanded,QHP,VA
4631,38234VA0170002,38234,EPO,Bronze Expanded,QHP,VA
4632,38234VA0170003,38234,EPO,Bronze,QHP,VA
4633,38234VA0170004,38234,EPO,Bronze,QHP,VA
4634,38234VA0170005,38234,EPO,Gold,QHP,VA
4635,38234VA0170006,38234,EPO,Gold,QHP,VA
4636,38234VA0170007,38234,EPO,Silver,QHP,VA
4637,38234VA0170008,38234,EPO,Silver,QHP,VA
4638,38234VA0170009,38234,EPO,Silver,QHP,VA
4639,38234VA0170010,38234,EPO,Silver,QHP,VA
4640,86443VA0080001,86443,HMO,Bronze Expanded,QHP,VA
4641,86443VA0080002,86443,HMO,Bronze,QHP,VA
4642,86443VA0080003,86443,HMO,Gold,QHP,VA
4643,86443VA0080004,86443,HMO,Silver,QHP,VA
4644,86443VA0080005,86443,HMO,Silver,QHP,VA
4645,25928VA0010001,25928,EPO,Gold,QHP,VA
4646,25928VA0010002,25928,EPO,Gold,QHP,VA
4647,25928VA0010003,25928,EPO,Silver,QHP,VA
4648,25928VA0010004,25928,EPO,Silver,QHP,VA
4649,25928VA0010006,25928,EPO,Silver,QHP,VA
4650,25928VA0010008,25928,EPO,Silver,QHP,VA
4651,25928VA0010010,25928,EPO,Silver,QHP,VA
4652,25928VA0010013,25928,EPO,Bronze Expanded,QHP,VA
4653,25928VA0010014,25928,EPO,Bronze Expanded,QHP,VA
4654,25928VA0010015,25928,EPO,Bronze Expanded,QHP,VA
4655,25928VA0010016,25928,EPO,Bronze Expanded,QHP,VA
4656,25928VA0010017,25928,EPO,Bronze Expanded,QHP,VA
4657,25928VA0010018,25928,EPO,Catastrophic,QHP,VA
4658,25928VA0010019,25928,EPO,Gold,QHP,VA
4659,25928VA0010020,25928,EPO,Gold,QHP,VA
4660,25928VA0010021,25928,EPO,Silver,QHP,VA
4661,25928VA0010022,25928,EPO,Silver,QHP,VA
4662,25928VA0010024,25928,EPO,Silver,QHP,VA
4663,25928VA0010026,25928,EPO,Silver,QHP,VA
4664,25928VA0010028,25928,EPO,Silver,QHP,VA
4665,25928VA0010031,25928,EPO,Bronze Expanded,QHP,VA
4666,25928VA0010032,25928,EPO,Bronze Expanded,QHP,VA
4667,25928VA0010033,25928,EPO,Bronze Expanded,QHP,VA
4668,25928VA0010034,25928,EPO,Bronze Expanded,QHP,VA
4669,25928VA0010035,25928,EPO,Bronze Expanded,QHP,VA
4670,25928VA0010036,25928,EPO,Catastrophic,QHP,VA
4671,24251VA0060001,24251,HMO,Gold,QHP,VA
4672,24251VA0060004,24251,HMO,Silver,QHP,VA
4673,24251VA0060005,24251,HMO,Bronze Expanded,QHP,VA
4674,24251VA0060007,24251,HMO,Bronze Expanded,QHP,VA
4675,24251VA0060008,24251,HMO,Bronze Expanded,QHP,VA
4676,24251VA0060010,24251,HMO,Bronze,QHP,VA
4677,24251VA0060011,24251,HMO,Gold,QHP,VA
4678,24251VA0060012,24251,HMO,Gold,QHP,VA
4679,24251VA0060013,24251,HMO,Silver,QHP,VA
4680,24251VA0060014,24251,HMO,Silver,QHP,VA
4681,24251VA0060015,24251,HMO,Silver,QHP,VA
4682,24251VA0060016,24251,HMO,Bronze Expanded,QHP,VA
4683,37204VA0080006,37204,HMO,Gold,QHP,VA
4684,37204VA0080007,37204,HMO,Silver,QHP,VA
4685,37204VA0080008,37204,HMO,Bronze Expanded,QHP,VA
4686,37204VA0080009,37204,HMO,Bronze,QHP,VA
4687,37204VA0080010,37204,HMO,Bronze Expanded,QHP,VA
4688,88380VA0720042,88380,HMO,Bronze Expanded,QHP,VA
4689,95185VA0530015,95185,HMO,Gold,QHP,VA
4690,95185VA0530016,95185,HMO,Silver,QHP,VA
4691,95185VA0530017,95185,HMO,Bronze,QHP,VA
4692,95185VA0530018,95185,HMO,Bronze Expanded,QHP,VA
4693,95185VA0530019,95185,HMO,Gold,QHP,VA
4694,95185VA0530020,95185,HMO,Silver,QHP,VA
4695,41921VA0020046,41921,EPO,Bronze Expanded,QHP,VA
4696,41921VA0020047,41921,EPO,Silver,QHP,VA
4697,41921VA0020048,41921,EPO,Silver,QHP,VA
4698,41921VA0020050,41921,EPO,Gold,QHP,VA
4699,41921VA0020051,41921,EPO,Bronze Expanded,QHP,VA
4700,41921VA0020052,41921,EPO,Silver,QHP,VA
4701,41921VA0020053,41921,EPO,Silver,QHP,VA
4702,41921VA0020056,41921,EPO,Gold,QHP,VA
4703,41921VA0020058,41921,EPO,Bronze Expanded,QHP,VA
4704,41921VA0020059,41921,EPO,Bronze Expanded,QHP,VA
4705,41921VA0020060,41921,EPO,Bronze Expanded,QHP,VA
4706,41921VA0020061,41921,EPO,Bronze Expanded,QHP,VA
4707,41921VA0020062,41921,EPO,Gold,QHP,VA
4708,41921VA0020063,41921,EPO,Gold,QHP,VA
4709,41921VA0020064,41921,EPO,Silver,QHP,VA
4710,41921VA0020065,41921,EPO,Silver,QHP,VA
4711,41921VA0020066,41921,EPO,Silver,QHP,VA
4712,41921VA0020067,41921,EPO,Silver,QHP,VA
4713,25922VA0010002,25922,EPO,Bronze Expanded,QHP,VA
4714,25922VA0010012,25922,EPO,Bronze Expanded,QHP,VA
4715,25922VA0010014,25922,EPO,Bronze Expanded,QHP,VA
4716,25922VA0010015,25922,EPO,Silver,QHP,VA
4717,25922VA0010017,25922,EPO,Silver,QHP,VA
4718,25922VA0010020,25922,EPO,Gold,QHP,VA
4719,25922VA0010021,25922,EPO,Bronze Expanded,QHP,VA
4720,25922VA0010023,25922,EPO,Bronze Expanded,QHP,VA
4721,25922VA0010024,25922,EPO,Bronze Expanded,QHP,VA
4722,25922VA0010025,25922,EPO,Silver,QHP,VA
4723,25922VA0010026,25922,EPO,Silver,QHP,VA
4724,25922VA0010027,25922,EPO,Silver,QHP,VA
4725,25922VA0010028,25922,EPO,Silver,QHP,VA
4726,25922VA0010029,25922,EPO,Silver,QHP,VA
4727,25922VA0010030,25922,EPO,Silver,QHP,VA
4728,25922VA0010035,25922,EPO,Gold,QHP,VA
4729,25922VA0010036,25922,EPO,Gold,QHP,VA
4730,25922VA0010037,25922,EPO,Gold,QHP,VA
4731,25922VA0010038,25922,EPO,Bronze Expanded,QHP,VA
4732,25922VA0010040,25922,EPO,Bronze Expanded,QHP,VA
4733,25922VA0010041,25922,EPO,Bronze Expanded,QHP,VA
4734,25922VA0010042,25922,EPO,Bronze Expanded,QHP,VA
4735,25922VA0010043,25922,EPO,Bronze Expanded,QHP,VA
4736,25922VA0010046,25922,EPO,Bronze Expanded,QHP,VA
4737,25922VA0010047,25922,EPO,Silver,QHP,VA
4738,94529WI0210017,94529,HMO,Platinum,QHP,WI
4739,94529WI0210021,94529,HMO,Gold,QHP,WI
4740,94529WI0210025,94529,HMO,Bronze Expanded,QHP,WI
4741,94529WI0210028,94529,HMO,Platinum,QHP,WI
4742,94529WI0210032,94529,HMO,Gold,QHP,WI
4743,94529WI0210036,94529,HMO,Bronze Expanded,QHP,WI
4744,94529WI0210044,94529,HMO,Bronze Expanded,QHP,WI
4745,94529WI0210045,94529,HMO,Bronze Expanded,QHP,WI
4746,94529WI0210047,94529,HMO,Gold,QHP,WI
4747,94529WI0210051,94529,HMO,Gold,QHP,WI
4748,94529WI0240017,94529,HMO,Gold,QHP,WI
4749,94529WI0240018,94529,HMO,Silver,QHP,WI
4750,94529WI0240019,94529,HMO,Bronze Expanded,QHP,WI
4751,94529WI0240021,94529,HMO,Catastrophic,QHP,WI
4752,94529WI0240049,94529,HMO,Gold,QHP,WI
4753,94529WI0240050,94529,HMO,Silver,QHP,WI
4754,94529WI0240051,94529,HMO,Bronze Expanded,QHP,WI
4755,94529WI0240053,94529,HMO,Platinum,QHP,WI
4756,94529WI0240054,94529,HMO,Platinum,QHP,WI
4757,94529WI0240055,94529,HMO,Bronze,QHP,WI
4758,94529WI0240056,94529,HMO,Bronze,QHP,WI
4759,94529WI0240057,94529,HMO,Silver,QHP,WI
4760,94529WI0240058,94529,HMO,Silver,QHP,WI
4761,94529WI0240061,94529,HMO,Gold,QHP,WI
4762,94529WI0240062,94529,HMO,Silver,QHP,WI
4763,94529WI0240063,94529,HMO,Gold,QHP,WI
4764,94529WI0240064,94529,HMO,Silver,QHP,WI
4765,38345WI0010063,38345,HMO,Catastrophic,QHP,WI
4766,38345WI0010095,38345,HMO,Silver,QHP,WI
4767,38345WI0010098,38345,HMO,Silver,QHP,WI
4768,38345WI0010099,38345,HMO,Silver,QHP,WI
4769,38345WI0010108,38345,HMO,Gold,QHP,WI
4770,38345WI0010119,38345,HMO,Bronze,QHP,WI
4771,38345WI0010122,38345,HMO,Silver,QHP,WI
4772,38345WI0010124,38345,HMO,Gold,QHP,WI
4773,38345WI0010126,38345,HMO,Bronze Expanded,QHP,WI
4774,38345WI0010135,38345,HMO,Bronze Expanded,QHP,WI
4775,38345WI0010136,38345,HMO,Gold,QHP,WI
4776,38345WI0010137,38345,HMO,Silver,QHP,WI
4777,38345WI0010138,38345,HMO,Bronze Expanded,QHP,WI
4778,38345WI0010139,38345,HMO,Silver,QHP,WI
4779,38345WI0010140,38345,HMO,Gold,QHP,WI
4780,38345WI0010141,38345,HMO,Silver,QHP,WI
4781,38345WI0010142,38345,HMO,Bronze,QHP,WI
4782,38345WI0010143,38345,HMO,Silver,QHP,WI
4783,38345WI0010144,38345,HMO,Bronze Expanded,QHP,WI
4784,38345WI0010145,38345,HMO,Catastrophic,QHP,WI
4785,38345WI0010146,38345,HMO,Gold,QHP,WI
4786,38345WI0010147,38345,HMO,Silver,QHP,WI
4787,38345WI0010148,38345,HMO,Bronze Expanded,QHP,WI
4788,38345WI0010149,38345,HMO,Silver,QHP,WI
4789,38345WI0010150,38345,HMO,Gold,QHP,WI
4790,38345WI0010151,38345,HMO,Silver,QHP,WI
4791,38345WI0010152,38345,HMO,Bronze,QHP,WI
4792,38345WI0010153,38345,HMO,Silver,QHP,WI
4793,38345WI0010154,38345,HMO,Bronze Expanded,QHP,WI
4794,38345WI0010155,38345,HMO,Catastrophic,QHP,WI
4795,38345WI0080018,38345,EPO,Silver,QHP,WI
4796,38345WI0080029,38345,EPO,Bronze,QHP,WI
4797,38345WI0080032,38345,EPO,Silver,QHP,WI
4798,38345WI0080033,38345,EPO,Bronze Expanded,QHP,WI
4799,38345WI0080034,38345,EPO,Gold,QHP,WI
4800,38345WI0080043,38345,EPO,Bronze Expanded,QHP,WI
4801,38345WI0080044,38345,EPO,Bronze Expanded,QHP,WI
4802,38345WI0080045,38345,EPO,Gold,QHP,WI
4803,38345WI0080046,38345,EPO,Silver,QHP,WI
4804,38345WI0080047,38345,EPO,Bronze,QHP,WI
4805,38345WI0080048,38345,EPO,Silver,QHP,WI
4806,38345WI0080049,38345,EPO,Bronze Expanded,QHP,WI
4807,38345WI0240001,38345,HMO,Gold,QHP,WI
4808,38345WI0240002,38345,HMO,Silver,QHP,WI
4809,38345WI0240003,38345,HMO,Bronze Expanded,QHP,WI
4810,38345WI0240004,38345,HMO,Silver,QHP,WI
4811,38345WI0240005,38345,HMO,Gold,QHP,WI
4812,38345WI0240006,38345,HMO,Silver,QHP,WI
4813,38345WI0240007,38345,HMO,Bronze,QHP,WI
4814,38345WI0240008,38345,HMO,Silver,QHP,WI
4815,38345WI0240009,38345,HMO,Bronze Expanded,QHP,WI
4816,38345WI0240010,38345,HMO,Catastrophic,QHP,WI
4817,57845WI0040001,57845,EPO,Gold,QHP,WI
4818,57845WI0040003,57845,EPO,Silver,QHP,WI
4819,57845WI0040005,57845,EPO,Bronze Expanded,QHP,WI
4820,57845WI0040011,57845,EPO,Bronze Expanded,QHP,WI
4821,57845WI0040013,57845,EPO,Catastrophic,QHP,WI
4822,57845WI0040029,57845,EPO,Bronze Expanded,QHP,WI
4823,57845WI0050001,57845,EPO,Gold,QHP,WI
4824,57845WI0050003,57845,EPO,Silver,QHP,WI
4825,57845WI0050005,57845,EPO,Bronze Expanded,QHP,WI
4826,57845WI0050011,57845,EPO,Bronze Expanded,QHP,WI
4827,57845WI0050013,57845,EPO,Catastrophic,QHP,WI
4828,57845WI0050029,57845,EPO,Bronze Expanded,QHP,WI
4829,20173WI0130020,20173,PPO,Gold,QHP,WI
4830,20173WI0130021,20173,PPO,Silver,QHP,WI
4831,20173WI0130023,20173,PPO,Bronze Expanded,QHP,WI
4832,20173WI0130025,20173,PPO,Catastrophic,QHP,WI
4833,20173WI0130026,20173,PPO,Silver,QHP,WI
4834,20173WI0130027,20173,PPO,Bronze Expanded,QHP,WI
4835,52697WI0010001,52697,HMO,Gold,QHP,WI
4836,52697WI0010002,52697,HMO,Silver,QHP,WI
4837,52697WI0050001,52697,HMO,Gold,QHP,WI
4838,52697WI0050002,52697,HMO,Silver,QHP,WI
4839,52697WI0060001,52697,HMO,Silver,QHP,WI
4840,58326WI0090001,58326,HMO,Gold,QHP,WI
4841,58326WI0090002,58326,HMO,Silver,QHP,WI
4842,58326WI0090006,58326,HMO,Bronze,QHP,WI
4843,58326WI0090012,58326,HMO,Gold,QHP,WI
4844,58326WI0090013,58326,HMO,Gold,QHP,WI
4845,58326WI0090015,58326,HMO,Silver,QHP,WI
4846,58326WI0090016,58326,HMO,Silver,QHP,WI
4847,58326WI0090018,58326,HMO,Bronze Expanded,QHP,WI
4848,58326WI0090019,58326,HMO,Bronze,QHP,WI
4849,84670WI1250149,84670,HMO,Bronze,QHP,WI
4850,84670WI1250150,84670,HMO,Bronze Expanded,QHP,WI
4851,84670WI1250151,84670,HMO,Bronze Expanded,QHP,WI
4852,84670WI1250152,84670,HMO,Silver,QHP,WI
4853,84670WI1250153,84670,HMO,Silver,QHP,WI
4854,84670WI1250154,84670,HMO,Silver,QHP,WI
4855,84670WI1250155,84670,HMO,Gold,QHP,WI
4856,84670WI1250156,84670,HMO,Catastrophic,QHP,WI
4857,84670WI1250157,84670,HMO,Bronze Expanded,QHP,WI
4858,84670WI1250158,84670,HMO,Bronze Expanded,QHP,WI
4859,84670WI1250159,84670,HMO,Bronze Expanded,QHP,WI
4860,84670WI1250160,84670,HMO,Silver,QHP,WI
4861,84670WI1250161,84670,HMO,Silver,QHP,WI
4862,84670WI1250162,84670,HMO,Silver,QHP,WI
4863,87416WI0030020,87416,EPO,Gold,QHP,WI
4864,87416WI0030021,87416,EPO,Silver,QHP,WI
4865,87416WI0030022,87416,EPO,Silver,QHP,WI
4866,87416WI0030026,87416,EPO,Catastrophic,QHP,WI
4867,87416WI0030027,87416,EPO,Bronze Expanded,QHP,WI
4868,87416WI0030031,87416,EPO,Bronze Expanded,QHP,WI
4869,87416WI0030047,87416,EPO,Silver,QHP,WI
4870,37833WI0380103,37833,HMO,Bronze Expanded,QHP,WI
4871,37833WI0380107,37833,HMO,Bronze Expanded,QHP,WI
4872,37833WI0510103,37833,HMO,Bronze Expanded,QHP,WI
4873,37833WI0510107,37833,HMO,Bronze Expanded,QHP,WI
4874,37833WI0540007,37833,HMO,Bronze Expanded,QHP,WI
4875,37833WI0540008,37833,HMO,Catastrophic,QHP,WI
4876,37833WI0540010,37833,HMO,Bronze Expanded,QHP,WI
4877,37833WI0540011,37833,HMO,Catastrophic,QHP,WI
4878,37833WI0540036,37833,HMO,Silver,QHP,WI
4879,37833WI0540037,37833,HMO,Silver,QHP,WI
4880,37833WI0540047,37833,HMO,Gold,QHP,WI
4881,37833WI0540049,37833,HMO,Gold,QHP,WI
4882,14630WI0010001,14630,EPO,Bronze Expanded,QHP,WI
4883,14630WI0010002,14630,EPO,Silver,QHP,WI
4884,14630WI0010003,14630,EPO,Silver,QHP,WI
4885,14630WI0010004,14630,EPO,Gold,QHP,WI
4886,14630WI0010005,14630,EPO,Bronze Expanded,QHP,WI
4887,14630WI0010007,14630,EPO,Silver,QHP,WI
4888,14630WI0010008,14630,EPO,Catastrophic,QHP,WI
4889,86584WI0010001,86584,HMO,Silver,QHP,WI
4890,86584WI0010003,86584,HMO,Bronze Expanded,QHP,WI
4891,86584WI0010005,86584,HMO,Bronze,QHP,WI
4892,86584WI0010006,86584,HMO,Bronze Expanded,QHP,WI
4893,86584WI0010007,86584,HMO,Gold,QHP,WI
4894,86584WI0010008,86584,HMO,Catastrophic,QHP,WI
4895,86584WI0010009,86584,HMO,Bronze Expanded,QHP,WI
4896,86584WI0010011,86584,HMO,Bronze Expanded,QHP,WI
4897,86584WI0010012,86584,HMO,Silver,QHP,WI
4898,86584WI0010013,86584,HMO,Silver,QHP,WI
4899,86584WI0020001,86584,POS,Silver,QHP,WI
4900,86584WI0020003,86584,POS,Bronze Expanded,QHP,WI
4901,38166WI0180008,38166,EPO,Catastrophic,QHP,WI
4902,38166WI0180014,38166,EPO,Bronze,QHP,WI
4903,38166WI0180016,38166,EPO,Silver,QHP,WI
4904,38166WI0180018,38166,EPO,Silver,QHP,WI
4905,38166WI0180020,38166,EPO,Bronze,QHP,WI
4906,38166WI0180021,38166,EPO,Silver,QHP,WI
4907,38166WI0180022,38166,EPO,Bronze Expanded,QHP,WI
4908,81413WI0460005,81413,HMO,Bronze Expanded,QHP,WI
4909,81413WI0460007,81413,HMO,Silver,QHP,WI
4910,81413WI0460008,81413,HMO,Bronze Expanded,QHP,WI
4911,81413WI0460011,81413,HMO,Silver,QHP,WI
4912,81413WI0460013,81413,HMO,Gold,QHP,WI
4913,81413WI0460014,81413,HMO,Bronze Expanded,QHP,WI
4914,81413WI0460016,81413,HMO,Gold,QHP,WI
4915,81413WI0460017,81413,HMO,Gold,QHP,WI
4916,81413WI0470005,81413,HMO,Bronze Expanded,QHP,WI
4917,81413WI0470007,81413,HMO,Silver,QHP,WI
4918,81413WI0470008,81413,HMO,Bronze Expanded,QHP,WI
4919,81413WI0470011,81413,HMO,Silver,QHP,WI
4920,81413WI0470013,81413,HMO,Gold,QHP,WI
4921,81413WI0470014,81413,HMO,Bronze Expanded,QHP,WI
4922,81413WI0470016,81413,HMO,Gold,QHP,WI
4923,81413WI0470017,81413,HMO,Gold,QHP,WI
4924,79475WI0340102,79475,HMO,Bronze Expanded,QHP,WI
4925,79475WI0340103,79475,HMO,Bronze Expanded,QHP,WI
4926,79475WI0340104,79475,HMO,Bronze,QHP,WI
4927,79475WI0340105,79475,HMO,Bronze,QHP,WI
4928,79475WI0340106,79475,HMO,Silver,QHP,WI
4929,79475WI0340107,79475,HMO,Silver,QHP,WI
4930,79475WI0340109,79475,HMO,Silver,QHP,WI
4931,79475WI0340110,79475,HMO,Gold,QHP,WI
4932,94529WI0240065,94529,HMO,Catastrophic,QHP,WI
4933,94529WI0240066,94529,HMO,Platinum,QHP,WI
4934,94529WI0240067,94529,HMO,Gold,QHP,WI
4935,94529WI0240068,94529,HMO,Silver,QHP,WI
4936,94529WI0240069,94529,HMO,Platinum,QHP,WI
4937,94529WI0240070,94529,HMO,Gold,QHP,WI
4938,94529WI0240071,94529,HMO,Silver,QHP,WI
4939,38345WI0010156,38345,HMO,Gold,QHP,WI
4940,38345WI0010157,38345,HMO,Silver,QHP,WI
4941,57845WI0040027,57845,EPO,Silver,QHP,WI
4942,57845WI0040035,57845,EPO,Bronze,QHP,WI
4943,57845WI0050027,57845,EPO,Silver,QHP,WI
4944,57845WI0050035,57845,EPO,Bronze,QHP,WI
4945,20173WI0130001,20173,PPO,Gold,QHP,WI
4946,20173WI0130003,20173,PPO,Bronze Expanded,QHP,WI
4947,20173WI0130004,20173,PPO,Catastrophic,QHP,WI
4948,20173WI0130006,20173,PPO,Silver,QHP,WI
4949,20173WI0130007,20173,PPO,Silver,QHP,WI
4950,20173WI0130008,20173,PPO,Bronze Expanded,QHP,WI
4951,20173WI0130009,20173,PPO,Bronze Expanded,QHP,WI
4952,20173WI0130010,20173,PPO,Silver,QHP,WI
4953,20173WI0130029,20173,PPO,Silver,QHP,WI
4954,20173WI0130030,20173,PPO,Silver,QHP,WI
4955,20173WI0130031,20173,PPO,Gold,QHP,WI
4956,52697WI0010004,52697,HMO,Silver,QHP,WI
4957,52697WI0010007,52697,HMO,Silver,QHP,WI
4958,84670WI1270149,84670,POS,Bronze,QHP,WI
4959,84670WI1270159,84670,POS,Bronze Expanded,QHP,WI
4960,87416WI0030003,87416,EPO,Bronze Expanded,QHP,WI
4961,87416WI0030004,87416,EPO,Silver,QHP,WI
4962,87416WI0030005,87416,EPO,Gold,QHP,WI
4963,87416WI0030017,87416,EPO,Gold,QHP,WI
4964,87416WI0030018,87416,EPO,Gold,QHP,WI
4965,87416WI0030019,87416,EPO,Gold,QHP,WI
4966,87416WI0030023,87416,EPO,Silver,QHP,WI
4967,87416WI0030028,87416,EPO,Bronze Expanded,QHP,WI
4968,87416WI0030032,87416,EPO,Gold,QHP,WI
4969,87416WI0030033,87416,EPO,Silver,QHP,WI
4970,87416WI0030034,87416,EPO,Bronze,QHP,WI
4971,87416WI0030035,87416,EPO,Bronze Expanded,QHP,WI
4972,87416WI0060004,87416,EPO,Gold,QHP,WI
4973,87416WI0060005,87416,EPO,Gold,QHP,WI
4974,87416WI0060006,87416,EPO,Gold,QHP,WI
4975,87416WI0060007,87416,EPO,Gold,QHP,WI
4976,87416WI0060009,87416,EPO,Silver,QHP,WI
4977,87416WI0060010,87416,EPO,Silver,QHP,WI
4978,87416WI0060011,87416,EPO,Silver,QHP,WI
4979,87416WI0060012,87416,EPO,Silver,QHP,WI
4980,87416WI0060014,87416,EPO,Bronze,QHP,WI
4981,87416WI0060015,87416,EPO,Bronze Expanded,QHP,WI
4982,87416WI0060016,87416,EPO,Bronze Expanded,QHP,WI
4983,87416WI0060017,87416,EPO,Bronze Expanded,QHP,WI
4984,87416WI0060018,87416,EPO,Bronze Expanded,QHP,WI
4985,87416WI0060019,87416,EPO,Silver,QHP,WI
4986,87416WI0060020,87416,EPO,Gold,QHP,WI
4987,87416WI0060023,87416,EPO,Bronze Expanded,QHP,WI
4988,87416WI0060024,87416,EPO,Silver,QHP,WI
4989,87416WI0060025,87416,EPO,Gold,QHP,WI
4990,87416WI0070004,87416,EPO,Gold,QHP,WI
4991,87416WI0070005,87416,EPO,Gold,QHP,WI
4992,87416WI0070006,87416,EPO,Gold,QHP,WI
4993,87416WI0070007,87416,EPO,Gold,QHP,WI
4994,87416WI0070009,87416,EPO,Silver,QHP,WI
4995,87416WI0070010,87416,EPO,Silver,QHP,WI
4996,87416WI0070011,87416,EPO,Silver,QHP,WI
4997,87416WI0070012,87416,EPO,Silver,QHP,WI
4998,87416WI0070014,87416,EPO,Bronze,QHP,WI
4999,87416WI0070015,87416,EPO,Bronze Expanded,QHP,WI
5000,87416WI0070016,87416,EPO,Bronze Expanded,QHP,WI
5001,87416WI0070017,87416,EPO,Bronze Expanded,QHP,WI
5002,87416WI0070018,87416,EPO,Bronze Expanded,QHP,WI
5003,87416WI0070019,87416,EPO,Silver,QHP,WI
5004,87416WI0070020,87416,EPO,Gold,QHP,WI
5005,87416WI0070023,87416,EPO,Bronze Expanded,QHP,WI
5006,87416WI0070024,87416,EPO,Silver,QHP,WI
5007,87416WI0070025,87416,EPO,Gold,QHP,WI
5008,37833WI0380145,37833,HMO,Gold,QHP,WI
5009,37833WI0380146,37833,HMO,Gold,QHP,WI
5010,37833WI0380147,37833,HMO,Gold,QHP,WI
5011,37833WI0380148,37833,HMO,Gold,QHP,WI
5012,37833WI0380149,37833,HMO,Gold,QHP,WI
5013,37833WI0380150,37833,HMO,Gold,QHP,WI
5014,37833WI0380151,37833,HMO,Silver,QHP,WI
5015,37833WI0380152,37833,HMO,Silver,QHP,WI
5016,37833WI0380153,37833,HMO,Silver,QHP,WI
5017,37833WI0380154,37833,HMO,Silver,QHP,WI
5018,37833WI0380155,37833,HMO,Silver,QHP,WI
5019,37833WI0380156,37833,HMO,Silver,QHP,WI
5020,37833WI0380157,37833,HMO,Bronze Expanded,QHP,WI
5021,37833WI0380158,37833,HMO,Bronze Expanded,QHP,WI
5022,37833WI0380159,37833,HMO,Bronze Expanded,QHP,WI
5023,37833WI0380160,37833,HMO,Bronze Expanded,QHP,WI
5024,37833WI0380167,37833,HMO,Gold,QHP,WI
5025,37833WI0380168,37833,HMO,Gold,QHP,WI
5026,37833WI0380169,37833,HMO,Gold,QHP,WI
5027,37833WI0380170,37833,HMO,Silver,QHP,WI
5028,37833WI0380171,37833,HMO,Silver,QHP,WI
5029,37833WI0380172,37833,HMO,Silver,QHP,WI
5030,37833WI0380173,37833,HMO,Bronze Expanded,QHP,WI
5031,37833WI0380174,37833,HMO,Bronze Expanded,QHP,WI
5032,37833WI0380175,37833,HMO,Bronze Expanded,QHP,WI
5033,37833WI0380179,37833,HMO,Gold,QHP,WI
5034,37833WI0380180,37833,HMO,Gold,QHP,WI
5035,37833WI0380181,37833,HMO,Gold,QHP,WI
5036,37833WI0380182,37833,HMO,Silver,QHP,WI
5037,37833WI0380183,37833,HMO,Silver,QHP,WI
5038,37833WI0380187,37833,HMO,Silver,QHP,WI
5039,37833WI0380188,37833,HMO,Bronze Expanded,QHP,WI
5040,37833WI0380189,37833,HMO,Bronze Expanded,QHP,WI
5041,37833WI0380190,37833,HMO,Bronze Expanded,QHP,WI
5042,37833WI0510145,37833,HMO,Gold,QHP,WI
5043,37833WI0510146,37833,HMO,Gold,QHP,WI
5044,37833WI0510147,37833,HMO,Gold,QHP,WI
5045,37833WI0510148,37833,HMO,Gold,QHP,WI
5046,37833WI0510149,37833,HMO,Gold,QHP,WI
5047,37833WI0510150,37833,HMO,Gold,QHP,WI
5048,37833WI0510151,37833,HMO,Silver,QHP,WI
5049,37833WI0510152,37833,HMO,Silver,QHP,WI
5050,37833WI0510153,37833,HMO,Silver,QHP,WI
5051,37833WI0510154,37833,HMO,Silver,QHP,WI
5052,37833WI0510155,37833,HMO,Silver,QHP,WI
5053,37833WI0510156,37833,HMO,Silver,QHP,WI
5054,37833WI0510157,37833,HMO,Bronze Expanded,QHP,WI
5055,37833WI0510158,37833,HMO,Bronze Expanded,QHP,WI
5056,37833WI0510159,37833,HMO,Bronze Expanded,QHP,WI
5057,37833WI0510160,37833,HMO,Bronze Expanded,QHP,WI
5058,37833WI0510167,37833,HMO,Gold,QHP,WI
5059,37833WI0510168,37833,HMO,Gold,QHP,WI
5060,37833WI0510169,37833,HMO,Gold,QHP,WI
5061,37833WI0510170,37833,HMO,Silver,QHP,WI
5062,37833WI0510171,37833,HMO,Silver,QHP,WI
5063,37833WI0510172,37833,HMO,Silver,QHP,WI
5064,37833WI0510173,37833,HMO,Bronze Expanded,QHP,WI
5065,37833WI0510174,37833,HMO,Bronze Expanded,QHP,WI
5066,37833WI0510175,37833,HMO,Bronze Expanded,QHP,WI
5067,37833WI0510179,37833,HMO,Gold,QHP,WI
5068,37833WI0510180,37833,HMO,Gold,QHP,WI
5069,37833WI0510181,37833,HMO,Gold,QHP,WI
5070,37833WI0510182,37833,HMO,Silver,QHP,WI
5071,37833WI0510183,37833,HMO,Silver,QHP,WI
5072,37833WI0510187,37833,HMO,Silver,QHP,WI
5073,37833WI0510188,37833,HMO,Bronze Expanded,QHP,WI
5074,37833WI0510189,37833,HMO,Bronze Expanded,QHP,WI
5075,37833WI0510190,37833,HMO,Bronze Expanded,QHP,WI
5076,37833WI0540063,37833,HMO,Gold,QHP,WI
5077,37833WI0540064,37833,HMO,Silver,QHP,WI
5078,37833WI0540065,37833,HMO,Bronze Expanded,QHP,WI
5079,37833WI0540066,37833,HMO,Catastrophic,QHP,WI
5080,37833WI0540068,37833,HMO,Gold,QHP,WI
5081,37833WI0540069,37833,HMO,Silver,QHP,WI
5082,37833WI0540070,37833,HMO,Bronze Expanded,QHP,WI
5083,37833WI0540072,37833,HMO,Catastrophic,QHP,WI
5084,14630WI0010010,14630,EPO,Bronze Expanded,QHP,WI
5085,38166WI0180023,38166,EPO,Gold,QHP,WI
5086,38166WI0180024,38166,EPO,Gold,QHP,WI
5087,38166WI0180025,38166,EPO,Bronze Expanded,QHP,WI
5088,38166WI0270001,38166,EPO,Gold,QHP,WI
5089,38166WI0270002,38166,EPO,Silver,QHP,WI
5090,38166WI0270003,38166,EPO,Silver,QHP,WI
5091,38166WI0270004,38166,EPO,Silver,QHP,WI
5092,38166WI0270005,38166,EPO,Bronze Expanded,QHP,WI
5093,38166WI0270006,38166,EPO,Bronze,QHP,WI
5094,38166WI0270007,38166,EPO,Bronze,QHP,WI
5095,38166WI0270008,38166,EPO,Catastrophic,QHP,WI
5096,38166WI0270009,38166,EPO,Gold,QHP,WI
5097,38166WI0270010,38166,EPO,Bronze Expanded,QHP,WI
5098,38166WI0280001,38166,HMO,Gold,QHP,WI
5099,38166WI0280002,38166,HMO,Gold,QHP,WI
5100,38166WI0280003,38166,HMO,Silver,QHP,WI
5101,38166WI0280004,38166,HMO,Silver,QHP,WI
5102,38166WI0280005,38166,HMO,Silver,QHP,WI
5103,38166WI0280006,38166,HMO,Bronze Expanded,QHP,WI
5104,38166WI0280007,38166,HMO,Bronze Expanded,QHP,WI
5105,38166WI0280008,38166,HMO,Bronze,QHP,WI
5106,38166WI0280009,38166,HMO,Bronze,QHP,WI
5107,38166WI0280010,38166,HMO,Catastrophic,QHP,WI
5108,81413WI0460018,81413,HMO,Bronze Expanded,QHP,WI
5109,81413WI0470018,81413,HMO,Bronze Expanded,QHP,WI
5110,50328WV0010020,50328,HMO,Bronze Expanded,QHP,WV
5111,50328WV0010021,50328,HMO,Silver,QHP,WV
5112,50328WV0010022,50328,HMO,Gold,QHP,WV
5113,50328WV0010023,50328,HMO,Silver,QHP,WV
5114,50328WV0010024,50328,HMO,Bronze Expanded,QHP,WV
5115,50328WV0010025,50328,HMO,Silver,QHP,WV
5116,50328WV0020021,50328,HMO,Silver,QHP,WV
5117,50328WV0020022,50328,HMO,Gold,QHP,WV
5118,50328WV0020023,50328,HMO,Silver,QHP,WV
5119,50328WV0020024,50328,HMO,Bronze Expanded,QHP,WV
5120,50328WV0020025,50328,HMO,Silver,QHP,WV
5121,31274WV0490001,31274,EPO,Catastrophic,QHP,WV
5122,31274WV0500002,31274,EPO,Bronze Expanded,QHP,WV
5123,31274WV0500003,31274,EPO,Silver,QHP,WV
5124,31274WV0500008,31274,EPO,Gold,QHP,WV
5125,31274WV0510001,31274,EPO,Silver,QHP,WV
5126,31274WV0510002,31274,EPO,Bronze Expanded,QHP,WV
5127,31274WV0520001,31274,EPO,Bronze Expanded,QHP,WV
5128,31274WV0520002,31274,EPO,Silver,QHP,WV
5129,31274WV0520005,31274,EPO,Gold,QHP,WV
5130,31274WV0530001,31274,EPO,Gold,QHP,WV
5131,31274WV0540001,31274,EPO,Gold,QHP,WV
5132,11269WY0070004,11269,PPO,Bronze Expanded,QHP,WY
5133,11269WY0070011,11269,PPO,Gold,QHP,WY
5134,11269WY0070013,11269,PPO,Gold,QHP,WY
5135,11269WY0070014,11269,PPO,Silver,QHP,WY
5136,11269WY0070016,11269,PPO,Silver,QHP,WY
5137,11269WY0070018,11269,PPO,Silver,QHP,WY
5138,11269WY0070019,11269,PPO,Bronze,QHP,WY
5139,11269WY0070022,11269,PPO,Bronze,QHP,WY
5140,11269WY0070023,11269,PPO,Silver,QHP,WY
5141,11269WY0070024,11269,PPO,Gold,QHP,WY
5142,38576WY0020001,38576,PPO,Gold,QHP,WY
5143,38576WY0020002,38576,PPO,Silver,QHP,WY
5144,38576WY0020003,38576,PPO,Bronze Expanded,QHP,WY
5145,38576WY0020004,38576,PPO,Bronze Expanded,QHP,WY
5146,38576WY0020005,38576,PPO,Gold,QHP,WY
5147,38576WY0020006,38576,PPO,Silver,QHP,WY
5148,38576WY0020007,38576,PPO,Bronze Expanded,QHP,WY
5149,11269WY0070025,11269,PPO,Gold,QHP,WY
5150,11269WY0070026,11269,PPO,Bronze,QHP,WY
5151,11269WY0170015,11269,PPO,Silver,QHP,WY
5152,11269WY0170016,11269,PPO,Silver,QHP,WY
5153,38344AK1100001,38344,PPO,Gold,QHP,AK
5154,38344AK1100002,38344,PPO,Silver,QHP,AK
5155,38344AK1100003,38344,PPO,Bronze,QHP,AK
5156,77963AK0020001,77963,PPO,Gold,QHP,AK
5157,77963AK0030001,77963,PPO,Silver,QHP,AK
5158,77963AK0040001,77963,PPO,Bronze,QHP,AK
5159,46944AL0720001,46944,PPO,Gold,QHP,AL
5160,46944AL0730001,46944,PPO,Silver,QHP,AL
5161,46944AL0740001,46944,EPO,Silver,QHP,AL
5162,46944AL0750001,46944,PPO,Bronze Expanded,QHP,AL
5163,69461AL0110008,69461,EPO,Gold,QHP,AL
5164,69461AL0110009,69461,EPO,Gold,QHP,AL
5165,69461AL0110010,69461,EPO,Gold,QHP,AL
5166,69461AL0110011,69461,EPO,Silver,QHP,AL
5167,69461AL0110012,69461,EPO,Silver,QHP,AL
5168,69461AL0110013,69461,EPO,Silver,QHP,AL
5169,69461AL0110014,69461,EPO,Silver,QHP,AL
5170,69461AL0110015,69461,EPO,Bronze,QHP,AL
5171,69461AL0110016,69461,EPO,Bronze Expanded,QHP,AL
5172,69461AL0110017,69461,EPO,Bronze,QHP,AL
5173,69461AL0110018,69461,EPO,Bronze Expanded,QHP,AL
5174,69461AL0110019,69461,EPO,Bronze,QHP,AL
5175,53932AL0100001,53932,EPO,Bronze,QHP,AL
5176,53932AL0100002,53932,EPO,Bronze Expanded,QHP,AL
5177,53932AL0100003,53932,EPO,Bronze Expanded,QHP,AL
5178,53932AL0100004,53932,EPO,Silver,QHP,AL
5179,53932AL0100005,53932,EPO,Silver,QHP,AL
5180,53932AL0100006,53932,EPO,Silver,QHP,AL
5181,53932AL0100010,53932,EPO,Bronze,QHP,AL
5182,53932AL0100011,53932,EPO,Bronze Expanded,QHP,AL
5183,53932AL0100012,53932,EPO,Silver,QHP,AL
5184,53932AL0100013,53932,EPO,Gold,QHP,AL
5185,53932AL0100014,53932,EPO,Bronze Expanded,QHP,AL
5186,53932AL0110001,53932,EPO,Bronze,QHP,AL
5187,53932AL0110002,53932,EPO,Bronze Expanded,QHP,AL
5188,53932AL0110003,53932,EPO,Bronze Expanded,QHP,AL
5189,53932AL0110004,53932,EPO,Silver,QHP,AL
5190,53932AL0110005,53932,EPO,Silver,QHP,AL
5191,53932AL0110006,53932,EPO,Silver,QHP,AL
5192,53932AL0110014,53932,EPO,Bronze Expanded,QHP,AL
5193,73301AL0020025,73301,EPO,Silver,QHP,AL
5194,73301AL0020026,73301,EPO,Silver,QHP,AL
5195,73301AL0020027,73301,EPO,Silver,QHP,AL
5196,73301AL0020028,73301,EPO,Silver,QHP,AL
5197,73301AL0020029,73301,EPO,Silver,QHP,AL
5198,73301AL0020030,73301,EPO,Silver,QHP,AL
5199,37903AR0070030,37903,PPO,Silver,QHP,AR
5200,37903AR0070031,37903,PPO,Gold,QHP,AR
5201,37903AR0070033,37903,PPO,Silver,QHP,AR
5202,37903AR0070034,37903,PPO,Gold,QHP,AR
5203,70525AR0070267,70525,POS,Silver,QHP,AR
5204,70525AR0070268,70525,POS,Gold,QHP,AR
5205,70525AR0070287,70525,POS,Bronze Expanded,QHP,AR
5206,70525AR0070288,70525,POS,Silver,QHP,AR
5207,70525AR0070289,70525,POS,Gold,QHP,AR
5208,13262AR0230004,13262,POS,Gold,QHP,AR
5209,13262AR0230005,13262,POS,Silver,QHP,AR
5210,75293AR1200025,75293,PPO,Gold,QHP,AR
5211,75293AR1200026,75293,PPO,Silver,QHP,AR
5212,75293AR1200027,75293,PPO,Bronze,QHP,AR
5213,62141AR0080032,62141,PPO,Bronze Expanded,QHP,AR
5214,62141AR0080033,62141,PPO,Silver,QHP,AR
5215,62141AR0080034,62141,PPO,Gold,QHP,AR
5216,62141AR0100032,62141,PPO,Silver,QHP,AR
5217,53901AZ1420120,53901,HMO,Gold,QHP,AZ
5218,53901AZ1420121,53901,HMO,Silver,QHP,AZ
5219,53901AZ1420122,53901,HMO,Bronze Expanded,QHP,AZ
5220,53901AZ1420123,53901,HMO,Gold,QHP,AZ
5221,53901AZ1420124,53901,HMO,Silver,QHP,AZ
5222,53901AZ1420125,53901,HMO,Bronze Expanded,QHP,AZ
5223,53901AZ1420126,53901,HMO,Gold,QHP,AZ
5224,53901AZ1420127,53901,HMO,Silver,QHP,AZ
5225,53901AZ1420128,53901,HMO,Bronze Expanded,QHP,AZ
5226,53901AZ1420129,53901,HMO,Gold,QHP,AZ
5227,53901AZ1420130,53901,HMO,Silver,QHP,AZ
5228,53901AZ1420131,53901,HMO,Bronze Expanded,QHP,AZ
5229,53901AZ1420132,53901,HMO,Gold,QHP,AZ
5230,53901AZ1420133,53901,HMO,Silver,QHP,AZ
5231,53901AZ1420134,53901,HMO,Bronze Expanded,QHP,AZ
5232,53901AZ1420135,53901,HMO,Gold,QHP,AZ
5233,53901AZ1420136,53901,HMO,Silver,QHP,AZ
5234,53901AZ1420137,53901,HMO,Bronze Expanded,QHP,AZ
5235,53901AZ1420138,53901,HMO,Gold,QHP,AZ
5236,53901AZ1420139,53901,HMO,Silver,QHP,AZ
5237,53901AZ1420140,53901,HMO,Bronze Expanded,QHP,AZ
5238,53901AZ1420141,53901,HMO,Gold,QHP,AZ
5239,53901AZ1420142,53901,HMO,Silver,QHP,AZ
5240,53901AZ1420143,53901,HMO,Bronze Expanded,QHP,AZ
5241,53901AZ1420144,53901,HMO,Gold,QHP,AZ
5242,53901AZ1420145,53901,HMO,Silver,QHP,AZ
5243,53901AZ1420146,53901,HMO,Bronze Expanded,QHP,AZ
5244,53901AZ1420147,53901,HMO,Gold,QHP,AZ
5245,53901AZ1420148,53901,HMO,Silver,QHP,AZ
5246,53901AZ1420149,53901,HMO,Bronze Expanded,QHP,AZ
5247,53901AZ1420150,53901,HMO,Gold,QHP,AZ
5248,53901AZ1420151,53901,HMO,Silver,QHP,AZ
5249,53901AZ1420152,53901,HMO,Bronze Expanded,QHP,AZ
5250,53901AZ1420153,53901,HMO,Gold,QHP,AZ
5251,53901AZ1420154,53901,HMO,Silver,QHP,AZ
5252,53901AZ1420155,53901,HMO,Bronze Expanded,QHP,AZ
5253,53901AZ1490003,53901,PPO,Gold,QHP,AZ
5254,53901AZ1490004,53901,PPO,Silver,QHP,AZ
5255,53901AZ1490005,53901,PPO,Gold,QHP,AZ
5256,97667AZ0110030,97667,HMO,Bronze Expanded,QHP,AZ
5257,97667AZ0110031,97667,HMO,Silver,QHP,AZ
5258,97667AZ0110032,97667,HMO,Bronze Expanded,QHP,AZ
5259,97667AZ0110033,97667,HMO,Bronze,QHP,AZ
5260,97667AZ0110034,97667,HMO,Silver,QHP,AZ
5261,97667AZ0110035,97667,HMO,Gold,QHP,AZ
5262,40702AZ0060015,40702,HMO,Gold,QHP,AZ
5263,40702AZ0060016,40702,HMO,Gold,QHP,AZ
5264,40702AZ0060017,40702,HMO,Silver,QHP,AZ
5265,40702AZ0060018,40702,HMO,Silver,QHP,AZ
5266,40702AZ0060019,40702,HMO,Bronze Expanded,QHP,AZ
5267,40702AZ0060020,40702,HMO,Bronze,QHP,AZ
5268,40702AZ0060021,40702,HMO,Gold,QHP,AZ
5269,40702AZ0060022,40702,HMO,Gold,QHP,AZ
5270,40702AZ0060023,40702,HMO,Silver,QHP,AZ
5271,40702AZ0060024,40702,HMO,Silver,QHP,AZ
5272,40702AZ0060025,40702,HMO,Silver,QHP,AZ
5273,40702AZ0060026,40702,HMO,Silver,QHP,AZ
5274,40702AZ0060027,40702,HMO,Bronze Expanded,QHP,AZ
5275,87247AZ0010042,87247,HMO,Silver,QHP,AZ
5276,87247AZ0010043,87247,HMO,Silver,QHP,AZ
5277,87247AZ0010044,87247,HMO,Silver,QHP,AZ
5278,87247AZ0010045,87247,HMO,Silver,QHP,AZ
5279,87247AZ0010046,87247,HMO,Silver,QHP,AZ
5280,87247AZ0010047,87247,HMO,Silver,QHP,AZ
5281,87247AZ0010048,87247,HMO,Silver,QHP,AZ
5282,87247AZ0010049,87247,HMO,Silver,QHP,AZ
5283,87247AZ0010050,87247,HMO,Silver,QHP,AZ
5284,87247AZ0010051,87247,HMO,Silver,QHP,AZ
5285,87247AZ0010052,87247,HMO,Silver,QHP,AZ
5286,87247AZ0010053,87247,HMO,Silver,QHP,AZ
5287,13877AZ0070050,13877,HMO,Bronze Expanded,QHP,AZ
5288,13877AZ0070051,13877,HMO,Bronze,QHP,AZ
5289,13877AZ0070052,13877,HMO,Silver,QHP,AZ
5290,13877AZ0070053,13877,HMO,Gold,QHP,AZ
5291,85533AZ0010001,85533,HMO,Bronze,QHP,AZ
5292,85533AZ0010002,85533,HMO,Silver,QHP,AZ
5293,85533AZ0010003,85533,HMO,Gold,QHP,AZ
5294,85533AZ0020001,85533,HMO,Silver,QHP,AZ
5295,85533AZ0020002,85533,HMO,Gold,QHP,AZ
5296,23435AZ0040011,23435,HMO,Bronze Expanded,QHP,AZ
5297,23435AZ0040012,23435,HMO,Gold,QHP,AZ
5298,23435AZ0040013,23435,HMO,Silver,QHP,AZ
5299,23435AZ0040014,23435,HMO,Silver,QHP,AZ
5300,23435AZ0040015,23435,HMO,Silver,QHP,AZ
5301,91450AZ0080112,91450,HMO,Gold,QHP,AZ
5302,91450AZ0080113,91450,HMO,Gold,QHP,AZ
5303,91450AZ0080121,91450,HMO,Bronze,QHP,AZ
5304,91450AZ0080122,91450,HMO,Bronze Expanded,QHP,AZ
5305,91450AZ0080123,91450,HMO,Silver,QHP,AZ
5306,91450AZ0080124,91450,HMO,Gold,QHP,AZ
5307,91450AZ0180112,91450,HMO,Gold,QHP,AZ
5308,91450AZ0180113,91450,HMO,Gold,QHP,AZ
5309,91450AZ0220001,91450,HMO,Bronze Expanded,QHP,AZ
5310,91450AZ0220002,91450,HMO,Silver,QHP,AZ
5311,91450AZ0220003,91450,HMO,Silver,QHP,AZ
5312,91450AZ0220004,91450,HMO,Silver,QHP,AZ
5313,91450AZ0220006,91450,HMO,Gold,QHP,AZ
5314,91450AZ0220007,91450,HMO,Gold,QHP,AZ
5315,91450AZ0220008,91450,HMO,Bronze Expanded,QHP,AZ
5316,91450AZ0220009,91450,HMO,Silver,QHP,AZ
5317,91450AZ0220010,91450,HMO,Gold,QHP,AZ
5318,32311AZ0010011,32311,HMO,Bronze Expanded,QHP,AZ
5319,32311AZ0010047,32311,HMO,Silver,QHP,AZ
5320,32311AZ0010055,32311,HMO,Gold,QHP,AZ
5321,32311AZ0010057,32311,HMO,Silver,QHP,AZ
5322,32311AZ0010059,32311,HMO,Bronze,QHP,AZ
5323,67190DE0100001,67190,HMO,Bronze Expanded,QHP,DE
5324,67190DE0100002,67190,HMO,Bronze Expanded,QHP,DE
5325,67190DE0100003,67190,HMO,Gold,QHP,DE
5326,67190DE0100004,67190,HMO,Silver,QHP,DE
5327,67190DE0100005,67190,HMO,Silver,QHP,DE
5328,67190DE0100006,67190,HMO,Silver,QHP,DE
5329,67190DE0100007,67190,HMO,Bronze Expanded,QHP,DE
5330,67190DE0100008,67190,HMO,Gold,QHP,DE
5331,67190DE0100009,67190,HMO,Silver,QHP,DE
5332,72760DE0010001,72760,HMO,Bronze,QHP,DE
5333,72760DE0010002,72760,HMO,Bronze Expanded,QHP,DE
5334,72760DE0010003,72760,HMO,Silver,QHP,DE
5335,72760DE0010004,72760,HMO,Gold,QHP,DE
5336,76168DE0690007,76168,PPO,Silver,QHP,DE
5337,76168DE0710003,76168,PPO,Gold,QHP,DE
5338,76168DE0760001,76168,PPO,Bronze,QHP,DE
5339,76168DE0760002,76168,PPO,Silver,QHP,DE
5340,76168DE0760003,76168,PPO,Gold,QHP,DE
5341,76168DE0760004,76168,PPO,Platinum,QHP,DE
5342,76168DE0770001,76168,PPO,Silver,QHP,DE
5343,56503FL3030001,56503,HMO,Bronze,QHP,FL
5344,56503FL3040001,56503,HMO,Bronze Expanded,QHP,FL
5345,56503FL3050001,56503,HMO,Silver,QHP,FL
5346,56503FL3060001,56503,HMO,Gold,QHP,FL
5347,56503FL3070001,56503,HMO,Platinum,QHP,FL
5348,56503FL3290001,56503,POS,Bronze Expanded,QHP,FL
5349,56503FL3300001,56503,POS,Silver,QHP,FL
5350,56503FL3310001,56503,POS,Gold,QHP,FL
5351,56503FL3320001,56503,POS,Platinum,QHP,FL
5352,21663FL0130119,21663,EPO,Silver,QHP,FL
5353,21663FL0130120,21663,EPO,Silver,QHP,FL
5354,21663FL0130123,21663,EPO,Gold,QHP,FL
5355,21663FL0130124,21663,EPO,Gold,QHP,FL
5356,21663FL0130126,21663,EPO,Bronze Expanded,QHP,FL
5357,21663FL0130127,21663,EPO,Silver,QHP,FL
5358,21663FL0130128,21663,EPO,Gold,QHP,FL
5359,21663FL0130130,21663,EPO,Bronze Expanded,QHP,FL
5360,21663FL0130131,21663,EPO,Silver,QHP,FL
5361,21663FL0130132,21663,EPO,Gold,QHP,FL
5362,21663FL0150074,21663,EPO,Silver,QHP,FL
5363,21663FL0150075,21663,EPO,Silver,QHP,FL
5364,21663FL0150080,21663,EPO,Silver,QHP,FL
5365,21663FL0150081,21663,EPO,Silver,QHP,FL
5366,21663FL0150084,21663,EPO,Gold,QHP,FL
5367,21663FL0150085,21663,EPO,Gold,QHP,FL
5368,40572FL0070050,40572,EPO,Bronze Expanded,QHP,FL
5369,40572FL0070051,40572,EPO,Bronze,QHP,FL
5370,40572FL0070052,40572,EPO,Silver,QHP,FL
5371,40572FL0070053,40572,EPO,Gold,QHP,FL
5372,40572FL0200050,40572,EPO,Bronze Expanded,QHP,FL
5373,40572FL0200051,40572,EPO,Bronze,QHP,FL
5374,40572FL0200052,40572,EPO,Silver,QHP,FL
5375,40572FL0200053,40572,EPO,Gold,QHP,FL
5376,12379FL0010259,12379,EPO,Silver,QHP,FL
5377,12379FL0010260,12379,EPO,Silver,QHP,FL
5378,12379FL0010261,12379,EPO,Silver,QHP,FL
5379,12379FL0010262,12379,EPO,Silver,QHP,FL
5380,12379FL0010263,12379,EPO,Silver,QHP,FL
5381,12379FL0010264,12379,EPO,Silver,QHP,FL
5382,12379FL0010265,12379,EPO,Silver,QHP,FL
5383,12379FL0010266,12379,EPO,Silver,QHP,FL
5384,12379FL0010267,12379,EPO,Silver,QHP,FL
5385,12379FL0010268,12379,EPO,Silver,QHP,FL
5386,12379FL0010269,12379,EPO,Silver,QHP,FL
5387,12379FL0010270,12379,EPO,Silver,QHP,FL
5388,12379FL0010271,12379,EPO,Silver,QHP,FL
5389,12379FL0010272,12379,EPO,Silver,QHP,FL
5390,12379FL0010273,12379,EPO,Silver,QHP,FL
5391,12379FL0010274,12379,EPO,Silver,QHP,FL
5392,12379FL0010275,12379,EPO,Silver,QHP,FL
5393,12379FL0010276,12379,EPO,Silver,QHP,FL
5394,12379FL0010277,12379,EPO,Silver,QHP,FL
5395,12379FL0010278,12379,EPO,Silver,QHP,FL
5396,12379FL0010279,12379,EPO,Silver,QHP,FL
5397,12379FL0010280,12379,EPO,Silver,QHP,FL
5398,12379FL0010281,12379,EPO,Silver,QHP,FL
5399,12379FL0010282,12379,EPO,Silver,QHP,FL
5400,12379FL0010283,12379,EPO,Silver,QHP,FL
5401,12379FL0010284,12379,EPO,Silver,QHP,FL
5402,12379FL0010285,12379,EPO,Silver,QHP,FL
5403,12379FL0010286,12379,EPO,Silver,QHP,FL
5404,12379FL0010287,12379,EPO,Silver,QHP,FL
5405,12379FL0010288,12379,EPO,Silver,QHP,FL
5406,12379FL0010289,12379,EPO,Silver,QHP,FL
5407,12379FL0010290,12379,EPO,Silver,QHP,FL
5408,12379FL0010291,12379,EPO,Silver,QHP,FL
5409,12379FL0010292,12379,EPO,Silver,QHP,FL
5410,12379FL0010293,12379,EPO,Silver,QHP,FL
5411,12379FL0010294,12379,EPO,Silver,QHP,FL
5412,12379FL0010295,12379,EPO,Silver,QHP,FL
5413,12379FL0010296,12379,EPO,Silver,QHP,FL
5414,12379FL0010297,12379,EPO,Silver,QHP,FL
5415,12379FL0010298,12379,EPO,Silver,QHP,FL
5416,12379FL0010299,12379,EPO,Silver,QHP,FL
5417,12379FL0010300,12379,EPO,Silver,QHP,FL
5418,12379FL0010301,12379,EPO,Silver,QHP,FL
5419,12379FL0010302,12379,EPO,Silver,QHP,FL
5420,12379FL0010303,12379,EPO,Silver,QHP,FL
5421,12379FL0010304,12379,EPO,Silver,QHP,FL
5422,12379FL0010305,12379,EPO,Silver,QHP,FL
5423,12379FL0010306,12379,EPO,Silver,QHP,FL
5424,12379FL0010307,12379,EPO,Silver,QHP,FL
5425,12379FL0010308,12379,EPO,Silver,QHP,FL
5426,12379FL0010309,12379,EPO,Silver,QHP,FL
5427,12379FL0010310,12379,EPO,Silver,QHP,FL
5428,12379FL0010311,12379,EPO,Silver,QHP,FL
5429,12379FL0010312,12379,EPO,Silver,QHP,FL
5430,12379FL0010313,12379,EPO,Silver,QHP,FL
5431,12379FL0010314,12379,EPO,Silver,QHP,FL
5432,12379FL0010319,12379,EPO,Silver,QHP,FL
5433,12379FL0010320,12379,EPO,Silver,QHP,FL
5434,12379FL0010321,12379,EPO,Silver,QHP,FL
5435,12379FL0010322,12379,EPO,Silver,QHP,FL
5436,12379FL0010323,12379,EPO,Silver,QHP,FL
5437,12379FL0010324,12379,EPO,Silver,QHP,FL
5438,12379FL0040001,12379,EPO,Bronze Expanded,QHP,FL
5439,12379FL0040002,12379,EPO,Silver,QHP,FL
5440,12379FL0040003,12379,EPO,Silver,QHP,FL
5441,12379FL0040004,12379,EPO,Silver,QHP,FL
5442,12379FL0040005,12379,EPO,Silver,QHP,FL
5443,12379FL0040006,12379,EPO,Gold,QHP,FL
5444,12379FL0040007,12379,EPO,Bronze Expanded,QHP,FL
5445,12379FL0040009,12379,EPO,Silver,QHP,FL
5446,12379FL0040010,12379,EPO,Silver,QHP,FL
5447,12379FL0040011,12379,EPO,Silver,QHP,FL
5448,12379FL0040012,12379,EPO,Silver,QHP,FL
5449,12379FL0040013,12379,EPO,Gold,QHP,FL
5450,12379FL0040014,12379,EPO,Silver,QHP,FL
5451,12379FL0040015,12379,EPO,Silver,QHP,FL
5452,12379FL0040016,12379,EPO,Silver,QHP,FL
5453,12379FL0040017,12379,EPO,Silver,QHP,FL
5454,48121FL0070057,48121,EPO,Gold,QHP,FL
5455,48121FL0070104,48121,EPO,Gold,QHP,FL
5456,48121FL0070105,48121,EPO,Silver,QHP,FL
5457,48121FL0070106,48121,EPO,Bronze,QHP,FL
5458,48121FL0070107,48121,EPO,Bronze Expanded,QHP,FL
5459,48121FL0070108,48121,EPO,Bronze Expanded,QHP,FL
5460,48121FL0070109,48121,EPO,Bronze Expanded,QHP,FL
5461,48121FL0070110,48121,EPO,Gold,QHP,FL
5462,36194FL0160009,36194,HMO,Bronze Expanded,QHP,FL
5463,36194FL0160010,36194,HMO,Bronze,QHP,FL
5464,36194FL0160011,36194,HMO,Bronze Expanded,QHP,FL
5465,36194FL0160012,36194,HMO,Silver,QHP,FL
5466,36194FL0160013,36194,HMO,Gold,QHP,FL
5467,36194FL0440001,36194,HMO,Bronze Expanded,QHP,FL
5468,36194FL0440002,36194,HMO,Silver,QHP,FL
5469,36194FL0440003,36194,HMO,Gold,QHP,FL
5470,86382FL0040018,86382,HMO,Bronze Expanded,QHP,FL
5471,86382FL0040019,86382,HMO,Silver,QHP,FL
5472,86382FL0040020,86382,HMO,Gold,QHP,FL
5473,86382FL0050017,86382,HMO,Bronze Expanded,QHP,FL
5474,86382FL0050018,86382,HMO,Silver,QHP,FL
5475,86382FL0050019,86382,HMO,Gold,QHP,FL
5476,86382FL0070001,86382,HMO,Bronze Expanded,QHP,FL
5477,86382FL0070002,86382,HMO,Silver,QHP,FL
5478,86382FL0070003,86382,HMO,Gold,QHP,FL
5479,86382FL0070005,86382,HMO,Bronze Expanded,QHP,FL
5480,86382FL0070006,86382,HMO,Silver,QHP,FL
5481,86382FL0070007,86382,HMO,Gold,QHP,FL
5482,19898FL0340011,19898,HMO,Gold,QHP,FL
5483,19898FL0340012,19898,HMO,Silver,QHP,FL
5484,19898FL0340013,19898,HMO,Silver,QHP,FL
5485,19898FL0340014,19898,HMO,Silver,QHP,FL
5486,19898FL0340015,19898,HMO,Silver,QHP,FL
5487,19898FL0340016,19898,HMO,Bronze Expanded,QHP,FL
5488,19898FL0340017,19898,HMO,Bronze Expanded,QHP,FL
5489,19898FL0340018,19898,HMO,Catastrophic,QHP,FL
5490,19898FL0340020,19898,HMO,Platinum,QHP,FL
5491,19898FL0340021,19898,HMO,Gold,QHP,FL
5492,19898FL0340022,19898,HMO,Silver,QHP,FL
5493,19898FL0340023,19898,HMO,Silver,QHP,FL
5494,19898FL0340024,19898,HMO,Silver,QHP,FL
5495,19898FL0340025,19898,HMO,Silver,QHP,FL
5496,19898FL0340026,19898,HMO,Bronze Expanded,QHP,FL
5497,19898FL0340027,19898,HMO,Bronze Expanded,QHP,FL
5498,19898FL0340028,19898,HMO,Catastrophic,QHP,FL
5499,19898FL0340031,19898,HMO,Gold,QHP,FL
5500,19898FL0340032,19898,HMO,Silver,QHP,FL
5501,19898FL0340033,19898,HMO,Silver,QHP,FL
5502,19898FL0340034,19898,HMO,Silver,QHP,FL
5503,19898FL0340035,19898,HMO,Silver,QHP,FL
5504,19898FL0340036,19898,HMO,Bronze Expanded,QHP,FL
5505,19898FL0340037,19898,HMO,Bronze Expanded,QHP,FL
5506,19898FL0340038,19898,HMO,Catastrophic,QHP,FL
5507,19898FL0340041,19898,HMO,Gold,QHP,FL
5508,19898FL0340042,19898,HMO,Silver,QHP,FL
5509,19898FL0340043,19898,HMO,Silver,QHP,FL
5510,19898FL0340044,19898,HMO,Silver,QHP,FL
5511,19898FL0340045,19898,HMO,Silver,QHP,FL
5512,19898FL0340046,19898,HMO,Bronze Expanded,QHP,FL
5513,19898FL0340047,19898,HMO,Bronze Expanded,QHP,FL
5514,19898FL0340048,19898,HMO,Catastrophic,QHP,FL
5515,19898FL0340063,19898,HMO,Platinum,QHP,FL
5516,19898FL0340071,19898,HMO,Gold,QHP,FL
5517,19898FL0340072,19898,HMO,Gold,QHP,FL
5518,19898FL0340073,19898,HMO,Gold,QHP,FL
5519,19898FL0340074,19898,HMO,Gold,QHP,FL
5520,19898FL0340075,19898,HMO,Gold,QHP,FL
5521,19898FL0340081,19898,HMO,Silver,QHP,FL
5522,19898FL0340082,19898,HMO,Silver,QHP,FL
5523,19898FL0340083,19898,HMO,Silver,QHP,FL
5524,19898FL0340084,19898,HMO,Silver,QHP,FL
5525,19898FL0340085,19898,HMO,Silver,QHP,FL
5526,19898FL0340091,19898,HMO,Bronze Expanded,QHP,FL
5527,19898FL0340092,19898,HMO,Bronze Expanded,QHP,FL
5528,19898FL0340093,19898,HMO,Bronze Expanded,QHP,FL
5529,19898FL0340094,19898,HMO,Bronze Expanded,QHP,FL
5530,19898FL0340095,19898,HMO,Bronze Expanded,QHP,FL
5531,19898FL0350011,19898,HMO,Gold,QHP,FL
5532,19898FL0350012,19898,HMO,Silver,QHP,FL
5533,19898FL0350013,19898,HMO,Silver,QHP,FL
5534,19898FL0350014,19898,HMO,Silver,QHP,FL
5535,19898FL0350015,19898,HMO,Silver,QHP,FL
5536,19898FL0350016,19898,HMO,Bronze Expanded,QHP,FL
5537,19898FL0350020,19898,HMO,Platinum,QHP,FL
5538,19898FL0350021,19898,HMO,Gold,QHP,FL
5539,19898FL0350022,19898,HMO,Silver,QHP,FL
5540,19898FL0350023,19898,HMO,Silver,QHP,FL
5541,19898FL0350024,19898,HMO,Silver,QHP,FL
5542,19898FL0350025,19898,HMO,Silver,QHP,FL
5543,19898FL0350026,19898,HMO,Bronze Expanded,QHP,FL
5544,19898FL0350031,19898,HMO,Gold,QHP,FL
5545,19898FL0350032,19898,HMO,Silver,QHP,FL
5546,19898FL0350033,19898,HMO,Silver,QHP,FL
5547,19898FL0350034,19898,HMO,Silver,QHP,FL
5548,19898FL0350035,19898,HMO,Silver,QHP,FL
5549,19898FL0350036,19898,HMO,Bronze Expanded,QHP,FL
5550,19898FL0350041,19898,HMO,Gold,QHP,FL
5551,19898FL0350042,19898,HMO,Silver,QHP,FL
5552,19898FL0350043,19898,HMO,Silver,QHP,FL
5553,19898FL0350044,19898,HMO,Silver,QHP,FL
5554,19898FL0350045,19898,HMO,Silver,QHP,FL
5555,19898FL0350046,19898,HMO,Bronze Expanded,QHP,FL
5556,66966FL0050005,66966,HMO,Bronze Expanded,QHP,FL
5557,66966FL0050006,66966,HMO,Silver,QHP,FL
5558,66966FL0050007,66966,HMO,Gold,QHP,FL
5559,66966FL0050008,66966,HMO,Platinum,QHP,FL
5560,68398FL0030034,68398,HMO,Gold,QHP,FL
5561,68398FL0030035,68398,HMO,Gold,QHP,FL
5562,68398FL0030036,68398,HMO,Gold,QHP,FL
5563,68398FL0030037,68398,HMO,Silver,QHP,FL
5564,68398FL0030038,68398,HMO,Silver,QHP,FL
5565,68398FL0030039,68398,HMO,Silver,QHP,FL
5566,68398FL0030040,68398,HMO,Silver,QHP,FL
5567,68398FL0030041,68398,HMO,Bronze,QHP,FL
5568,68398FL0030042,68398,HMO,Bronze Expanded,QHP,FL
5569,68398FL0030043,68398,HMO,Bronze,QHP,FL
5570,92120FL0080011,92120,HMO,Gold,QHP,FL
5571,92120FL0080012,92120,HMO,Bronze Expanded,QHP,FL
5572,92120FL0080013,92120,HMO,Bronze Expanded,QHP,FL
5573,92120FL0080014,92120,HMO,Silver,QHP,FL
5574,92120FL0080015,92120,HMO,Silver,QHP,FL
5575,92120FL0080016,92120,HMO,Silver,QHP,FL
5576,92120FL0080017,92120,HMO,Silver,QHP,FL
5577,92120FL0080018,92120,HMO,Gold,QHP,FL
5578,18628FL0160001,18628,HMO,Silver,QHP,FL
5579,18628FL0160003,18628,HMO,Silver,QHP,FL
5580,18628FL0160005,18628,HMO,Gold,QHP,FL
5581,18628FL0160007,18628,HMO,Gold,QHP,FL
5582,18628FL0160009,18628,HMO,Silver,QHP,FL
5583,18628FL0160010,18628,HMO,Silver,QHP,FL
5584,18628FL0160012,18628,HMO,Silver,QHP,FL
5585,18628FL0160013,18628,HMO,Silver,QHP,FL
5586,18628FL0160015,18628,HMO,Gold,QHP,FL
5587,18628FL0160017,18628,HMO,Silver,QHP,FL
5588,18628FL0160019,18628,HMO,Silver,QHP,FL
5589,18628FL0160020,18628,HMO,Silver,QHP,FL
5590,18628FL0160021,18628,HMO,Gold,QHP,FL
5591,18628FL0160022,18628,HMO,Bronze Expanded,QHP,FL
5592,18628FL0160023,18628,HMO,Silver,QHP,FL
5593,18628FL0160024,18628,HMO,Gold,QHP,FL
5594,18628FL0160025,18628,HMO,Bronze Expanded,QHP,FL
5595,18628FL0160026,18628,HMO,Silver,QHP,FL
5596,18628FL0160028,18628,HMO,Silver,QHP,FL
5597,18628FL0160029,18628,HMO,Silver,QHP,FL
5598,18628FL0160030,18628,HMO,Gold,QHP,FL
5599,18628FL0160031,18628,HMO,Bronze Expanded,QHP,FL
5600,18628FL0160033,18628,HMO,Silver,QHP,FL
5601,18628FL0160034,18628,HMO,Silver,QHP,FL
5602,18628FL0160035,18628,HMO,Silver,QHP,FL
5603,18628FL0160036,18628,HMO,Gold,QHP,FL
5604,18628FL0160037,18628,HMO,Bronze Expanded,QHP,FL
5605,18628FL0160038,18628,HMO,Silver,QHP,FL
5606,18628FL0160039,18628,HMO,Silver,QHP,FL
5607,18628FL0160040,18628,HMO,Bronze Expanded,QHP,FL
5608,18628FL0160041,18628,HMO,Gold,QHP,FL
5609,18628FL0160042,18628,HMO,Gold,QHP,FL
5610,18628FL0160043,18628,HMO,Gold,QHP,FL
5611,18628FL0160044,18628,HMO,Silver,QHP,FL
5612,18628FL0160045,18628,HMO,Silver,QHP,FL
5613,30252FL0020100,30252,HMO,Bronze,QHP,FL
5614,30252FL0020101,30252,HMO,Bronze,QHP,FL
5615,30252FL0020102,30252,HMO,Bronze Expanded,QHP,FL
5616,30252FL0020103,30252,HMO,Bronze Expanded,QHP,FL
5617,30252FL0020104,30252,HMO,Silver,QHP,FL
5618,30252FL0020105,30252,HMO,Silver,QHP,FL
5619,30252FL0020106,30252,HMO,Gold,QHP,FL
5620,30252FL0020107,30252,HMO,Gold,QHP,FL
5621,30252FL0020108,30252,HMO,Platinum,QHP,FL
5622,30252FL0020109,30252,HMO,Platinum,QHP,FL
5623,30252FL0020110,30252,HMO,Bronze Expanded,QHP,FL
5624,30252FL0020111,30252,HMO,Bronze Expanded,QHP,FL
5625,30252FL0070036,30252,HMO,Bronze Expanded,QHP,FL
5626,30252FL0070042,30252,HMO,Bronze,QHP,FL
5627,30252FL0070043,30252,HMO,Bronze,QHP,FL
5628,30252FL0070044,30252,HMO,Bronze Expanded,QHP,FL
5629,30252FL0070045,30252,HMO,Bronze Expanded,QHP,FL
5630,30252FL0070046,30252,HMO,Bronze Expanded,QHP,FL
5631,30252FL0070049,30252,HMO,Silver,QHP,FL
5632,30252FL0070051,30252,HMO,Silver,QHP,FL
5633,30252FL0070053,30252,HMO,Silver,QHP,FL
5634,30252FL0070054,30252,HMO,Silver,QHP,FL
5635,30252FL0070055,30252,HMO,Gold,QHP,FL
5636,30252FL0070056,30252,HMO,Gold,QHP,FL
5637,30252FL0070058,30252,HMO,Platinum,QHP,FL
5638,30252FL0070059,30252,HMO,Silver,QHP,FL
5639,30252FL0070060,30252,HMO,Silver,QHP,FL
5640,30252FL0070064,30252,HMO,Bronze Expanded,QHP,FL
5641,30252FL0130002,30252,HMO,Silver,QHP,FL
5642,30252FL0130003,30252,HMO,Silver,QHP,FL
5643,30252FL0130004,30252,HMO,Silver,QHP,FL
5644,16842FL0070138,16842,EPO,Bronze,QHP,FL
5645,16842FL0070139,16842,EPO,Bronze Expanded,QHP,FL
5646,16842FL0070140,16842,EPO,Silver,QHP,FL
5647,16842FL0070141,16842,EPO,Gold,QHP,FL
5648,16842FL0070142,16842,EPO,Platinum,QHP,FL
5649,16842FL0070143,16842,EPO,Bronze Expanded,QHP,FL
5650,16842FL0120092,16842,EPO,Bronze,QHP,FL
5651,16842FL0120093,16842,EPO,Bronze Expanded,QHP,FL
5652,16842FL0120094,16842,EPO,Silver,QHP,FL
5653,16842FL0120095,16842,EPO,Gold,QHP,FL
5654,16842FL0120096,16842,EPO,Platinum,QHP,FL
5655,16842FL0120097,16842,EPO,Bronze Expanded,QHP,FL
5656,54172FL0010008,54172,HMO,Gold,QHP,FL
5657,54172FL0010009,54172,HMO,Silver,QHP,FL
5658,54172FL0010010,54172,HMO,Bronze Expanded,QHP,FL
5659,54172FL0060002,54172,HMO,Silver,QHP,FL
5660,67926FL0010001,67926,HMO,Bronze,QHP,FL
5661,67926FL0010002,67926,HMO,Bronze Expanded,QHP,FL
5662,67926FL0010003,67926,HMO,Silver,QHP,FL
5663,67926FL0010004,67926,HMO,Gold,QHP,FL
5664,82824GA0110016,82824,HMO,Bronze Expanded,QHP,GA
5665,82824GA0110017,82824,HMO,Bronze Expanded,QHP,GA
5666,82824GA0110018,82824,HMO,Bronze Expanded,QHP,GA
5667,82824GA0110019,82824,HMO,Gold,QHP,GA
5668,82824GA0110020,82824,HMO,Gold,QHP,GA
5669,82824GA0110021,82824,HMO,Gold,QHP,GA
5670,82824GA0110022,82824,HMO,Silver,QHP,GA
5671,82824GA0110023,82824,HMO,Silver,QHP,GA
5672,82824GA0110024,82824,HMO,Silver,QHP,GA
5673,82824GA0110025,82824,HMO,Silver,QHP,GA
5674,82824GA0110026,82824,HMO,Silver,QHP,GA
5675,82824GA0110027,82824,HMO,Silver,QHP,GA
5676,49046GA0410172,49046,HMO,Bronze,QHP,GA
5677,49046GA0410173,49046,HMO,Bronze Expanded,QHP,GA
5678,49046GA0410174,49046,HMO,Silver,QHP,GA
5679,49046GA0410175,49046,HMO,Gold,QHP,GA
5680,49046GA0410176,49046,HMO,Bronze,QHP,GA
5681,49046GA0410177,49046,HMO,Bronze,QHP,GA
5682,49046GA0410178,49046,HMO,Bronze,QHP,GA
5683,49046GA0410179,49046,HMO,Bronze Expanded,QHP,GA
5684,49046GA0410180,49046,HMO,Bronze Expanded,QHP,GA
5685,49046GA0410181,49046,HMO,Bronze Expanded,QHP,GA
5686,49046GA0410182,49046,HMO,Silver,QHP,GA
5687,49046GA0410183,49046,HMO,Silver,QHP,GA
5688,49046GA0410184,49046,HMO,Silver,QHP,GA
5689,49046GA0410185,49046,HMO,Gold,QHP,GA
5690,49046GA0410186,49046,HMO,Gold,QHP,GA
5691,49046GA0410187,49046,HMO,Gold,QHP,GA
5692,38146GA0010041,38146,HMO,Silver,QHP,GA
5693,38146GA0010042,38146,HMO,Silver,QHP,GA
5694,38146GA0010043,38146,HMO,Silver,QHP,GA
5695,38146GA0010044,38146,HMO,Silver,QHP,GA
5696,38146GA0010045,38146,HMO,Silver,QHP,GA
5697,38146GA0010046,38146,HMO,Silver,QHP,GA
5698,38146GA0010047,38146,HMO,Silver,QHP,GA
5699,38146GA0010048,38146,HMO,Silver,QHP,GA
5700,38146GA0010049,38146,HMO,Silver,QHP,GA
5701,38146GA0010050,38146,HMO,Silver,QHP,GA
5702,38146GA0010051,38146,HMO,Silver,QHP,GA
5703,38146GA0010052,38146,HMO,Silver,QHP,GA
5704,58081GA0010050,58081,HMO,Bronze Expanded,QHP,GA
5705,58081GA0010051,58081,HMO,Bronze,QHP,GA
5706,58081GA0010052,58081,HMO,Silver,QHP,GA
5707,58081GA0010053,58081,HMO,Gold,QHP,GA
5708,15105GA0020014,15105,HMO,Bronze Expanded,QHP,GA
5709,15105GA0020015,15105,HMO,Bronze,QHP,GA
5710,15105GA0020016,15105,HMO,Bronze Expanded,QHP,GA
5711,15105GA0020017,15105,HMO,Bronze Expanded,QHP,GA
5712,15105GA0020018,15105,HMO,Gold,QHP,GA
5713,15105GA0020019,15105,HMO,Silver,QHP,GA
5714,70893GA0010073,70893,HMO,Gold,QHP,GA
5715,70893GA0010074,70893,HMO,Gold,QHP,GA
5716,70893GA0010075,70893,HMO,Bronze Expanded,QHP,GA
5717,70893GA0010076,70893,HMO,Bronze Expanded,QHP,GA
5718,70893GA0010077,70893,HMO,Silver,QHP,GA
5719,70893GA0010078,70893,HMO,Gold,QHP,GA
5720,70893GA0030072,70893,HMO,Silver,QHP,GA
5721,70893GA0030074,70893,HMO,Gold,QHP,GA
5722,70893GA0030075,70893,HMO,Gold,QHP,GA
5723,70893GA0060011,70893,HMO,Silver,QHP,GA
5724,70893GA0060012,70893,HMO,Gold,QHP,GA
5725,70893GA0060013,70893,HMO,Silver,QHP,GA
5726,70893GA0060014,70893,HMO,Gold,QHP,GA
5727,70893GA0070011,70893,HMO,Silver,QHP,GA
5728,70893GA0070012,70893,HMO,Gold,QHP,GA
5729,70893GA0070013,70893,HMO,Silver,QHP,GA
5730,70893GA0070014,70893,HMO,Gold,QHP,GA
5731,70893GA0090001,70893,HMO,Silver,QHP,GA
5732,70893GA0090002,70893,HMO,Silver,QHP,GA
5733,70893GA0090003,70893,HMO,Silver,QHP,GA
5734,70893GA0090004,70893,HMO,Silver,QHP,GA
5735,70893GA0090005,70893,HMO,Gold,QHP,GA
5736,70893GA0090006,70893,HMO,Gold,QHP,GA
5737,70893GA0090007,70893,HMO,Silver,QHP,GA
5738,70893GA0090008,70893,HMO,Gold,QHP,GA
5739,70893GA0100001,70893,HMO,Bronze Expanded,QHP,GA
5740,70893GA0100002,70893,HMO,Silver,QHP,GA
5741,70893GA0100003,70893,HMO,Gold,QHP,GA
5742,89942GA0130001,89942,HMO,Gold,QHP,GA
5743,89942GA0130002,89942,HMO,Gold,QHP,GA
5744,89942GA0130003,89942,HMO,Silver,QHP,GA
5745,89942GA0130004,89942,HMO,Silver,QHP,GA
5746,89942GA0130005,89942,HMO,Bronze Expanded,QHP,GA
5747,89942GA0130006,89942,HMO,Bronze Expanded,QHP,GA
5748,43802GA0040030,43802,HMO,Gold,QHP,GA
5749,43802GA0040031,43802,HMO,Silver,QHP,GA
5750,43802GA0040032,43802,HMO,Silver,QHP,GA
5751,43802GA0040033,43802,HMO,Silver,QHP,GA
5752,43802GA0040034,43802,HMO,Silver,QHP,GA
5753,43802GA0040035,43802,HMO,Silver,QHP,GA
5754,43802GA0040036,43802,HMO,Silver,QHP,GA
5755,43802GA0040037,43802,HMO,Bronze,QHP,GA
5756,43802GA0040038,43802,HMO,Bronze,QHP,GA
5757,43802GA0040039,43802,HMO,Bronze Expanded,QHP,GA
5758,43802GA0040040,43802,HMO,Bronze,QHP,GA
5759,43802GA0040041,43802,HMO,Gold,QHP,GA
5760,90617GA0010010,90617,HMO,Bronze,QHP,GA
5761,90617GA0010011,90617,HMO,Bronze Expanded,QHP,GA
5762,90617GA0010012,90617,HMO,Bronze Expanded,QHP,GA
5763,90617GA0010013,90617,HMO,Silver,QHP,GA
5764,90617GA0010014,90617,HMO,Silver,QHP,GA
5765,90617GA0010015,90617,HMO,Silver,QHP,GA
5766,90617GA0010016,90617,HMO,Silver,QHP,GA
5767,90617GA0010017,90617,HMO,Gold,QHP,GA
5768,90617GA0010018,90617,HMO,Gold,QHP,GA
5769,90617GA0010023,90617,HMO,Bronze,QHP,GA
5770,90617GA0010024,90617,HMO,Bronze Expanded,QHP,GA
5771,90617GA0010025,90617,HMO,Silver,QHP,GA
5772,90617GA0010026,90617,HMO,Gold,QHP,GA
5773,83761GA0040377,83761,PPO,Platinum,QHP,GA
5774,83761GA0040378,83761,PPO,Gold,QHP,GA
5775,83761GA0040379,83761,PPO,Silver,QHP,GA
5776,83761GA0110024,83761,HMO,Gold,QHP,GA
5777,83761GA0110025,83761,HMO,Silver,QHP,GA
5778,83761GA0110026,83761,HMO,Bronze,QHP,GA
5779,83761GA0110027,83761,HMO,Bronze Expanded,QHP,GA
5780,60224GA0010008,60224,HMO,Silver,QHP,GA
5781,60224GA0010010,60224,HMO,Silver,QHP,GA
5782,60224GA0010011,60224,HMO,Gold,QHP,GA
5783,60224GA0020008,60224,HMO,Silver,QHP,GA
5784,60224GA0020010,60224,HMO,Silver,QHP,GA
5785,60224GA0020011,60224,HMO,Gold,QHP,GA
5786,60612HI0110017,60612,HMO,Platinum,QHP,HI
5787,60612HI0110018,60612,HMO,Gold,QHP,HI
5788,60612HI0110019,60612,HMO,Silver,QHP,HI
5789,60612HI0110020,60612,HMO,Bronze Expanded,QHP,HI
5790,25896IA0370007,25896,HMO,Bronze Expanded,QHP,IA
5791,25896IA0370008,25896,HMO,Gold,QHP,IA
5792,25896IA0370009,25896,HMO,Bronze Expanded,QHP,IA
5793,25896IA0370010,25896,HMO,Silver,QHP,IA
5794,25896IA0370011,25896,HMO,Gold,QHP,IA
5795,25896IA0370012,25896,HMO,Bronze Expanded,QHP,IA
5796,25896IA0370013,25896,HMO,Silver,QHP,IA
5797,25896IA0370014,25896,HMO,Gold,QHP,IA
5798,45819IA0010024,45819,EPO,Bronze Expanded,QHP,IA
5799,45819IA0010050,45819,EPO,Bronze Expanded,QHP,IA
5800,45819IA0010051,45819,EPO,Bronze,QHP,IA
5801,45819IA0010052,45819,EPO,Silver,QHP,IA
5802,45819IA0010053,45819,EPO,Gold,QHP,IA
5803,93078IA0050045,93078,EPO,Gold,QHP,IA
5804,93078IA0050053,93078,EPO,Silver,QHP,IA
5805,93078IA0050055,93078,EPO,Gold,QHP,IA
5806,93078IA0050057,93078,EPO,Silver,QHP,IA
5807,93078IA0050059,93078,EPO,Bronze,QHP,IA
5808,93078IA0060045,93078,EPO,Gold,QHP,IA
5809,93078IA0060055,93078,EPO,Gold,QHP,IA
5810,93078IA0060057,93078,EPO,Silver,QHP,IA
5811,93078IA0060059,93078,EPO,Bronze,QHP,IA
5812,93078IA0070045,93078,EPO,Gold,QHP,IA
5813,93078IA0070055,93078,EPO,Gold,QHP,IA
5814,93078IA0070057,93078,EPO,Silver,QHP,IA
5815,93078IA0070059,93078,EPO,Bronze,QHP,IA
5816,93078IA0080045,93078,EPO,Gold,QHP,IA
5817,93078IA0080053,93078,EPO,Silver,QHP,IA
5818,93078IA0080055,93078,EPO,Gold,QHP,IA
5819,93078IA0080057,93078,EPO,Silver,QHP,IA
5820,93078IA0080059,93078,EPO,Bronze,QHP,IA
5821,93078IA0120045,93078,EPO,Gold,QHP,IA
5822,93078IA0120055,93078,EPO,Gold,QHP,IA
5823,93078IA0120057,93078,EPO,Silver,QHP,IA
5824,93078IA0120059,93078,EPO,Bronze,QHP,IA
5825,63876IA0010001,63876,HMO,Bronze Expanded,QHP,IA
5826,63876IA0010002,63876,HMO,Bronze,QHP,IA
5827,63876IA0010004,63876,HMO,Silver,QHP,IA
5828,63876IA0010005,63876,HMO,Silver,QHP,IA
5829,63876IA0010006,63876,HMO,Gold,QHP,IA
5830,63876IA0010007,63876,HMO,Gold,QHP,IA
5831,63876IA0020001,63876,HMO,Bronze Expanded,QHP,IA
5832,63876IA0020002,63876,HMO,Bronze,QHP,IA
5833,63876IA0020004,63876,HMO,Silver,QHP,IA
5834,63876IA0020005,63876,HMO,Silver,QHP,IA
5835,63876IA0020006,63876,HMO,Gold,QHP,IA
5836,63876IA0020007,63876,HMO,Gold,QHP,IA
5837,20129IL0340078,20129,POS,Platinum,QHP,IL
5838,20129IL0340079,20129,POS,Gold,QHP,IL
5839,20129IL0340080,20129,POS,Silver,QHP,IL
5840,20129IL0340082,20129,POS,Bronze Expanded,QHP,IL
5841,27833IL0140067,27833,HMO,Gold,QHP,IL
5842,27833IL0140069,27833,HMO,Bronze Expanded,QHP,IL
5843,27833IL0140070,27833,HMO,Silver,QHP,IL
5844,27833IL0140071,27833,HMO,Gold,QHP,IL
5845,27833IL0140072,27833,HMO,Bronze,QHP,IL
5846,27833IL0140073,27833,HMO,Bronze Expanded,QHP,IL
5847,27833IL0140074,27833,HMO,Silver,QHP,IL
5848,27833IL0140075,27833,HMO,Gold,QHP,IL
5849,27833IL0150061,27833,HMO,Silver,QHP,IL
5850,27833IL0150067,27833,HMO,Gold,QHP,IL
5851,27833IL0150069,27833,HMO,Bronze Expanded,QHP,IL
5852,27833IL0150070,27833,HMO,Silver,QHP,IL
5853,27833IL0150071,27833,HMO,Gold,QHP,IL
5854,32355IL0010009,32355,HMO,Gold,QHP,IL
5855,32355IL0010010,32355,HMO,Silver,QHP,IL
5856,42529IL0070012,42529,HMO,Gold,QHP,IL
5857,42529IL0070013,42529,HMO,Silver,QHP,IL
5858,42529IL0070014,42529,HMO,Silver,QHP,IL
5859,42529IL0070015,42529,HMO,Silver,QHP,IL
5860,42529IL0070016,42529,HMO,Silver,QHP,IL
5861,42529IL0070017,42529,HMO,Silver,QHP,IL
5862,42529IL0070018,42529,HMO,Bronze Expanded,QHP,IL
5863,42529IL0070019,42529,HMO,Bronze,QHP,IL
5864,42529IL0070020,42529,HMO,Bronze Expanded,QHP,IL
5865,42529IL0070021,42529,HMO,Bronze Expanded,QHP,IL
5866,42529IL0070022,42529,HMO,Bronze,QHP,IL
5867,53882IL0040042,53882,HMO,Bronze,QHP,IL
5868,53882IL0040043,53882,HMO,Bronze,QHP,IL
5869,53882IL0040044,53882,HMO,Bronze Expanded,QHP,IL
5870,53882IL0040045,53882,HMO,Bronze Expanded,QHP,IL
5871,53882IL0040046,53882,HMO,Silver,QHP,IL
5872,53882IL0040047,53882,HMO,Silver,QHP,IL
5873,53882IL0040048,53882,HMO,Gold,QHP,IL
5874,53882IL0040049,53882,HMO,Gold,QHP,IL
5875,53882IL0040050,53882,HMO,Bronze Expanded,QHP,IL
5876,53882IL0040051,53882,HMO,Bronze Expanded,QHP,IL
5877,65280IL0010011,65280,HMO,Gold,QHP,IL
5878,65280IL0010012,65280,HMO,Silver,QHP,IL
5879,65280IL0010013,65280,HMO,Bronze Expanded,QHP,IL
5880,65280IL0010014,65280,HMO,Bronze,QHP,IL
5881,99129IL0120001,99129,HMO,Bronze Expanded,QHP,IL
5882,99129IL0120002,99129,HMO,Bronze Expanded,QHP,IL
5883,99129IL0120003,99129,HMO,Bronze Expanded,QHP,IL
5884,99129IL0120004,99129,HMO,Gold,QHP,IL
5885,99129IL0120005,99129,HMO,Gold,QHP,IL
5886,99129IL0120006,99129,HMO,Silver,QHP,IL
5887,99129IL0120007,99129,HMO,Silver,QHP,IL
5888,99129IL0120008,99129,HMO,Silver,QHP,IL
5889,99129IL0120009,99129,HMO,Silver,QHP,IL
5890,11574IL0010050,11574,HMO,Bronze Expanded,QHP,IL
5891,11574IL0010051,11574,HMO,Bronze,QHP,IL
5892,11574IL0010052,11574,HMO,Silver,QHP,IL
5893,11574IL0010053,11574,HMO,Gold,QHP,IL
5894,11574IL0020003,11574,HMO,Bronze Expanded,QHP,IL
5895,11574IL0020005,11574,HMO,Bronze Expanded,QHP,IL
5896,11574IL0020006,11574,HMO,Silver,QHP,IL
5897,11574IL0020014,11574,HMO,Bronze Expanded,QHP,IL
5898,11574IL0020021,11574,HMO,Bronze Expanded,QHP,IL
5899,11574IL0020024,11574,HMO,Bronze Expanded,QHP,IL
5900,11574IL0020030,11574,HMO,Silver,QHP,IL
5901,11574IL0020045,11574,HMO,Silver,QHP,IL
5902,11574IL0020050,11574,HMO,Bronze Expanded,QHP,IL
5903,11574IL0020051,11574,HMO,Bronze,QHP,IL
5904,11574IL0020052,11574,HMO,Silver,QHP,IL
5905,11574IL0020053,11574,HMO,Gold,QHP,IL
5906,36096IL0810121,36096,HMO,Gold,QHP,IL
5907,36096IL0810122,36096,HMO,Silver,QHP,IL
5908,36096IL0810123,36096,HMO,Bronze Expanded,QHP,IL
5909,36096IL0810124,36096,HMO,Gold,QHP,IL
5910,36096IL0810125,36096,HMO,Gold,QHP,IL
5911,36096IL0810126,36096,HMO,Gold,QHP,IL
5912,36096IL0810127,36096,HMO,Gold,QHP,IL
5913,36096IL0810128,36096,HMO,Gold,QHP,IL
5914,36096IL0810129,36096,HMO,Silver,QHP,IL
5915,36096IL0810130,36096,HMO,Silver,QHP,IL
5916,36096IL0810131,36096,HMO,Silver,QHP,IL
5917,36096IL0810132,36096,HMO,Silver,QHP,IL
5918,36096IL0810133,36096,HMO,Silver,QHP,IL
5919,36096IL0810134,36096,HMO,Bronze Expanded,QHP,IL
5920,36096IL0810135,36096,HMO,Bronze Expanded,QHP,IL
5921,36096IL0810136,36096,HMO,Bronze Expanded,QHP,IL
5922,36096IL0810137,36096,HMO,Bronze Expanded,QHP,IL
5923,36096IL0810138,36096,HMO,Bronze Expanded,QHP,IL
5924,36096IL0810139,36096,HMO,Gold,QHP,IL
5925,36096IL0810140,36096,HMO,Silver,QHP,IL
5926,36096IL0810142,36096,HMO,Gold,QHP,IL
5927,36096IL0810143,36096,HMO,Gold,QHP,IL
5928,36096IL0810144,36096,HMO,Gold,QHP,IL
5929,36096IL0810145,36096,HMO,Gold,QHP,IL
5930,36096IL0810146,36096,HMO,Gold,QHP,IL
5931,36096IL0810147,36096,HMO,Silver,QHP,IL
5932,36096IL0810148,36096,HMO,Silver,QHP,IL
5933,36096IL0810149,36096,HMO,Silver,QHP,IL
5934,36096IL0810150,36096,HMO,Silver,QHP,IL
5935,36096IL0810151,36096,HMO,Silver,QHP,IL
5936,36096IL0810172,36096,HMO,Bronze Expanded,QHP,IL
5937,36096IL0810173,36096,HMO,Bronze Expanded,QHP,IL
5938,36096IL0810174,36096,HMO,Bronze Expanded,QHP,IL
5939,36096IL0810175,36096,HMO,Bronze Expanded,QHP,IL
5940,36096IL0810176,36096,HMO,Bronze Expanded,QHP,IL
5941,36096IL0810177,36096,HMO,Bronze Expanded,QHP,IL
5942,36096IL0990265,36096,PPO,Bronze,QHP,IL
5943,36096IL0990267,36096,PPO,Bronze,QHP,IL
5944,36096IL0990268,36096,PPO,Bronze,QHP,IL
5945,36096IL0990269,36096,PPO,Bronze,QHP,IL
5946,36096IL0990270,36096,PPO,Bronze,QHP,IL
5947,36096IL0990271,36096,PPO,Bronze,QHP,IL
5948,36096IL0990272,36096,PPO,Bronze,QHP,IL
5949,36096IL0990273,36096,PPO,Bronze,QHP,IL
5950,36096IL0990274,36096,PPO,Bronze,QHP,IL
5951,36096IL0990275,36096,PPO,Bronze,QHP,IL
5952,36096IL0990276,36096,PPO,Bronze,QHP,IL
5953,36096IL0990277,36096,PPO,Bronze,QHP,IL
5954,36096IL0990278,36096,PPO,Bronze,QHP,IL
5955,36096IL0990279,36096,PPO,Gold,QHP,IL
5956,36096IL0990280,36096,PPO,Silver,QHP,IL
5957,36096IL0990281,36096,PPO,Bronze,QHP,IL
5958,36096IL0990282,36096,PPO,Gold,QHP,IL
5959,36096IL0990283,36096,PPO,Gold,QHP,IL
5960,36096IL0990284,36096,PPO,Gold,QHP,IL
5961,36096IL0990285,36096,PPO,Gold,QHP,IL
5962,36096IL0990286,36096,PPO,Gold,QHP,IL
5963,36096IL0990287,36096,PPO,Gold,QHP,IL
5964,36096IL0990288,36096,PPO,Gold,QHP,IL
5965,36096IL0990289,36096,PPO,Gold,QHP,IL
5966,36096IL0990290,36096,PPO,Gold,QHP,IL
5967,36096IL0990291,36096,PPO,Gold,QHP,IL
5968,36096IL0990292,36096,PPO,Gold,QHP,IL
5969,36096IL0990293,36096,PPO,Gold,QHP,IL
5970,36096IL0990294,36096,PPO,Silver,QHP,IL
5971,36096IL0990295,36096,PPO,Silver,QHP,IL
5972,36096IL0990296,36096,PPO,Silver,QHP,IL
5973,36096IL0990297,36096,PPO,Silver,QHP,IL
5974,36096IL0990298,36096,PPO,Silver,QHP,IL
5975,36096IL0990299,36096,PPO,Silver,QHP,IL
5976,36096IL0990300,36096,PPO,Silver,QHP,IL
5977,36096IL0990306,36096,PPO,Bronze Expanded,QHP,IL
5978,36096IL0990332,36096,PPO,Bronze Expanded,QHP,IL
5979,36096IL0990333,36096,PPO,Bronze Expanded,QHP,IL
5980,36096IL0990334,36096,PPO,Bronze Expanded,QHP,IL
5981,36096IL0990335,36096,PPO,Bronze Expanded,QHP,IL
5982,36096IL0990336,36096,PPO,Bronze Expanded,QHP,IL
5983,36096IL0990337,36096,PPO,Bronze Expanded,QHP,IL
5984,36096IL0990338,36096,PPO,Bronze Expanded,QHP,IL
5985,36096IL0990339,36096,PPO,Bronze Expanded,QHP,IL
5986,36096IL0990340,36096,PPO,Bronze Expanded,QHP,IL
5987,36096IL0990341,36096,PPO,Bronze Expanded,QHP,IL
5988,36096IL0990342,36096,PPO,Bronze Expanded,QHP,IL
5989,36096IL0990343,36096,PPO,Bronze Expanded,QHP,IL
5990,36096IL0990344,36096,PPO,Silver,QHP,IL
5991,36096IL0990345,36096,PPO,Silver,QHP,IL
5992,36096IL0990346,36096,PPO,Silver,QHP,IL
5993,36096IL0990347,36096,PPO,Silver,QHP,IL
5994,36096IL0990348,36096,PPO,Silver,QHP,IL
5995,36096IL0990349,36096,PPO,Bronze,QHP,IL
5996,36096IL0990350,36096,PPO,Bronze,QHP,IL
5997,36096IL0990351,36096,PPO,Bronze,QHP,IL
5998,36096IL0990352,36096,PPO,Bronze,QHP,IL
5999,36096IL0990353,36096,PPO,Bronze,QHP,IL
6000,36096IL0990354,36096,PPO,Bronze,QHP,IL
6001,36096IL0990355,36096,PPO,Bronze,QHP,IL
6002,36096IL0990356,36096,PPO,Bronze,QHP,IL
6003,36096IL0990357,36096,PPO,Bronze,QHP,IL
6004,36096IL0990358,36096,PPO,Bronze,QHP,IL
6005,36096IL0990359,36096,PPO,Bronze,QHP,IL
6006,36096IL0990360,36096,PPO,Bronze,QHP,IL
6007,54322IL0090010,54322,HMO,Gold,QHP,IL
6008,54322IL0090011,54322,HMO,Silver,QHP,IL
6009,54322IL0090012,54322,HMO,Bronze Expanded,QHP,IL
6010,54322IL0090013,54322,HMO,Bronze,QHP,IL
6011,85773IL0030032,85773,HMO,Gold,QHP,IL
6012,85773IL0030033,85773,HMO,Gold,QHP,IL
6013,85773IL0030034,85773,HMO,Gold,QHP,IL
6014,85773IL0030035,85773,HMO,Gold,QHP,IL
6015,85773IL0030036,85773,HMO,Silver,QHP,IL
6016,85773IL0030037,85773,HMO,Silver,QHP,IL
6017,85773IL0030038,85773,HMO,Silver,QHP,IL
6018,85773IL0030039,85773,HMO,Silver,QHP,IL
6019,85773IL0030040,85773,HMO,Bronze Expanded,QHP,IL
6020,85773IL0030041,85773,HMO,Bronze Expanded,QHP,IL
6021,85773IL0030042,85773,HMO,Bronze Expanded,QHP,IL
6022,85773IL0030043,85773,HMO,Bronze Expanded,QHP,IL
6023,85773IL0030044,85773,HMO,Bronze Expanded,QHP,IL
6024,85773IL0030049,85773,HMO,Silver,QHP,IL
6025,17575IN0700058,17575,HMO,Bronze Expanded,QHP,IN
6026,17575IN0700059,17575,HMO,Silver,QHP,IN
6027,17575IN0700060,17575,HMO,Silver,QHP,IN
6028,17575IN0700061,17575,HMO,Silver,QHP,IN
6029,17575IN0700062,17575,HMO,Silver,QHP,IN
6030,17575IN0700063,17575,HMO,Silver,QHP,IN
6031,17575IN0700064,17575,HMO,Bronze,QHP,IN
6032,17575IN0700065,17575,HMO,Bronze Expanded,QHP,IN
6033,17575IN0700066,17575,HMO,Silver,QHP,IN
6034,17575IN0700067,17575,HMO,Gold,QHP,IN
6035,17575IN0760007,17575,POS,Bronze Expanded,QHP,IN
6036,76179IN0110022,76179,EPO,Bronze Expanded,QHP,IN
6037,76179IN0110024,76179,EPO,Silver,QHP,IN
6038,76179IN0110025,76179,EPO,Gold,QHP,IN
6039,76179IN0110077,76179,EPO,Bronze,QHP,IN
6040,76179IN0110078,76179,EPO,Bronze Expanded,QHP,IN
6041,76179IN0110079,76179,EPO,Silver,QHP,IN
6042,76179IN0110080,76179,EPO,Gold,QHP,IN
6043,76179IN0130077,76179,EPO,Bronze Expanded,QHP,IN
6044,76179IN0130079,76179,EPO,Silver,QHP,IN
6045,76179IN0130080,76179,EPO,Gold,QHP,IN
6046,76179IN0170001,76179,EPO,Bronze Expanded,QHP,IN
6047,76179IN0170002,76179,EPO,Silver,QHP,IN
6048,76179IN0170003,76179,EPO,Gold,QHP,IN
6049,94419IN0010001,94419,EPO,Bronze Expanded,QHP,IN
6050,94419IN0010002,94419,EPO,Bronze Expanded,QHP,IN
6051,94419IN0010003,94419,EPO,Bronze Expanded,QHP,IN
6052,94419IN0010004,94419,EPO,Bronze Expanded,QHP,IN
6053,94419IN0010005,94419,EPO,Bronze,QHP,IN
6054,94419IN0010006,94419,EPO,Gold,QHP,IN
6055,94419IN0010008,94419,EPO,Gold,QHP,IN
6056,94419IN0010009,94419,EPO,Silver,QHP,IN
6057,94419IN0010010,94419,EPO,Silver,QHP,IN
6058,94419IN0010011,94419,EPO,Silver,QHP,IN
6059,94419IN0010012,94419,EPO,Silver,QHP,IN
6060,94419IN0010013,94419,EPO,Bronze Expanded,QHP,IN
6061,94419IN0010014,94419,EPO,Bronze Expanded,QHP,IN
6062,94419IN0010015,94419,EPO,Silver,QHP,IN
6063,94419IN0010016,94419,EPO,Silver,QHP,IN
6064,94419IN0010019,94419,EPO,Bronze Expanded,QHP,IN
6065,35755IN0080009,35755,EPO,Bronze Expanded,QHP,IN
6066,35755IN0080010,35755,EPO,Silver,QHP,IN
6067,35755IN0080011,35755,EPO,Gold,QHP,IN
6068,54192IN0010021,54192,HMO,Silver,QHP,IN
6069,54192IN0020021,54192,HMO,Silver,QHP,IN
6070,18558KS0420001,18558,EPO,Bronze,QHP,KS
6071,18558KS0420002,18558,EPO,Bronze Expanded,QHP,KS
6072,18558KS0420003,18558,EPO,Silver,QHP,KS
6073,18558KS0420004,18558,EPO,Gold,QHP,KS
6074,32542KS0090009,32542,EPO,Bronze Expanded,QHP,KS
6075,32542KS0090010,32542,EPO,Silver,QHP,KS
6076,32542KS0090011,32542,EPO,Gold,QHP,KS
6077,39520KS0040041,39520,EPO,Bronze Expanded,QHP,KS
6078,39520KS0040045,39520,EPO,Gold,QHP,KS
6079,39520KS0040051,39520,EPO,Bronze Expanded,QHP,KS
6080,39520KS0040055,39520,EPO,Gold,QHP,KS
6081,39520KS0040057,39520,EPO,Silver,QHP,KS
6082,39520KS0040059,39520,EPO,Bronze,QHP,KS
6083,39520KS0050055,39520,EPO,Gold,QHP,KS
6084,39520KS0050057,39520,EPO,Silver,QHP,KS
6085,39520KS0050059,39520,EPO,Bronze,QHP,KS
6086,43490KS0010050,43490,EPO,Bronze Expanded,QHP,KS
6087,43490KS0010051,43490,EPO,Bronze,QHP,KS
6088,43490KS0010052,43490,EPO,Silver,QHP,KS
6089,43490KS0010053,43490,EPO,Gold,QHP,KS
6090,76763KS0010023,76763,EPO,Bronze Expanded,QHP,KS
6091,76763KS0010030,76763,EPO,Bronze,QHP,KS
6092,76763KS0010031,76763,EPO,Bronze,QHP,KS
6093,76763KS0010032,76763,EPO,Bronze Expanded,QHP,KS
6094,76763KS0010033,76763,EPO,Bronze Expanded,QHP,KS
6095,76763KS0010034,76763,EPO,Silver,QHP,KS
6096,76763KS0010035,76763,EPO,Silver,QHP,KS
6097,76763KS0010036,76763,EPO,Gold,QHP,KS
6098,76763KS0010037,76763,EPO,Gold,QHP,KS
6099,94248KS0560012,94248,EPO,Catastrophic,QHP,KS
6100,94248KS0560014,94248,EPO,Silver,QHP,KS
6101,94248KS0560015,94248,EPO,Bronze Expanded,QHP,KS
6102,94968KS0090001,94968,EPO,Gold,QHP,KS
6103,94968KS0090002,94968,EPO,Gold,QHP,KS
6104,94968KS0090003,94968,EPO,Gold,QHP,KS
6105,94968KS0090004,94968,EPO,Silver,QHP,KS
6106,94968KS0090005,94968,EPO,Silver,QHP,KS
6107,94968KS0090006,94968,EPO,Silver,QHP,KS
6108,94968KS0090007,94968,EPO,Silver,QHP,KS
6109,94968KS0090008,94968,EPO,Silver,QHP,KS
6110,94968KS0090009,94968,EPO,Silver,QHP,KS
6111,94968KS0090010,94968,EPO,Bronze,QHP,KS
6112,94968KS0090011,94968,EPO,Bronze Expanded,QHP,KS
6113,94968KS0090012,94968,EPO,Bronze Expanded,QHP,KS
6114,94968KS0090013,94968,EPO,Bronze Expanded,QHP,KS
6115,94968KS0090014,94968,EPO,Bronze,QHP,KS
6116,34368KS0110065,34368,EPO,Silver,QHP,KS
6117,34368KS0110066,34368,EPO,Gold,QHP,KS
6118,34368KS0110068,34368,EPO,Bronze Expanded,QHP,KS
6119,34368KS0110069,34368,EPO,Silver,QHP,KS
6120,34368KS0110070,34368,EPO,Gold,QHP,KS
6121,34368KS0120063,34368,EPO,Silver,QHP,KS
6122,34368KS0120067,34368,EPO,Silver,QHP,KS
6123,34368KS0120068,34368,EPO,Gold,QHP,KS
6124,34368KS0150007,34368,EPO,Bronze Expanded,QHP,KS
6125,34368KS0150008,34368,EPO,Silver,QHP,KS
6126,34368KS0150009,34368,EPO,Gold,QHP,KS
6127,61604LA0010017,61604,HMO,Silver,QHP,LA
6128,61604LA0010018,61604,HMO,Gold,QHP,LA
6129,61604LA0010019,61604,HMO,Bronze,QHP,LA
6130,61604LA0010020,61604,HMO,Bronze Expanded,QHP,LA
6131,61604LA0010021,61604,HMO,Silver,QHP,LA
6132,61604LA0010022,61604,HMO,Gold,QHP,LA
6133,61604LA0020015,61604,HMO,Silver,QHP,LA
6134,61604LA0020017,61604,HMO,Silver,QHP,LA
6135,61604LA0020018,61604,HMO,Gold,QHP,LA
6136,69842LA0240010,69842,EPO,Gold,QHP,LA
6137,69842LA0240011,69842,EPO,Gold,QHP,LA
6138,69842LA0240012,69842,EPO,Gold,QHP,LA
6139,69842LA0240013,69842,EPO,Silver,QHP,LA
6140,69842LA0240014,69842,EPO,Silver,QHP,LA
6141,69842LA0240015,69842,EPO,Silver,QHP,LA
6142,69842LA0240016,69842,EPO,Silver,QHP,LA
6143,69842LA0240017,69842,EPO,Silver,QHP,LA
6144,69842LA0240018,69842,EPO,Bronze Expanded,QHP,LA
6145,69842LA0240019,69842,EPO,Bronze,QHP,LA
6146,67243LA0090045,67243,POS,Gold,QHP,LA
6147,67243LA0090046,67243,POS,Silver,QHP,LA
6148,67243LA0090047,67243,POS,Bronze Expanded,QHP,LA
6149,98780LA0110001,98780,HMO,Bronze,QHP,LA
6150,98780LA0110002,98780,HMO,Bronze,QHP,LA
6151,98780LA0110003,98780,HMO,Bronze,QHP,LA
6152,98780LA0120001,98780,HMO,Silver,QHP,LA
6153,98780LA0120002,98780,HMO,Silver,QHP,LA
6154,98780LA0120003,98780,HMO,Silver,QHP,LA
6155,98780LA0130001,98780,HMO,Gold,QHP,LA
6156,98780LA0130002,98780,HMO,Gold,QHP,LA
6157,98780LA0130003,98780,HMO,Gold,QHP,LA
6158,97176LA0340021,97176,PPO,Bronze,QHP,LA
6159,97176LA0340022,97176,PPO,Gold,QHP,LA
6160,97176LA0340023,97176,PPO,Silver,QHP,LA
6161,19636LA0220016,19636,POS,Bronze,QHP,LA
6162,19636LA0220017,19636,POS,Bronze Expanded,QHP,LA
6163,19636LA0220018,19636,POS,Silver,QHP,LA
6164,19636LA0220019,19636,POS,Gold,QHP,LA
6165,19636LA0230008,19636,POS,Silver,QHP,LA
6166,15560MI1130002,15560,PPO,Gold,QHP,MI
6167,40047MI0010008,40047,HMO,Gold,QHP,MI
6168,40047MI0010009,40047,HMO,Silver,QHP,MI
6169,60829MI0190032,60829,HMO,Gold,QHP,MI
6170,60829MI0190033,60829,HMO,Silver,QHP,MI
6171,60829MI0190034,60829,HMO,Bronze Expanded,QHP,MI
6172,60829MI0190035,60829,HMO,Gold,QHP,MI
6173,60829MI0190036,60829,HMO,Gold,QHP,MI
6174,60829MI0190037,60829,HMO,Gold,QHP,MI
6175,60829MI0190038,60829,HMO,Gold,QHP,MI
6176,60829MI0190039,60829,HMO,Silver,QHP,MI
6177,60829MI0190041,60829,HMO,Silver,QHP,MI
6178,60829MI0190043,60829,HMO,Silver,QHP,MI
6179,60829MI0190044,60829,HMO,Silver,QHP,MI
6180,60829MI0190045,60829,HMO,Bronze,QHP,MI
6181,60829MI0190046,60829,HMO,Bronze Expanded,QHP,MI
6182,60829MI0190047,60829,HMO,Bronze Expanded,QHP,MI
6183,60829MI0190048,60829,HMO,Catastrophic,QHP,MI
6184,60829MI0190049,60829,HMO,Gold,QHP,MI
6185,60829MI0190050,60829,HMO,Gold,QHP,MI
6186,60829MI0190051,60829,HMO,Gold,QHP,MI
6187,60829MI0190052,60829,HMO,Gold,QHP,MI
6188,60829MI0190053,60829,HMO,Silver,QHP,MI
6189,60829MI0190055,60829,HMO,Silver,QHP,MI
6190,60829MI0190057,60829,HMO,Silver,QHP,MI
6191,60829MI0190058,60829,HMO,Silver,QHP,MI
6192,60829MI0190059,60829,HMO,Bronze,QHP,MI
6193,60829MI0190060,60829,HMO,Bronze Expanded,QHP,MI
6194,60829MI0190061,60829,HMO,Bronze Expanded,QHP,MI
6195,60829MI0190062,60829,HMO,Catastrophic,QHP,MI
6196,60829MI0220003,60829,HMO,Bronze Expanded,QHP,MI
6197,60829MI0220004,60829,HMO,Bronze Expanded,QHP,MI
6198,77739MI0070050,77739,EPO,Bronze Expanded,QHP,MI
6199,77739MI0070051,77739,EPO,Bronze,QHP,MI
6200,77739MI0070052,77739,EPO,Silver,QHP,MI
6201,77739MI0070053,77739,EPO,Gold,QHP,MI
6202,29698MI0540600,29698,HMO,Bronze Expanded,QHP,MI
6203,29698MI0540601,29698,HMO,Bronze Expanded,QHP,MI
6204,29698MI0540602,29698,HMO,Bronze Expanded,QHP,MI
6205,29698MI0540603,29698,HMO,Bronze Expanded,QHP,MI
6206,29698MI0540604,29698,HMO,Bronze Expanded,QHP,MI
6207,29698MI0540605,29698,HMO,Bronze Expanded,QHP,MI
6208,29698MI0540610,29698,HMO,Bronze Expanded,QHP,MI
6209,29698MI0540611,29698,HMO,Bronze Expanded,QHP,MI
6210,29698MI0540612,29698,HMO,Bronze Expanded,QHP,MI
6211,29698MI0540613,29698,HMO,Bronze Expanded,QHP,MI
6212,29698MI0540614,29698,HMO,Bronze Expanded,QHP,MI
6213,29698MI0540615,29698,HMO,Bronze Expanded,QHP,MI
6214,29698MI0540616,29698,HMO,Bronze Expanded,QHP,MI
6215,29698MI0540617,29698,HMO,Bronze Expanded,QHP,MI
6216,29698MI0540620,29698,HMO,Silver,QHP,MI
6217,29698MI0540621,29698,HMO,Silver,QHP,MI
6218,29698MI0540622,29698,HMO,Silver,QHP,MI
6219,29698MI0540623,29698,HMO,Silver,QHP,MI
6220,29698MI0540624,29698,HMO,Silver,QHP,MI
6221,29698MI0540625,29698,HMO,Silver,QHP,MI
6222,29698MI0540660,29698,HMO,Silver,QHP,MI
6223,29698MI0540661,29698,HMO,Silver,QHP,MI
6224,29698MI0540662,29698,HMO,Silver,QHP,MI
6225,29698MI0540663,29698,HMO,Silver,QHP,MI
6226,29698MI0540664,29698,HMO,Silver,QHP,MI
6227,29698MI0540665,29698,HMO,Silver,QHP,MI
6228,29698MI0540666,29698,HMO,Silver,QHP,MI
6229,29698MI0540667,29698,HMO,Silver,QHP,MI
6230,29698MI0540700,29698,HMO,Bronze Expanded,QHP,MI
6231,29698MI0540701,29698,HMO,Bronze Expanded,QHP,MI
6232,29698MI0540702,29698,HMO,Bronze Expanded,QHP,MI
6233,29698MI0540703,29698,HMO,Bronze Expanded,QHP,MI
6234,29698MI0540704,29698,HMO,Bronze Expanded,QHP,MI
6235,29698MI0540705,29698,HMO,Bronze Expanded,QHP,MI
6236,29698MI0540710,29698,HMO,Silver,QHP,MI
6237,29698MI0540711,29698,HMO,Silver,QHP,MI
6238,29698MI0540712,29698,HMO,Silver,QHP,MI
6239,29698MI0540713,29698,HMO,Silver,QHP,MI
6240,29698MI0540714,29698,HMO,Silver,QHP,MI
6241,29698MI0540715,29698,HMO,Silver,QHP,MI
6242,29698MI0540720,29698,HMO,Gold,QHP,MI
6243,29698MI0540721,29698,HMO,Gold,QHP,MI
6244,29698MI0540722,29698,HMO,Gold,QHP,MI
6245,29698MI0540723,29698,HMO,Gold,QHP,MI
6246,29698MI0540724,29698,HMO,Gold,QHP,MI
6247,29698MI0540725,29698,HMO,Gold,QHP,MI
6248,29698MI0540735,29698,HMO,Bronze Expanded,QHP,MI
6249,29698MI0540736,29698,HMO,Bronze Expanded,QHP,MI
6250,29698MI0540737,29698,HMO,Silver,QHP,MI
6251,29698MI0540739,29698,HMO,Silver,QHP,MI
6252,29698MI0540742,29698,HMO,Gold,QHP,MI
6253,29698MI0540743,29698,HMO,Bronze Expanded,QHP,MI
6254,29698MI0540744,29698,HMO,Silver,QHP,MI
6255,29698MI0540745,29698,HMO,Gold,QHP,MI
6256,58594MI0030021,58594,HMO,Gold,QHP,MI
6257,58594MI0030022,58594,HMO,Bronze,QHP,MI
6258,58594MI0030023,58594,HMO,Bronze Expanded,QHP,MI
6259,58594MI0030024,58594,HMO,Silver,QHP,MI
6260,58594MI0030025,58594,HMO,Gold,QHP,MI
6261,58594MI0040022,58594,HMO,Silver,QHP,MI
6262,58594MI0040023,58594,HMO,Gold,QHP,MI
6263,58996MI0700009,58996,EPO,Bronze Expanded,QHP,MI
6264,58996MI0700010,58996,EPO,Silver,QHP,MI
6265,58996MI0700011,58996,EPO,Gold,QHP,MI
6266,71667MI0010026,71667,HMO,Gold,QHP,MI
6267,71667MI0010027,71667,HMO,Silver,QHP,MI
6268,71667MI0010028,71667,HMO,Silver,QHP,MI
6269,71667MI0010029,71667,HMO,Bronze Expanded,QHP,MI
6270,71667MI0010030,71667,HMO,Bronze Expanded,QHP,MI
6271,71667MI0010031,71667,HMO,Bronze,QHP,MI
6272,71667MI0010032,71667,HMO,Gold,QHP,MI
6273,71667MI0010033,71667,HMO,Silver,QHP,MI
6274,71667MI0010034,71667,HMO,Silver,QHP,MI
6275,71667MI0010035,71667,HMO,Silver,QHP,MI
6276,71667MI0010036,71667,HMO,Silver,QHP,MI
6277,71667MI0010037,71667,HMO,Bronze,QHP,MI
6278,74917MI0020016,74917,HMO,Gold,QHP,MI
6279,74917MI0020017,74917,HMO,Silver,QHP,MI
6280,74917MI0020018,74917,HMO,Gold,QHP,MI
6281,74917MI0020019,74917,HMO,Silver,QHP,MI
6282,74917MI0020023,74917,HMO,Bronze,QHP,MI
6283,74917MI0020024,74917,HMO,Bronze Expanded,QHP,MI
6284,98185MI0180025,98185,HMO,Silver,QHP,MI
6285,98185MI0180026,98185,HMO,Silver,QHP,MI
6286,98185MI0440013,98185,HMO,Bronze Expanded,QHP,MI
6287,98185MI0440014,98185,HMO,Bronze Expanded,QHP,MI
6288,98185MI0550018,98185,HMO,Gold,QHP,MI
6289,98185MI0550019,98185,HMO,Silver,QHP,MI
6290,98185MI0550020,98185,HMO,Bronze Expanded,QHP,MI
6291,98185MI0550021,98185,HMO,Bronze Expanded,QHP,MI
6292,98185MI0550022,98185,HMO,Bronze Expanded,QHP,MI
6293,98185MI0550023,98185,HMO,Bronze Expanded,QHP,MI
6294,98185MI0550024,98185,HMO,Bronze,QHP,MI
6295,98185MI0550025,98185,HMO,Bronze,QHP,MI
6296,98185MI0550026,98185,HMO,Bronze,QHP,MI
6297,98185MI0550027,98185,HMO,Bronze,QHP,MI
6298,98185MI0850001,98185,HMO,Bronze Expanded,QHP,MI
6299,98185MI0850002,98185,HMO,Silver,QHP,MI
6300,53461MO0010041,53461,EPO,Bronze Expanded,QHP,MO
6301,53461MO0010045,53461,EPO,Gold,QHP,MO
6302,53461MO0010051,53461,EPO,Bronze Expanded,QHP,MO
6303,53461MO0010055,53461,EPO,Gold,QHP,MO
6304,53461MO0010057,53461,EPO,Silver,QHP,MO
6305,53461MO0010059,53461,EPO,Bronze,QHP,MO
6306,53461MO0070045,53461,EPO,Gold,QHP,MO
6307,53461MO0070051,53461,EPO,Bronze Expanded,QHP,MO
6308,53461MO0070055,53461,EPO,Gold,QHP,MO
6309,53461MO0070057,53461,EPO,Silver,QHP,MO
6310,53461MO0070059,53461,EPO,Bronze,QHP,MO
6311,53461MO0080045,53461,EPO,Gold,QHP,MO
6312,53461MO0080051,53461,EPO,Bronze Expanded,QHP,MO
6313,53461MO0080055,53461,EPO,Gold,QHP,MO
6314,53461MO0080057,53461,EPO,Silver,QHP,MO
6315,53461MO0080059,53461,EPO,Bronze,QHP,MO
6316,95426MO0410001,95426,EPO,Gold,QHP,MO
6317,95426MO0410002,95426,EPO,Gold,QHP,MO
6318,95426MO0410003,95426,EPO,Silver,QHP,MO
6319,95426MO0410004,95426,EPO,Silver,QHP,MO
6320,95426MO0410005,95426,EPO,Silver,QHP,MO
6321,95426MO0410006,95426,EPO,Silver,QHP,MO
6322,95426MO0410007,95426,EPO,Silver,QHP,MO
6323,95426MO0410008,95426,EPO,Silver,QHP,MO
6324,95426MO0410009,95426,EPO,Gold,QHP,MO
6325,95426MO0410010,95426,EPO,Bronze,QHP,MO
6326,95426MO0410011,95426,EPO,Bronze Expanded,QHP,MO
6327,95426MO0410012,95426,EPO,Bronze Expanded,QHP,MO
6328,95426MO0410013,95426,EPO,Bronze Expanded,QHP,MO
6329,95426MO0410014,95426,EPO,Bronze,QHP,MO
6330,99723MO0090066,99723,EPO,Gold,QHP,MO
6331,99723MO0090067,99723,EPO,Gold,QHP,MO
6332,99723MO0090068,99723,EPO,Bronze,QHP,MO
6333,99723MO0090069,99723,EPO,Bronze Expanded,QHP,MO
6334,99723MO0090070,99723,EPO,Silver,QHP,MO
6335,99723MO0090071,99723,EPO,Gold,QHP,MO
6336,99723MO0110067,99723,EPO,Silver,QHP,MO
6337,99723MO0110068,99723,EPO,Gold,QHP,MO
6338,99723MO0110069,99723,EPO,Gold,QHP,MO
6339,99723MO0140001,99723,EPO,Bronze Expanded,QHP,MO
6340,99723MO0140002,99723,EPO,Silver,QHP,MO
6341,99723MO0140003,99723,EPO,Gold,QHP,MO
6342,99723MO0140004,99723,EPO,Bronze Expanded,QHP,MO
6343,99723MO0140005,99723,EPO,Silver,QHP,MO
6344,99723MO0140006,99723,EPO,Gold,QHP,MO
6345,74483MO0040062,74483,EPO,Bronze Expanded,QHP,MO
6346,74483MO0040068,74483,EPO,Bronze Expanded,QHP,MO
6347,74483MO0040076,74483,EPO,Bronze,QHP,MO
6348,74483MO0040077,74483,EPO,Bronze,QHP,MO
6349,74483MO0040078,74483,EPO,Bronze,QHP,MO
6350,74483MO0040082,74483,EPO,Silver,QHP,MO
6351,74483MO0040083,74483,EPO,Silver,QHP,MO
6352,74483MO0040084,74483,EPO,Silver,QHP,MO
6353,74483MO0040085,74483,EPO,Gold,QHP,MO
6354,74483MO0040086,74483,EPO,Gold,QHP,MO
6355,74483MO0040087,74483,EPO,Gold,QHP,MO
6356,69512MO0010050,69512,EPO,Bronze Expanded,QHP,MO
6357,69512MO0010051,69512,EPO,Bronze,QHP,MO
6358,69512MO0010052,69512,EPO,Silver,QHP,MO
6359,69512MO0010053,69512,EPO,Gold,QHP,MO
6360,32753MO0950020,32753,EPO,Bronze,QHP,MO
6361,32753MO0950021,32753,EPO,Bronze Expanded,QHP,MO
6362,32753MO0950022,32753,EPO,Silver,QHP,MO
6363,32753MO0950023,32753,EPO,Gold,QHP,MO
6364,48161MO0200016,48161,EPO,Bronze Expanded,QHP,MO
6365,48161MO0200017,48161,EPO,Bronze Expanded,QHP,MO
6366,48161MO0200018,48161,EPO,Bronze Expanded,QHP,MO
6367,48161MO0200019,48161,EPO,Gold,QHP,MO
6368,48161MO0200020,48161,EPO,Gold,QHP,MO
6369,48161MO0200021,48161,EPO,Gold,QHP,MO
6370,48161MO0200022,48161,EPO,Silver,QHP,MO
6371,48161MO0200023,48161,EPO,Silver,QHP,MO
6372,48161MO0200024,48161,EPO,Silver,QHP,MO
6373,48161MO0200025,48161,EPO,Silver,QHP,MO
6374,48161MO0200026,48161,EPO,Silver,QHP,MO
6375,48161MO0200027,48161,EPO,Silver,QHP,MO
6376,34762MO0590018,34762,EPO,Bronze Expanded,QHP,MO
6377,34762MO0590019,34762,EPO,Silver,QHP,MO
6378,34762MO0590020,34762,EPO,Bronze Expanded,QHP,MO
6379,34762MO0590022,34762,EPO,Silver,QHP,MO
6380,34762MO0590023,34762,EPO,Catastrophic,QHP,MO
6381,47840MO0010011,47840,EPO,Gold,QHP,MO
6382,47840MO0010012,47840,EPO,Bronze Expanded,QHP,MO
6383,47840MO0010013,47840,EPO,Silver,QHP,MO
6384,47840MO0010014,47840,EPO,Gold,QHP,MO
6385,47840MO0010015,47840,EPO,Gold,QHP,MO
6386,47840MO0010016,47840,EPO,Silver,QHP,MO
6387,47840MO0010017,47840,EPO,Bronze Expanded,QHP,MO
6388,47840MO0010018,47840,EPO,Bronze,QHP,MO
6389,96384MO0220010,96384,EPO,Bronze,QHP,MO
6390,96384MO0220011,96384,EPO,Bronze Expanded,QHP,MO
6391,96384MO0220012,96384,EPO,Silver,QHP,MO
6392,96384MO0220013,96384,EPO,Silver,QHP,MO
6393,96384MO0220014,96384,EPO,Gold,QHP,MO
6394,90714MS0010062,90714,HMO,Bronze,QHP,MS
6395,90714MS0010063,90714,HMO,Bronze Expanded,QHP,MS
6396,90714MS0010064,90714,HMO,Silver,QHP,MS
6397,90714MS0010065,90714,HMO,Gold,QHP,MS
6398,90714MS0030062,90714,HMO,Silver,QHP,MS
6399,90714MS0060004,90714,HMO,Gold,QHP,MS
6400,97560MS0030012,97560,HMO,Gold,QHP,MS
6401,97560MS0030013,97560,HMO,Gold,QHP,MS
6402,97560MS0030014,97560,HMO,Gold,QHP,MS
6403,97560MS0030015,97560,HMO,Silver,QHP,MS
6404,97560MS0030016,97560,HMO,Silver,QHP,MS
6405,97560MS0030017,97560,HMO,Silver,QHP,MS
6406,97560MS0030018,97560,HMO,Silver,QHP,MS
6407,97560MS0030019,97560,HMO,Silver,QHP,MS
6408,97560MS0030020,97560,HMO,Silver,QHP,MS
6409,97560MS0030021,97560,HMO,Silver,QHP,MS
6410,97560MS0030022,97560,HMO,Bronze,QHP,MS
6411,97560MS0030023,97560,HMO,Bronze Expanded,QHP,MS
6412,97560MS0030024,97560,HMO,Bronze Expanded,QHP,MS
6413,97560MS0030025,97560,HMO,Bronze Expanded,QHP,MS
6414,97560MS0030026,97560,HMO,Bronze,QHP,MS
6415,97560MS0030027,97560,HMO,Bronze,QHP,MS
6416,56766MS0010011,56766,EPO,Silver,QHP,MS
6417,56766MS0010012,56766,EPO,Bronze Expanded,QHP,MS
6418,56766MS0010013,56766,EPO,Bronze,QHP,MS
6419,56766MS0010014,56766,EPO,Gold,QHP,MS
6420,56766MS0010015,56766,EPO,Bronze Expanded,QHP,MS
6421,14624MS0010007,14624,POS,Gold,QHP,MS
6422,14624MS0010008,14624,POS,Silver,QHP,MS
6423,14624MS0010009,14624,POS,Bronze Expanded,QHP,MS
6424,79975MS0010008,79975,HMO,Gold,QHP,MS
6425,79975MS0010009,79975,HMO,Silver,QHP,MS
6426,79975MS0010010,79975,HMO,Bronze Expanded,QHP,MS
6427,30751MT0550086,30751,PPO,Gold,QHP,MT
6428,30751MT0550087,30751,PPO,Silver,QHP,MT
6429,30751MT0550088,30751,PPO,Bronze,QHP,MT
6430,30751MT0550089,30751,PPO,Gold,QHP,MT
6431,30751MT0550090,30751,PPO,Silver,QHP,MT
6432,30751MT0550091,30751,PPO,Bronze,QHP,MT
6433,30751MT0550092,30751,PPO,Bronze Expanded,QHP,MT
6434,30751MT0550093,30751,PPO,Bronze Expanded,QHP,MT
6435,30751MT0550094,30751,PPO,Gold,QHP,MT
6436,30751MT0550095,30751,PPO,Gold,QHP,MT
6437,30751MT0550096,30751,PPO,Silver,QHP,MT
6438,30751MT0550097,30751,PPO,Silver,QHP,MT
6439,30751MT0550098,30751,PPO,Bronze,QHP,MT
6440,30751MT0550099,30751,PPO,Bronze,QHP,MT
6441,30751MT0550100,30751,PPO,Bronze Expanded,QHP,MT
6442,30751MT0550101,30751,PPO,Bronze Expanded,QHP,MT
6443,30751MT0650028,30751,HMO,Gold,QHP,MT
6444,30751MT0650029,30751,HMO,Silver,QHP,MT
6445,30751MT0650030,30751,HMO,Bronze,QHP,MT
6446,30751MT0650031,30751,HMO,Gold,QHP,MT
6447,30751MT0650032,30751,HMO,Gold,QHP,MT
6448,30751MT0650033,30751,HMO,Silver,QHP,MT
6449,30751MT0650034,30751,HMO,Silver,QHP,MT
6450,30751MT0650035,30751,HMO,Bronze,QHP,MT
6451,30751MT0650036,30751,HMO,Bronze,QHP,MT
6452,30751MT0650037,30751,HMO,Bronze Expanded,QHP,MT
6453,30751MT0650038,30751,HMO,Bronze Expanded,QHP,MT
6454,30751MT0650039,30751,HMO,Bronze Expanded,QHP,MT
6455,32225MT0060008,32225,PPO,Gold,QHP,MT
6456,32225MT0060009,32225,PPO,Silver,QHP,MT
6457,32225MT0060010,32225,PPO,Bronze Expanded,QHP,MT
6458,32225MT0090010,32225,PPO,Gold,QHP,MT
6459,32225MT0090011,32225,PPO,Silver,QHP,MT
6460,32225MT0090012,32225,PPO,Bronze Expanded,QHP,MT
6461,32225MT0150001,32225,PPO,Gold,QHP,MT
6462,32225MT0150002,32225,PPO,Silver,QHP,MT
6463,32225MT0150003,32225,PPO,Bronze Expanded,QHP,MT
6464,32225MT0150004,32225,PPO,Gold,QHP,MT
6465,32225MT0150005,32225,PPO,Silver,QHP,MT
6466,32225MT0150006,32225,PPO,Bronze Expanded,QHP,MT
6467,23603MT0290016,23603,PPO,Bronze Expanded,QHP,MT
6468,23603MT0290017,23603,PPO,Silver,QHP,MT
6469,23603MT0290018,23603,PPO,Gold,QHP,MT
6470,77264NC0010044,77264,HMO,Bronze Expanded,QHP,NC
6471,77264NC0010045,77264,HMO,Silver,QHP,NC
6472,77264NC0010046,77264,HMO,Gold,QHP,NC
6473,77264NC0010047,77264,HMO,Bronze,QHP,NC
6474,77264NC0010048,77264,HMO,Bronze Expanded,QHP,NC
6475,77264NC0010049,77264,HMO,Bronze Expanded,QHP,NC
6476,77264NC0010050,77264,HMO,Bronze Expanded,QHP,NC
6477,77264NC0010051,77264,HMO,Silver,QHP,NC
6478,77264NC0010052,77264,HMO,Silver,QHP,NC
6479,77264NC0010053,77264,HMO,Silver,QHP,NC
6480,77264NC0010054,77264,HMO,Silver,QHP,NC
6481,77264NC0010056,77264,HMO,Gold,QHP,NC
6482,77264NC0010059,77264,HMO,Bronze Expanded,QHP,NC
6483,77264NC0010060,77264,HMO,Silver,QHP,NC
6484,77264NC0010061,77264,HMO,Gold,QHP,NC
6485,77264NC0020043,77264,HMO,Silver,QHP,NC
6486,77264NC0020044,77264,HMO,Bronze,QHP,NC
6487,77264NC0020045,77264,HMO,Bronze Expanded,QHP,NC
6488,77264NC0020046,77264,HMO,Bronze Expanded,QHP,NC
6489,77264NC0020047,77264,HMO,Bronze Expanded,QHP,NC
6490,77264NC0020048,77264,HMO,Silver,QHP,NC
6491,77264NC0020049,77264,HMO,Silver,QHP,NC
6492,77264NC0020050,77264,HMO,Silver,QHP,NC
6493,77264NC0020051,77264,HMO,Silver,QHP,NC
6494,77264NC0020053,77264,HMO,Gold,QHP,NC
6495,77264NC0060001,77264,HMO,Bronze Expanded,QHP,NC
6496,77264NC0060002,77264,HMO,Silver,QHP,NC
6497,77264NC0060003,77264,HMO,Gold,QHP,NC
6498,69803NC0010050,69803,HMO,Bronze Expanded,QHP,NC
6499,69803NC0010051,69803,HMO,Bronze,QHP,NC
6500,69803NC0010052,69803,HMO,Silver,QHP,NC
6501,69803NC0010053,69803,HMO,Gold,QHP,NC
6502,37900NC0010162,37900,HMO,Silver,QHP,NC
6503,37900NC0010163,37900,HMO,Silver,QHP,NC
6504,37900NC0010164,37900,HMO,Silver,QHP,NC
6505,37900NC0010165,37900,HMO,Silver,QHP,NC
6506,37900NC0010166,37900,HMO,Silver,QHP,NC
6507,37900NC0010167,37900,HMO,Silver,QHP,NC
6508,37900NC0010168,37900,HMO,Silver,QHP,NC
6509,37900NC0010169,37900,HMO,Silver,QHP,NC
6510,37900NC0010170,37900,HMO,Silver,QHP,NC
6511,37900NC0010171,37900,HMO,Silver,QHP,NC
6512,37900NC0010172,37900,HMO,Silver,QHP,NC
6513,37900NC0010173,37900,HMO,Silver,QHP,NC
6514,37900NC0010174,37900,HMO,Silver,QHP,NC
6515,37900NC0010175,37900,HMO,Silver,QHP,NC
6516,37900NC0010176,37900,HMO,Silver,QHP,NC
6517,37900NC0010177,37900,HMO,Silver,QHP,NC
6518,37900NC0010178,37900,HMO,Silver,QHP,NC
6519,37900NC0010179,37900,HMO,Silver,QHP,NC
6520,37900NC0010180,37900,HMO,Silver,QHP,NC
6521,37900NC0010181,37900,HMO,Silver,QHP,NC
6522,37900NC0010182,37900,HMO,Silver,QHP,NC
6523,37900NC0010183,37900,HMO,Silver,QHP,NC
6524,37900NC0010184,37900,HMO,Silver,QHP,NC
6525,37900NC0010185,37900,HMO,Silver,QHP,NC
6526,37900NC0010186,37900,HMO,Silver,QHP,NC
6527,37900NC0010187,37900,HMO,Silver,QHP,NC
6528,37900NC0010188,37900,HMO,Silver,QHP,NC
6529,37900NC0010189,37900,HMO,Silver,QHP,NC
6530,37900NC0010190,37900,HMO,Silver,QHP,NC
6531,37900NC0010191,37900,HMO,Silver,QHP,NC
6532,37900NC0010192,37900,HMO,Silver,QHP,NC
6533,37900NC0010193,37900,HMO,Silver,QHP,NC
6534,37900NC0010194,37900,HMO,Silver,QHP,NC
6535,37900NC0010195,37900,HMO,Silver,QHP,NC
6536,37900NC0010196,37900,HMO,Silver,QHP,NC
6537,37900NC0010197,37900,HMO,Silver,QHP,NC
6538,37900NC0010302,37900,HMO,Gold,QHP,NC
6539,37900NC0010303,37900,HMO,Gold,QHP,NC
6540,73943NC0070045,73943,HMO,Bronze,QHP,NC
6541,73943NC0070046,73943,HMO,Bronze Expanded,QHP,NC
6542,73943NC0070047,73943,HMO,Bronze Expanded,QHP,NC
6543,73943NC0070048,73943,HMO,Silver,QHP,NC
6544,73943NC0070049,73943,HMO,Silver,QHP,NC
6545,73943NC0070050,73943,HMO,Gold,QHP,NC
6546,73943NC0070051,73943,HMO,Bronze Expanded,QHP,NC
6547,54332NC0030022,54332,HMO,Gold,QHP,NC
6548,54332NC0030023,54332,HMO,Silver,QHP,NC
6549,54332NC0030024,54332,HMO,Silver,QHP,NC
6550,54332NC0030025,54332,HMO,Silver,QHP,NC
6551,54332NC0030027,54332,HMO,Silver,QHP,NC
6552,54332NC0030028,54332,HMO,Bronze,QHP,NC
6553,54332NC0030029,54332,HMO,Bronze,QHP,NC
6554,54332NC0030030,54332,HMO,Bronze Expanded,QHP,NC
6555,54332NC0030031,54332,HMO,Bronze,QHP,NC
6556,44007NC0120004,44007,PPO,Bronze Expanded,QHP,NC
6557,44007NC0120005,44007,PPO,Silver,QHP,NC
6558,44007NC0120006,44007,PPO,Gold,QHP,NC
6559,61671NC0100006,61671,HMO,Bronze Expanded,QHP,NC
6560,61671NC0100007,61671,HMO,Gold,QHP,NC
6561,61671NC0100008,61671,HMO,Silver,QHP,NC
6562,61671NC0100009,61671,HMO,Silver,QHP,NC
6563,77320NC0010010,77320,HMO,Bronze,QHP,NC
6564,77320NC0010011,77320,HMO,Bronze Expanded,QHP,NC
6565,77320NC0010012,77320,HMO,Bronze Expanded,QHP,NC
6566,77320NC0010013,77320,HMO,Silver,QHP,NC
6567,77320NC0010014,77320,HMO,Silver,QHP,NC
6568,77320NC0010015,77320,HMO,Silver,QHP,NC
6569,77320NC0010016,77320,HMO,Silver,QHP,NC
6570,77320NC0010017,77320,HMO,Gold,QHP,NC
6571,77320NC0010018,77320,HMO,Gold,QHP,NC
6572,77320NC0010023,77320,HMO,Bronze,QHP,NC
6573,77320NC0010024,77320,HMO,Bronze Expanded,QHP,NC
6574,77320NC0010025,77320,HMO,Silver,QHP,NC
6575,77320NC0010026,77320,HMO,Gold,QHP,NC
6576,17414NC0010007,17414,HMO,Bronze Expanded,QHP,NC
6577,17414NC0010008,17414,HMO,Silver,QHP,NC
6578,17414NC0010009,17414,HMO,Gold,QHP,NC
6579,13591NC0010001,13591,HMO,Bronze Expanded,QHP,NC
6580,13591NC0010002,13591,HMO,Bronze Expanded,QHP,NC
6581,13591NC0010003,13591,HMO,Bronze,QHP,NC
6582,13591NC0010005,13591,HMO,Silver,QHP,NC
6583,13591NC0010006,13591,HMO,Silver,QHP,NC
6584,13591NC0010007,13591,HMO,Silver,QHP,NC
6585,13591NC0010008,13591,HMO,Silver,QHP,NC
6586,13591NC0010009,13591,HMO,Gold,QHP,NC
6587,13591NC0020002,13591,HMO,Bronze Expanded,QHP,NC
6588,13591NC0020003,13591,HMO,Bronze,QHP,NC
6589,13591NC0020005,13591,HMO,Silver,QHP,NC
6590,13591NC0020006,13591,HMO,Silver,QHP,NC
6591,13591NC0020007,13591,HMO,Silver,QHP,NC
6592,13591NC0020008,13591,HMO,Silver,QHP,NC
6593,13591NC0020009,13591,HMO,Gold,QHP,NC
6594,11512NC0060050,11512,PPO,Gold,QHP,NC
6595,11512NC0060051,11512,PPO,Silver,QHP,NC
6596,11512NC0060052,11512,PPO,Bronze Expanded,QHP,NC
6597,11512NC0060053,11512,PPO,Gold,QHP,NC
6598,11512NC0060054,11512,PPO,Silver,QHP,NC
6599,11512NC0060055,11512,PPO,Bronze Expanded,QHP,NC
6600,11512NC0100072,11512,POS,Gold,QHP,NC
6601,11512NC0100073,11512,POS,Silver,QHP,NC
6602,11512NC0100074,11512,POS,Bronze Expanded,QHP,NC
6603,11512NC0100075,11512,POS,Gold,QHP,NC
6604,11512NC0100076,11512,POS,Silver,QHP,NC
6605,11512NC0100077,11512,POS,Bronze Expanded,QHP,NC
6606,11512NC0390001,11512,EPO,Gold,QHP,NC
6607,11512NC0390002,11512,EPO,Gold,QHP,NC
6608,11512NC0390003,11512,EPO,Gold,QHP,NC
6609,11512NC0390004,11512,EPO,Gold,QHP,NC
6610,11512NC0390005,11512,EPO,Gold,QHP,NC
6611,11512NC0390006,11512,EPO,Gold,QHP,NC
6612,11512NC0390007,11512,EPO,Silver,QHP,NC
6613,11512NC0390008,11512,EPO,Silver,QHP,NC
6614,11512NC0390009,11512,EPO,Silver,QHP,NC
6615,11512NC0390010,11512,EPO,Silver,QHP,NC
6616,11512NC0390011,11512,EPO,Silver,QHP,NC
6617,11512NC0390012,11512,EPO,Silver,QHP,NC
6618,11512NC0390013,11512,EPO,Silver,QHP,NC
6619,11512NC0390014,11512,EPO,Silver,QHP,NC
6620,11512NC0390015,11512,EPO,Silver,QHP,NC
6621,11512NC0390016,11512,EPO,Silver,QHP,NC
6622,11512NC0390017,11512,EPO,Silver,QHP,NC
6623,11512NC0390018,11512,EPO,Silver,QHP,NC
6624,11512NC0390022,11512,EPO,Silver,QHP,NC
6625,11512NC0390023,11512,EPO,Silver,QHP,NC
6626,11512NC0390024,11512,EPO,Silver,QHP,NC
6627,11512NC0390025,11512,EPO,Silver,QHP,NC
6628,11512NC0390026,11512,EPO,Silver,QHP,NC
6629,11512NC0390027,11512,EPO,Silver,QHP,NC
6630,11512NC0390028,11512,EPO,Bronze Expanded,QHP,NC
6631,11512NC0390029,11512,EPO,Bronze Expanded,QHP,NC
6632,11512NC0390030,11512,EPO,Bronze Expanded,QHP,NC
6633,11512NC0390031,11512,EPO,Bronze Expanded,QHP,NC
6634,11512NC0390032,11512,EPO,Bronze Expanded,QHP,NC
6635,11512NC0390033,11512,EPO,Bronze Expanded,QHP,NC
6636,11512NC0390034,11512,EPO,Bronze Expanded,QHP,NC
6637,11512NC0390035,11512,EPO,Bronze Expanded,QHP,NC
6638,11512NC0390036,11512,EPO,Bronze Expanded,QHP,NC
6639,11512NC0390037,11512,EPO,Bronze Expanded,QHP,NC
6640,11512NC0390038,11512,EPO,Bronze Expanded,QHP,NC
6641,11512NC0390039,11512,EPO,Bronze Expanded,QHP,NC
6642,11512NC0390040,11512,EPO,Bronze,QHP,NC
6643,11512NC0390041,11512,EPO,Bronze,QHP,NC
6644,11512NC0390042,11512,EPO,Bronze,QHP,NC
6645,11512NC0390043,11512,EPO,Catastrophic,QHP,NC
6646,11512NC0390044,11512,EPO,Catastrophic,QHP,NC
6647,11512NC0390045,11512,EPO,Catastrophic,QHP,NC
6648,11512NC0400001,11512,EPO,Gold,QHP,NC
6649,11512NC0400002,11512,EPO,Gold,QHP,NC
6650,11512NC0400003,11512,EPO,Gold,QHP,NC
6651,11512NC0400004,11512,EPO,Gold,QHP,NC
6652,11512NC0400005,11512,EPO,Silver,QHP,NC
6653,11512NC0400006,11512,EPO,Silver,QHP,NC
6654,11512NC0400007,11512,EPO,Silver,QHP,NC
6655,11512NC0400008,11512,EPO,Silver,QHP,NC
6656,11512NC0400009,11512,EPO,Silver,QHP,NC
6657,11512NC0400010,11512,EPO,Silver,QHP,NC
6658,11512NC0400011,11512,EPO,Silver,QHP,NC
6659,11512NC0400012,11512,EPO,Silver,QHP,NC
6660,11512NC0400015,11512,EPO,Silver,QHP,NC
6661,11512NC0400016,11512,EPO,Silver,QHP,NC
6662,11512NC0400017,11512,EPO,Silver,QHP,NC
6663,11512NC0400018,11512,EPO,Silver,QHP,NC
6664,11512NC0400019,11512,EPO,Bronze Expanded,QHP,NC
6665,11512NC0400020,11512,EPO,Bronze Expanded,QHP,NC
6666,11512NC0400021,11512,EPO,Bronze Expanded,QHP,NC
6667,11512NC0400022,11512,EPO,Bronze Expanded,QHP,NC
6668,11512NC0400023,11512,EPO,Bronze Expanded,QHP,NC
6669,11512NC0400024,11512,EPO,Bronze Expanded,QHP,NC
6670,11512NC0400025,11512,EPO,Bronze Expanded,QHP,NC
6671,11512NC0400026,11512,EPO,Bronze Expanded,QHP,NC
6672,11512NC0400027,11512,EPO,Bronze,QHP,NC
6673,11512NC0400028,11512,EPO,Bronze,QHP,NC
6674,11512NC0400029,11512,EPO,Catastrophic,QHP,NC
6675,11512NC0400030,11512,EPO,Catastrophic,QHP,NC
6676,11512NC0410001,11512,EPO,Gold,QHP,NC
6677,11512NC0410002,11512,EPO,Gold,QHP,NC
6678,11512NC0410003,11512,EPO,Silver,QHP,NC
6679,11512NC0410004,11512,EPO,Silver,QHP,NC
6680,11512NC0410005,11512,EPO,Silver,QHP,NC
6681,11512NC0410006,11512,EPO,Silver,QHP,NC
6682,11512NC0410008,11512,EPO,Silver,QHP,NC
6683,11512NC0410009,11512,EPO,Bronze Expanded,QHP,NC
6684,11512NC0410010,11512,EPO,Silver,QHP,NC
6685,11512NC0410011,11512,EPO,Bronze Expanded,QHP,NC
6686,11512NC0410012,11512,EPO,Bronze Expanded,QHP,NC
6687,11512NC0410013,11512,EPO,Bronze Expanded,QHP,NC
6688,11512NC0410014,11512,EPO,Bronze,QHP,NC
6689,11512NC0410015,11512,EPO,Catastrophic,QHP,NC
6690,11512NC0420001,11512,EPO,Gold,QHP,NC
6691,11512NC0420002,11512,EPO,Gold,QHP,NC
6692,11512NC0420003,11512,EPO,Gold,QHP,NC
6693,11512NC0420004,11512,EPO,Gold,QHP,NC
6694,11512NC0420005,11512,EPO,Gold,QHP,NC
6695,11512NC0420006,11512,EPO,Gold,QHP,NC
6696,11512NC0420007,11512,EPO,Silver,QHP,NC
6697,11512NC0420008,11512,EPO,Silver,QHP,NC
6698,11512NC0420009,11512,EPO,Silver,QHP,NC
6699,11512NC0420010,11512,EPO,Silver,QHP,NC
6700,11512NC0420011,11512,EPO,Silver,QHP,NC
6701,11512NC0420012,11512,EPO,Silver,QHP,NC
6702,11512NC0420013,11512,EPO,Silver,QHP,NC
6703,11512NC0420014,11512,EPO,Silver,QHP,NC
6704,11512NC0420015,11512,EPO,Silver,QHP,NC
6705,11512NC0420016,11512,EPO,Silver,QHP,NC
6706,11512NC0420017,11512,EPO,Silver,QHP,NC
6707,11512NC0420018,11512,EPO,Silver,QHP,NC
6708,11512NC0420022,11512,EPO,Silver,QHP,NC
6709,11512NC0420023,11512,EPO,Silver,QHP,NC
6710,11512NC0420024,11512,EPO,Silver,QHP,NC
6711,11512NC0420025,11512,EPO,Silver,QHP,NC
6712,11512NC0420026,11512,EPO,Silver,QHP,NC
6713,11512NC0420027,11512,EPO,Silver,QHP,NC
6714,11512NC0420028,11512,EPO,Bronze Expanded,QHP,NC
6715,11512NC0420029,11512,EPO,Bronze Expanded,QHP,NC
6716,11512NC0420030,11512,EPO,Bronze Expanded,QHP,NC
6717,11512NC0420031,11512,EPO,Bronze Expanded,QHP,NC
6718,11512NC0420032,11512,EPO,Bronze Expanded,QHP,NC
6719,11512NC0420033,11512,EPO,Bronze Expanded,QHP,NC
6720,11512NC0420034,11512,EPO,Bronze Expanded,QHP,NC
6721,11512NC0420035,11512,EPO,Bronze Expanded,QHP,NC
6722,11512NC0420036,11512,EPO,Bronze Expanded,QHP,NC
6723,11512NC0420037,11512,EPO,Bronze Expanded,QHP,NC
6724,11512NC0420038,11512,EPO,Bronze Expanded,QHP,NC
6725,11512NC0420039,11512,EPO,Bronze Expanded,QHP,NC
6726,11512NC0420040,11512,EPO,Bronze,QHP,NC
6727,11512NC0420041,11512,EPO,Bronze,QHP,NC
6728,11512NC0420042,11512,EPO,Bronze,QHP,NC
6729,11512NC0420043,11512,EPO,Catastrophic,QHP,NC
6730,11512NC0420044,11512,EPO,Catastrophic,QHP,NC
6731,11512NC0420045,11512,EPO,Catastrophic,QHP,NC
6732,89364ND0090023,89364,HMO,Silver,QHP,ND
6733,89364ND0090025,89364,HMO,Gold,QHP,ND
6734,89364ND0090026,89364,HMO,Bronze Expanded,QHP,ND
6735,89364ND0090027,89364,HMO,Silver,QHP,ND
6736,89364ND0090028,89364,HMO,Gold,QHP,ND
6737,89364ND0120013,89364,PPO,Silver,QHP,ND
6738,89364ND0120015,89364,PPO,Gold,QHP,ND
6739,89364ND0120016,89364,PPO,Bronze Expanded,QHP,ND
6740,89364ND0120017,89364,PPO,Silver,QHP,ND
6741,89364ND0120018,89364,PPO,Gold,QHP,ND
6742,73751ND0120041,73751,HMO,Bronze Expanded,QHP,ND
6743,73751ND0120045,73751,HMO,Gold,QHP,ND
6744,73751ND0120047,73751,HMO,Silver,QHP,ND
6745,73751ND0120055,73751,HMO,Gold,QHP,ND
6746,73751ND0120057,73751,HMO,Silver,QHP,ND
6747,73751ND0120059,73751,HMO,Bronze,QHP,ND
6748,73751ND0130041,73751,HMO,Bronze Expanded,QHP,ND
6749,73751ND0130055,73751,HMO,Gold,QHP,ND
6750,73751ND0130057,73751,HMO,Silver,QHP,ND
6751,73751ND0130059,73751,HMO,Bronze,QHP,ND
6752,73751ND0140011,73751,HMO,Bronze Expanded,QHP,ND
6753,73751ND0140013,73751,HMO,Catastrophic,QHP,ND
6754,73751ND0140029,73751,HMO,Bronze Expanded,QHP,ND
6755,73751ND0140041,73751,HMO,Bronze Expanded,QHP,ND
6756,73751ND0140045,73751,HMO,Gold,QHP,ND
6757,73751ND0140047,73751,HMO,Silver,QHP,ND
6758,73751ND0140055,73751,HMO,Gold,QHP,ND
6759,73751ND0140057,73751,HMO,Silver,QHP,ND
6760,73751ND0140059,73751,HMO,Bronze,QHP,ND
6761,37160ND2410026,37160,PPO,Gold,QHP,ND
6762,37160ND2410027,37160,PPO,Silver,QHP,ND
6763,37160ND2410028,37160,PPO,Bronze Expanded,QHP,ND
6764,37160ND2480001,37160,PPO,Gold,QHP,ND
6765,37160ND2480003,37160,PPO,Silver,QHP,ND
6766,26289NE0020035,26289,HMO,Bronze,QHP,NE
6767,26289NE0020036,26289,HMO,Gold,QHP,NE
6768,26289NE0020039,26289,HMO,Bronze Expanded,QHP,NE
6769,26289NE0020040,26289,HMO,Silver,QHP,NE
6770,26289NE0020041,26289,HMO,Gold,QHP,NE
6771,26289NE0020046,26289,HMO,Bronze,QHP,NE
6772,26289NE0020047,26289,HMO,Silver,QHP,NE
6773,26289NE0020048,26289,HMO,Silver,QHP,NE
6774,26289NE0020049,26289,HMO,Gold,QHP,NE
6775,26289NE0020050,26289,HMO,Gold,QHP,NE
6776,26289NE0030036,26289,HMO,Gold,QHP,NE
6777,26289NE0030039,26289,HMO,Silver,QHP,NE
6778,26289NE0030040,26289,HMO,Bronze,QHP,NE
6779,26289NE0030041,26289,HMO,Silver,QHP,NE
6780,26289NE0030042,26289,HMO,Silver,QHP,NE
6781,26289NE0030043,26289,HMO,Gold,QHP,NE
6782,26289NE0030044,26289,HMO,Gold,QHP,NE
6783,26289NE0040001,26289,HMO,Bronze Expanded,QHP,NE
6784,26289NE0040002,26289,HMO,Silver,QHP,NE
6785,26289NE0040003,26289,HMO,Gold,QHP,NE
6786,83653NE0010062,83653,EPO,Silver,QHP,NE
6787,83653NE0010063,83653,EPO,Silver,QHP,NE
6788,83653NE0010064,83653,EPO,Silver,QHP,NE
6789,83653NE0010065,83653,EPO,Silver,QHP,NE
6790,83653NE0010066,83653,EPO,Silver,QHP,NE
6791,83653NE0010067,83653,EPO,Silver,QHP,NE
6792,83653NE0010068,83653,EPO,Silver,QHP,NE
6793,83653NE0010069,83653,EPO,Silver,QHP,NE
6794,83653NE0010070,83653,EPO,Silver,QHP,NE
6795,83653NE0010071,83653,EPO,Silver,QHP,NE
6796,83653NE0010072,83653,EPO,Silver,QHP,NE
6797,83653NE0010073,83653,EPO,Silver,QHP,NE
6798,20305NE0030051,20305,EPO,Bronze Expanded,QHP,NE
6799,20305NE0030053,20305,EPO,Silver,QHP,NE
6800,20305NE0030055,20305,EPO,Gold,QHP,NE
6801,20305NE0030057,20305,EPO,Silver,QHP,NE
6802,20305NE0030059,20305,EPO,Bronze,QHP,NE
6803,20305NE0040045,20305,EPO,Gold,QHP,NE
6804,20305NE0040051,20305,EPO,Bronze Expanded,QHP,NE
6805,20305NE0040055,20305,EPO,Gold,QHP,NE
6806,20305NE0040057,20305,EPO,Silver,QHP,NE
6807,20305NE0040059,20305,EPO,Bronze,QHP,NE
6808,20305NE0040063,20305,EPO,Gold,QHP,NE
6809,20305NE0050045,20305,EPO,Gold,QHP,NE
6810,20305NE0050051,20305,EPO,Bronze Expanded,QHP,NE
6811,20305NE0050053,20305,EPO,Silver,QHP,NE
6812,20305NE0050055,20305,EPO,Gold,QHP,NE
6813,20305NE0050057,20305,EPO,Silver,QHP,NE
6814,20305NE0050059,20305,EPO,Bronze,QHP,NE
6815,57424NE0010050,57424,EPO,Bronze Expanded,QHP,NE
6816,57424NE0010051,57424,EPO,Bronze,QHP,NE
6817,57424NE0010052,57424,EPO,Silver,QHP,NE
6818,57424NE0010053,57424,EPO,Gold,QHP,NE
6819,29678NE1450001,29678,EPO,Bronze Expanded,QHP,NE
6820,29678NE1450002,29678,EPO,Bronze,QHP,NE
6821,29678NE1450003,29678,EPO,Bronze Expanded,QHP,NE
6822,29678NE1450004,29678,EPO,Bronze Expanded,QHP,NE
6823,29678NE1450005,29678,EPO,Bronze,QHP,NE
6824,29678NE1450006,29678,EPO,Bronze Expanded,QHP,NE
6825,29678NE1450007,29678,EPO,Silver,QHP,NE
6826,29678NE1450008,29678,EPO,Silver,QHP,NE
6827,29678NE1450009,29678,EPO,Silver,QHP,NE
6828,29678NE1450010,29678,EPO,Silver,QHP,NE
6829,29678NE1450011,29678,EPO,Gold,QHP,NE
6830,29678NE1450012,29678,EPO,Gold,QHP,NE
6831,29678NE1450013,29678,EPO,Gold,QHP,NE
6832,29678NE1460001,29678,EPO,Bronze Expanded,QHP,NE
6833,29678NE1460002,29678,EPO,Bronze,QHP,NE
6834,29678NE1460003,29678,EPO,Bronze Expanded,QHP,NE
6835,29678NE1460004,29678,EPO,Bronze Expanded,QHP,NE
6836,29678NE1460005,29678,EPO,Bronze,QHP,NE
6837,29678NE1460006,29678,EPO,Bronze Expanded,QHP,NE
6838,29678NE1460007,29678,EPO,Silver,QHP,NE
6839,29678NE1460008,29678,EPO,Silver,QHP,NE
6840,29678NE1460009,29678,EPO,Silver,QHP,NE
6841,29678NE1460010,29678,EPO,Silver,QHP,NE
6842,29678NE1460011,29678,EPO,Gold,QHP,NE
6843,29678NE1460012,29678,EPO,Gold,QHP,NE
6844,29678NE1460013,29678,EPO,Gold,QHP,NE
6845,29678NE1470001,29678,EPO,Bronze Expanded,QHP,NE
6846,29678NE1470002,29678,EPO,Bronze,QHP,NE
6847,29678NE1470003,29678,EPO,Bronze Expanded,QHP,NE
6848,29678NE1470004,29678,EPO,Bronze Expanded,QHP,NE
6849,29678NE1470005,29678,EPO,Bronze,QHP,NE
6850,29678NE1470006,29678,EPO,Bronze Expanded,QHP,NE
6851,29678NE1470007,29678,EPO,Silver,QHP,NE
6852,29678NE1470008,29678,EPO,Silver,QHP,NE
6853,29678NE1470009,29678,EPO,Silver,QHP,NE
6854,29678NE1470010,29678,EPO,Silver,QHP,NE
6855,29678NE1470011,29678,EPO,Gold,QHP,NE
6856,29678NE1470012,29678,EPO,Gold,QHP,NE
6857,29678NE1470013,29678,EPO,Gold,QHP,NE
6858,29678NE1480001,29678,EPO,Bronze Expanded,QHP,NE
6859,29678NE1480002,29678,EPO,Bronze,QHP,NE
6860,29678NE1480003,29678,EPO,Bronze Expanded,QHP,NE
6861,29678NE1480004,29678,EPO,Bronze Expanded,QHP,NE
6862,29678NE1480005,29678,EPO,Bronze,QHP,NE
6863,29678NE1480006,29678,EPO,Bronze Expanded,QHP,NE
6864,29678NE1480007,29678,EPO,Silver,QHP,NE
6865,29678NE1480008,29678,EPO,Silver,QHP,NE
6866,29678NE1480009,29678,EPO,Silver,QHP,NE
6867,29678NE1480010,29678,EPO,Silver,QHP,NE
6868,29678NE1480011,29678,EPO,Gold,QHP,NE
6869,29678NE1480012,29678,EPO,Gold,QHP,NE
6870,29678NE1480013,29678,EPO,Gold,QHP,NE
6871,29678NE1490001,29678,EPO,Bronze Expanded,QHP,NE
6872,29678NE1490002,29678,EPO,Bronze,QHP,NE
6873,29678NE1490003,29678,EPO,Bronze Expanded,QHP,NE
6874,29678NE1490004,29678,EPO,Bronze Expanded,QHP,NE
6875,29678NE1490005,29678,EPO,Bronze,QHP,NE
6876,29678NE1490006,29678,EPO,Bronze Expanded,QHP,NE
6877,29678NE1490007,29678,EPO,Silver,QHP,NE
6878,29678NE1490008,29678,EPO,Silver,QHP,NE
6879,29678NE1490009,29678,EPO,Silver,QHP,NE
6880,29678NE1490010,29678,EPO,Silver,QHP,NE
6881,29678NE1490011,29678,EPO,Gold,QHP,NE
6882,29678NE1490012,29678,EPO,Gold,QHP,NE
6883,29678NE1490013,29678,EPO,Gold,QHP,NE
6884,29678NE1500001,29678,EPO,Bronze Expanded,QHP,NE
6885,29678NE1500002,29678,EPO,Bronze,QHP,NE
6886,29678NE1500003,29678,EPO,Bronze Expanded,QHP,NE
6887,29678NE1500004,29678,EPO,Bronze Expanded,QHP,NE
6888,29678NE1500005,29678,EPO,Bronze,QHP,NE
6889,29678NE1500006,29678,EPO,Bronze Expanded,QHP,NE
6890,29678NE1500007,29678,EPO,Silver,QHP,NE
6891,29678NE1500008,29678,EPO,Silver,QHP,NE
6892,29678NE1500009,29678,EPO,Silver,QHP,NE
6893,29678NE1500010,29678,EPO,Silver,QHP,NE
6894,29678NE1500011,29678,EPO,Gold,QHP,NE
6895,29678NE1500012,29678,EPO,Gold,QHP,NE
6896,29678NE1500013,29678,EPO,Gold,QHP,NE
6897,75841NH0090027,75841,EPO,Silver,QHP,NH
6898,75841NH0090028,75841,EPO,Bronze Expanded,QHP,NH
6899,75841NH0090029,75841,EPO,Silver,QHP,NH
6900,75841NH0090030,75841,EPO,Gold,QHP,NH
6901,75841NH0100027,75841,EPO,Silver,QHP,NH
6902,75841NH0100028,75841,EPO,Silver,QHP,NH
6903,75841NH0130001,75841,EPO,Bronze Expanded,QHP,NH
6904,75841NH0130002,75841,EPO,Silver,QHP,NH
6905,75841NH0130003,75841,EPO,Gold,QHP,NH
6906,96751NH0150206,96751,HMO,Gold,QHP,NH
6907,96751NH0150207,96751,HMO,Silver,QHP,NH
6908,96751NH0150208,96751,HMO,Bronze Expanded,QHP,NH
6909,96751NH0150209,96751,HMO,Silver,QHP,NH
6910,96751NH0150210,96751,HMO,Gold,QHP,NH
6911,96751NH0150211,96751,HMO,Bronze,QHP,NH
6912,59025NH0370053,59025,HMO,Gold,QHP,NH
6913,59025NH0370054,59025,HMO,Silver,QHP,NH
6914,59025NH0370055,59025,HMO,Silver,QHP,NH
6915,59025NH0370056,59025,HMO,Silver,QHP,NH
6916,59025NH0370057,59025,HMO,Silver,QHP,NH
6917,59025NH0370058,59025,HMO,Bronze Expanded,QHP,NH
6918,59025NH0370059,59025,HMO,Bronze Expanded,QHP,NH
6919,59025NH0370060,59025,HMO,Bronze Expanded,QHP,NH
6920,59025NH0370061,59025,HMO,Silver,QHP,NH
6921,59025NH0370062,59025,HMO,Bronze Expanded,QHP,NH
6922,59025NH0370063,59025,HMO,Gold,QHP,NH
6923,59025NH0370064,59025,HMO,Silver,QHP,NH
6924,59025NH0370065,59025,HMO,Bronze,QHP,NH
6925,59025NH0370066,59025,HMO,Bronze Expanded,QHP,NH
6926,46400OH0020001,46400,INDEMNITY,Bronze,QHP,OH
6927,46400OH0020002,46400,INDEMNITY,Gold,QHP,OH
6928,46400OH0020003,46400,INDEMNITY,Silver,QHP,OH
6929,46400OH0020004,46400,INDEMNITY,Bronze,QHP,OH
6930,46400OH0020005,46400,INDEMNITY,Gold,QHP,OH
6931,46400OH0020006,46400,INDEMNITY,Silver,QHP,OH
6932,29276OH0920431,29276,HMO,Bronze,QHP,OH
6933,29276OH0920432,29276,HMO,Bronze,QHP,OH
6934,29276OH0920433,29276,HMO,Silver,QHP,OH
6935,29276OH0920434,29276,HMO,Gold,QHP,OH
6936,33931OH0030012,33931,HMO,Gold,QHP,OH
6937,33931OH0030013,33931,HMO,Gold,QHP,OH
6938,33931OH0030014,33931,HMO,Gold,QHP,OH
6939,33931OH0030015,33931,HMO,Silver,QHP,OH
6940,33931OH0030016,33931,HMO,Silver,QHP,OH
6941,33931OH0030017,33931,HMO,Silver,QHP,OH
6942,33931OH0030018,33931,HMO,Silver,QHP,OH
6943,33931OH0030019,33931,HMO,Silver,QHP,OH
6944,33931OH0030020,33931,HMO,Silver,QHP,OH
6945,33931OH0030021,33931,HMO,Silver,QHP,OH
6946,33931OH0030022,33931,HMO,Bronze,QHP,OH
6947,33931OH0030023,33931,HMO,Bronze Expanded,QHP,OH
6948,33931OH0030024,33931,HMO,Bronze Expanded,QHP,OH
6949,33931OH0030025,33931,HMO,Bronze Expanded,QHP,OH
6950,33931OH0030026,33931,HMO,Bronze Expanded,QHP,OH
6951,33931OH0030027,33931,HMO,Bronze,QHP,OH
6952,52664OH1530032,52664,HMO,Bronze,QHP,OH
6953,52664OH1530035,52664,HMO,Silver,QHP,OH
6954,52664OH1530036,52664,HMO,Gold,QHP,OH
6955,64353OH0010008,64353,HMO,Gold,QHP,OH
6956,64353OH0010009,64353,HMO,Silver,QHP,OH
6957,28162OH0060107,28162,PPO,Gold,QHP,OH
6958,28162OH0060108,28162,PPO,Silver,QHP,OH
6959,28162OH0060109,28162,PPO,Silver,QHP,OH
6960,29341OH0100050,29341,HMO,Bronze Expanded,QHP,OH
6961,29341OH0100051,29341,HMO,Bronze,QHP,OH
6962,29341OH0100052,29341,HMO,Silver,QHP,OH
6963,29341OH0100053,29341,HMO,Gold,QHP,OH
6964,41047OH0010065,41047,HMO,Silver,QHP,OH
6965,41047OH0010067,41047,HMO,Gold,QHP,OH
6966,41047OH0010069,41047,HMO,Bronze Expanded,QHP,OH
6967,41047OH0010070,41047,HMO,Silver,QHP,OH
6968,41047OH0010071,41047,HMO,Gold,QHP,OH
6969,41047OH0030069,41047,HMO,Silver,QHP,OH
6970,41047OH0030071,41047,HMO,Gold,QHP,OH
6971,41047OH0060004,41047,HMO,Bronze Expanded,QHP,OH
6972,41047OH0060005,41047,HMO,Silver,QHP,OH
6973,41047OH0060006,41047,HMO,Gold,QHP,OH
6974,45845OH0100050,45845,HMO,Bronze Expanded,QHP,OH
6975,45845OH0100051,45845,HMO,Bronze,QHP,OH
6976,45845OH0100052,45845,HMO,Silver,QHP,OH
6977,45845OH0100053,45845,HMO,Gold,QHP,OH
6978,74313OH0210031,74313,HMO,Gold,QHP,OH
6979,74313OH0210032,74313,HMO,Gold,QHP,OH
6980,74313OH0210033,74313,HMO,Silver,QHP,OH
6981,74313OH0210034,74313,HMO,Silver,QHP,OH
6982,74313OH0210035,74313,HMO,Bronze Expanded,QHP,OH
6983,74313OH0210036,74313,HMO,Bronze Expanded,QHP,OH
6984,99969OH0080368,99969,HMO,Gold,QHP,OH
6985,99969OH0080369,99969,HMO,Silver,QHP,OH
6986,99969OH0080370,99969,HMO,Bronze Expanded,QHP,OH
6987,99969OH0080371,99969,HMO,Bronze,QHP,OH
6988,99969OH0080372,99969,HMO,Gold,QHP,OH
6989,99969OH0080373,99969,HMO,Silver,QHP,OH
6990,99969OH0080374,99969,HMO,Bronze Expanded,QHP,OH
6991,99969OH0080375,99969,HMO,Bronze,QHP,OH
6992,99969OH0080376,99969,HMO,Gold,QHP,OH
6993,99969OH0080377,99969,HMO,Silver,QHP,OH
6994,99969OH0080378,99969,HMO,Bronze Expanded,QHP,OH
6995,99969OH0080379,99969,HMO,Bronze,QHP,OH
6996,99969OH0080384,99969,HMO,Gold,QHP,OH
6997,99969OH0080385,99969,HMO,Silver,QHP,OH
6998,99969OH0080386,99969,HMO,Bronze Expanded,QHP,OH
6999,99969OH0080387,99969,HMO,Bronze,QHP,OH
7000,99969OH0080388,99969,HMO,Gold,QHP,OH
7001,99969OH0080389,99969,HMO,Silver,QHP,OH
7002,99969OH0080390,99969,HMO,Bronze Expanded,QHP,OH
7003,99969OH0080391,99969,HMO,Bronze,QHP,OH
7004,99969OH0080392,99969,HMO,Gold,QHP,OH
7005,99969OH0080393,99969,HMO,Silver,QHP,OH
7006,99969OH0080394,99969,HMO,Bronze Expanded,QHP,OH
7007,99969OH0080395,99969,HMO,Bronze,QHP,OH
7008,99969OH0080396,99969,HMO,Gold,QHP,OH
7009,99969OH0080397,99969,HMO,Silver,QHP,OH
7010,99969OH0080398,99969,HMO,Bronze Expanded,QHP,OH
7011,99969OH0080399,99969,HMO,Bronze,QHP,OH
7012,99969OH0080428,99969,HMO,Gold,QHP,OH
7013,99969OH0080430,99969,HMO,Silver,QHP,OH
7014,99969OH0080431,99969,HMO,Silver,QHP,OH
7015,99969OH0080432,99969,HMO,Silver,QHP,OH
7016,99969OH0080434,99969,HMO,Silver,QHP,OH
7017,99969OH0080435,99969,HMO,Bronze Expanded,QHP,OH
7018,99969OH0080436,99969,HMO,Bronze Expanded,QHP,OH
7019,99969OH0080438,99969,HMO,Bronze,QHP,OH
7020,99969OH0080440,99969,HMO,Bronze Expanded,QHP,OH
7021,77552OH0010208,77552,HMO,Silver,QHP,OH
7022,77552OH0020208,77552,HMO,Silver,QHP,OH
7023,45480OK0050022,45480,HMO,Gold,QHP,OK
7024,45480OK0050023,45480,HMO,Silver,QHP,OK
7025,45480OK0050024,45480,HMO,Silver,QHP,OK
7026,45480OK0050025,45480,HMO,Bronze,QHP,OK
7027,45480OK0050026,45480,HMO,Bronze Expanded,QHP,OK
7028,45480OK0050027,45480,HMO,Bronze Expanded,QHP,OK
7029,45480OK0050028,45480,HMO,Gold,QHP,OK
7030,45480OK0050029,45480,HMO,Silver,QHP,OK
7031,45480OK0050030,45480,HMO,Bronze Expanded,QHP,OK
7032,45480OK0050031,45480,HMO,Bronze,QHP,OK
7033,62505OK0120016,62505,PPO,Gold,QHP,OK
7034,62505OK0120017,62505,PPO,Gold,QHP,OK
7035,62505OK0120019,62505,PPO,Bronze Expanded,QHP,OK
7036,62505OK0120020,62505,PPO,Silver,QHP,OK
7037,62505OK0120021,62505,PPO,Gold,QHP,OK
7038,62505OK0130015,62505,PPO,Silver,QHP,OK
7039,62505OK0130017,62505,PPO,Gold,QHP,OK
7040,62505OK0130018,62505,PPO,Gold,QHP,OK
7041,91908OK0010050,91908,PPO,Bronze Expanded,QHP,OK
7042,91908OK0010051,91908,PPO,Bronze,QHP,OK
7043,91908OK0010052,91908,PPO,Silver,QHP,OK
7044,91908OK0010053,91908,PPO,Gold,QHP,OK
7045,87571OK0320128,87571,PPO,Gold,QHP,OK
7046,87571OK0320129,87571,PPO,Silver,QHP,OK
7047,87571OK0320130,87571,PPO,Bronze,QHP,OK
7048,87571OK0320131,87571,PPO,Gold,QHP,OK
7049,87571OK0320132,87571,PPO,Gold,QHP,OK
7050,87571OK0320133,87571,PPO,Gold,QHP,OK
7051,87571OK0320134,87571,PPO,Gold,QHP,OK
7052,87571OK0320135,87571,PPO,Silver,QHP,OK
7053,87571OK0320136,87571,PPO,Silver,QHP,OK
7054,87571OK0320137,87571,PPO,Silver,QHP,OK
7055,87571OK0320138,87571,PPO,Silver,QHP,OK
7056,87571OK0320139,87571,PPO,Bronze,QHP,OK
7057,87571OK0320140,87571,PPO,Bronze,QHP,OK
7058,87571OK0320141,87571,PPO,Bronze,QHP,OK
7059,87571OK0320142,87571,PPO,Bronze,QHP,OK
7060,87571OK0320143,87571,PPO,Bronze Expanded,QHP,OK
7061,87571OK0320144,87571,PPO,Bronze Expanded,QHP,OK
7062,87571OK0320145,87571,PPO,Bronze Expanded,QHP,OK
7063,87571OK0320146,87571,PPO,Bronze Expanded,QHP,OK
7064,87571OK0320147,87571,PPO,Bronze Expanded,QHP,OK
7065,87571OK0510057,87571,HMO,Gold,QHP,OK
7066,87571OK0510058,87571,HMO,Silver,QHP,OK
7067,87571OK0510060,87571,HMO,Gold,QHP,OK
7068,87571OK0510061,87571,HMO,Silver,QHP,OK
7069,87571OK0510063,87571,HMO,Gold,QHP,OK
7070,87571OK0510064,87571,HMO,Silver,QHP,OK
7071,87571OK0510066,87571,HMO,Gold,QHP,OK
7072,87571OK0510067,87571,HMO,Silver,QHP,OK
7073,98905OK0130047,98905,HMO,Gold,QHP,OK
7074,98905OK0130048,98905,HMO,Silver,QHP,OK
7075,98905OK0130049,98905,HMO,Bronze,QHP,OK
7076,98905OK0130050,98905,HMO,Bronze Expanded,QHP,OK
7077,98905OK0130051,98905,HMO,Silver,QHP,OK
7078,91538OK0010010,91538,HMO,Bronze,QHP,OK
7079,91538OK0010011,91538,HMO,Bronze Expanded,QHP,OK
7080,91538OK0010012,91538,HMO,Bronze Expanded,QHP,OK
7081,91538OK0010013,91538,HMO,Silver,QHP,OK
7082,91538OK0010014,91538,HMO,Silver,QHP,OK
7083,91538OK0010015,91538,HMO,Silver,QHP,OK
7084,91538OK0010016,91538,HMO,Silver,QHP,OK
7085,91538OK0010017,91538,HMO,Gold,QHP,OK
7086,91538OK0010018,91538,HMO,Gold,QHP,OK
7087,91538OK0010023,91538,HMO,Bronze,QHP,OK
7088,91538OK0010024,91538,HMO,Bronze Expanded,QHP,OK
7089,91538OK0010025,91538,HMO,Silver,QHP,OK
7090,91538OK0010026,91538,HMO,Gold,QHP,OK
7091,21333OK0010045,21333,PPO,Gold,QHP,OK
7092,21333OK0010051,21333,PPO,Bronze Expanded,QHP,OK
7093,21333OK0010055,21333,PPO,Gold,QHP,OK
7094,21333OK0010057,21333,PPO,Silver,QHP,OK
7095,21333OK0010059,21333,PPO,Bronze,QHP,OK
7096,21333OK0020055,21333,PPO,Gold,QHP,OK
7097,21333OK0020057,21333,PPO,Silver,QHP,OK
7098,21333OK0020059,21333,PPO,Bronze,QHP,OK
7099,21333OK0060045,21333,PPO,Gold,QHP,OK
7100,21333OK0060051,21333,PPO,Bronze Expanded,QHP,OK
7101,21333OK0060055,21333,PPO,Gold,QHP,OK
7102,21333OK0060057,21333,PPO,Silver,QHP,OK
7103,21333OK0060059,21333,PPO,Bronze,QHP,OK
7104,71287OR0420022,71287,EPO,Silver,QHP,OR
7105,39424OR1620076,39424,EPO,Silver,QHP,OR
7106,39424OR1620077,39424,EPO,Silver,QHP,OR
7107,10091OR0750018,10091,PPO,Bronze Expanded,QHP,OR
7108,79222SC0010027,79222,HMO,Silver,QHP,SC
7109,79222SC0010029,79222,HMO,Gold,QHP,SC
7110,79222SC0010030,79222,HMO,Bronze,QHP,SC
7111,79222SC0010031,79222,HMO,Bronze Expanded,QHP,SC
7112,79222SC0010032,79222,HMO,Silver,QHP,SC
7113,79222SC0010033,79222,HMO,Gold,QHP,SC
7114,79222SC0020028,79222,HMO,Silver,QHP,SC
7115,79222SC0020030,79222,HMO,Gold,QHP,SC
7116,26065SC0380049,26065,EPO,Silver,QHP,SC
7117,26065SC0380050,26065,EPO,Silver,QHP,SC
7118,26065SC0650001,26065,EPO,Gold,QHP,SC
7119,26065SC0650002,26065,EPO,Silver,QHP,SC
7120,26065SC0650003,26065,EPO,Silver,QHP,SC
7121,26065SC0650004,26065,EPO,Bronze Expanded,QHP,SC
7122,26065SC0660001,26065,EPO,Gold,QHP,SC
7123,26065SC0660002,26065,EPO,Silver,QHP,SC
7124,26065SC0660003,26065,EPO,Silver,QHP,SC
7125,26065SC0660004,26065,EPO,Bronze Expanded,QHP,SC
7126,26065SC0670001,26065,EPO,Gold,QHP,SC
7127,26065SC0670002,26065,EPO,Silver,QHP,SC
7128,26065SC0670003,26065,EPO,Bronze Expanded,QHP,SC
7129,26065SC0690001,26065,EPO,Gold,QHP,SC
7130,26065SC0690002,26065,EPO,Silver,QHP,SC
7131,26065SC0690003,26065,EPO,Bronze Expanded,QHP,SC
7132,26065SC0690004,26065,EPO,Bronze,QHP,SC
7133,73033SC0010001,73033,HMO,Bronze Expanded,QHP,SC
7134,73033SC0010002,73033,HMO,Bronze Expanded,QHP,SC
7135,73033SC0010003,73033,HMO,Bronze Expanded,QHP,SC
7136,73033SC0010004,73033,HMO,Bronze Expanded,QHP,SC
7137,73033SC0010005,73033,HMO,Bronze Expanded,QHP,SC
7138,73033SC0010006,73033,HMO,Bronze Expanded,QHP,SC
7139,73033SC0010007,73033,HMO,Bronze,QHP,SC
7140,73033SC0010008,73033,HMO,Bronze Expanded,QHP,SC
7141,73033SC0010009,73033,HMO,Silver,QHP,SC
7142,73033SC0010010,73033,HMO,Silver,QHP,SC
7143,73033SC0010011,73033,HMO,Silver,QHP,SC
7144,73033SC0010012,73033,HMO,Silver,QHP,SC
7145,73033SC0010013,73033,HMO,Silver,QHP,SC
7146,73033SC0010014,73033,HMO,Silver,QHP,SC
7147,73033SC0010015,73033,HMO,Silver,QHP,SC
7148,73033SC0010018,73033,HMO,Gold,QHP,SC
7149,73033SC0010019,73033,HMO,Gold,QHP,SC
7150,73033SC0010020,73033,HMO,Gold,QHP,SC
7151,73033SC0010021,73033,HMO,Gold,QHP,SC
7152,73107SC0010001,73107,HMO,Bronze,QHP,SC
7153,73107SC0010002,73107,HMO,Bronze Expanded,QHP,SC
7154,73107SC0010003,73107,HMO,Silver,QHP,SC
7155,73107SC0010004,73107,HMO,Gold,QHP,SC
7156,42326SC0010008,42326,HMO,Gold,QHP,SC
7157,42326SC0010009,42326,HMO,Silver,QHP,SC
7158,31195SD0080023,31195,HMO,Silver,QHP,SD
7159,31195SD0080025,31195,HMO,Gold,QHP,SD
7160,31195SD0080026,31195,HMO,Bronze Expanded,QHP,SD
7161,31195SD0080027,31195,HMO,Silver,QHP,SD
7162,31195SD0080028,31195,HMO,Gold,QHP,SD
7163,31195SD0110013,31195,PPO,Silver,QHP,SD
7164,31195SD0110015,31195,PPO,Gold,QHP,SD
7165,31195SD0110016,31195,PPO,Bronze Expanded,QHP,SD
7166,31195SD0110017,31195,PPO,Silver,QHP,SD
7167,31195SD0110018,31195,PPO,Gold,QHP,SD
7168,50305SD0310001,50305,EPO,Bronze Expanded,QHP,SD
7169,50305SD0310002,50305,EPO,Bronze Expanded,QHP,SD
7170,50305SD0310003,50305,EPO,Silver,QHP,SD
7171,50305SD0310004,50305,EPO,Gold,QHP,SD
7172,50305SD0310005,50305,EPO,Bronze Expanded,QHP,SD
7173,50305SD0310006,50305,EPO,Silver,QHP,SD
7174,50305SD0310007,50305,EPO,Gold,QHP,SD
7175,60536SD0020041,60536,PPO,Gold,QHP,SD
7176,60536SD0020043,60536,PPO,Silver,QHP,SD
7177,60536SD0020044,60536,PPO,Silver,QHP,SD
7178,60536SD0020045,60536,PPO,Silver,QHP,SD
7179,60536SD0020046,60536,PPO,Bronze Expanded,QHP,SD
7180,60536SD0020047,60536,PPO,Bronze Expanded,QHP,SD
7181,60536SD0020049,60536,PPO,Bronze Expanded,QHP,SD
7182,60536SD0020050,60536,PPO,Catastrophic,QHP,SD
7183,60536SD0020051,60536,PPO,Gold,QHP,SD
7184,60536SD0020052,60536,PPO,Silver,QHP,SD
7185,60536SD0020053,60536,PPO,Bronze,QHP,SD
7186,60536SD0020057,60536,PPO,Gold,QHP,SD
7187,60536SD0020058,60536,PPO,Silver,QHP,SD
7188,60536SD0020059,60536,PPO,Bronze,QHP,SD
7189,60536SD0060010,60536,HMO,Gold,QHP,SD
7190,60536SD0060011,60536,HMO,Silver,QHP,SD
7191,60536SD0060012,60536,HMO,Silver,QHP,SD
7192,60536SD0060013,60536,HMO,Silver,QHP,SD
7193,60536SD0060014,60536,HMO,Bronze Expanded,QHP,SD
7194,60536SD0060015,60536,HMO,Bronze Expanded,QHP,SD
7195,60536SD0060016,60536,HMO,Bronze Expanded,QHP,SD
7196,60536SD0060017,60536,HMO,Gold,QHP,SD
7197,60536SD0060018,60536,HMO,Silver,QHP,SD
7198,60536SD0060019,60536,HMO,Bronze,QHP,SD
7199,97906TN0010139,97906,EPO,Silver,QHP,TN
7200,97906TN0010140,97906,EPO,Silver,QHP,TN
7201,97906TN0010141,97906,EPO,Silver,QHP,TN
7202,97906TN0010142,97906,EPO,Silver,QHP,TN
7203,97906TN0010143,97906,EPO,Silver,QHP,TN
7204,97906TN0010144,97906,EPO,Silver,QHP,TN
7205,97906TN0010145,97906,EPO,Silver,QHP,TN
7206,97906TN0010146,97906,EPO,Silver,QHP,TN
7207,97906TN0010147,97906,EPO,Silver,QHP,TN
7208,97906TN0010148,97906,EPO,Silver,QHP,TN
7209,97906TN0010149,97906,EPO,Silver,QHP,TN
7210,97906TN0010150,97906,EPO,Silver,QHP,TN
7211,97906TN0010151,97906,EPO,Silver,QHP,TN
7212,97906TN0010152,97906,EPO,Silver,QHP,TN
7213,97906TN0010153,97906,EPO,Silver,QHP,TN
7214,97906TN0010154,97906,EPO,Silver,QHP,TN
7215,97906TN0010155,97906,EPO,Silver,QHP,TN
7216,97906TN0010156,97906,EPO,Silver,QHP,TN
7217,97906TN0010157,97906,EPO,Silver,QHP,TN
7218,97906TN0010158,97906,EPO,Silver,QHP,TN
7219,97906TN0010159,97906,EPO,Silver,QHP,TN
7220,97906TN0010160,97906,EPO,Silver,QHP,TN
7221,97906TN0010161,97906,EPO,Silver,QHP,TN
7222,97906TN0010162,97906,EPO,Silver,QHP,TN
7223,97906TN0010163,97906,EPO,Silver,QHP,TN
7224,97906TN0010164,97906,EPO,Silver,QHP,TN
7225,97906TN0010165,97906,EPO,Silver,QHP,TN
7226,97906TN0010166,97906,EPO,Silver,QHP,TN
7227,97906TN0010167,97906,EPO,Silver,QHP,TN
7228,97906TN0010168,97906,EPO,Silver,QHP,TN
7229,97906TN0010169,97906,EPO,Silver,QHP,TN
7230,97906TN0010170,97906,EPO,Silver,QHP,TN
7231,97906TN0010171,97906,EPO,Silver,QHP,TN
7232,97906TN0010172,97906,EPO,Silver,QHP,TN
7233,97906TN0010173,97906,EPO,Silver,QHP,TN
7234,97906TN0010174,97906,EPO,Silver,QHP,TN
7235,69443TN0140014,69443,EPO,Gold,QHP,TN
7236,69443TN0140015,69443,EPO,Gold,QHP,TN
7237,69443TN0140016,69443,EPO,Gold,QHP,TN
7238,69443TN0140017,69443,EPO,Silver,QHP,TN
7239,69443TN0140018,69443,EPO,Silver,QHP,TN
7240,69443TN0140019,69443,EPO,Silver,QHP,TN
7241,69443TN0140020,69443,EPO,Silver,QHP,TN
7242,69443TN0140021,69443,EPO,Silver,QHP,TN
7243,69443TN0140022,69443,EPO,Bronze Expanded,QHP,TN
7244,69443TN0140023,69443,EPO,Bronze Expanded,QHP,TN
7245,69443TN0140024,69443,EPO,Bronze,QHP,TN
7246,69443TN0140025,69443,EPO,Bronze Expanded,QHP,TN
7247,69443TN0140026,69443,EPO,Bronze,QHP,TN
7248,69443TN0140027,69443,EPO,Bronze,QHP,TN
7249,99248TN0060106,99248,EPO,Bronze Expanded,QHP,TN
7250,99248TN0060107,99248,EPO,Bronze Expanded,QHP,TN
7251,99248TN0060108,99248,EPO,Bronze Expanded,QHP,TN
7252,99248TN0060109,99248,EPO,Bronze,QHP,TN
7253,99248TN0060110,99248,EPO,Bronze Expanded,QHP,TN
7254,99248TN0060111,99248,EPO,Silver,QHP,TN
7255,99248TN0060112,99248,EPO,Gold,QHP,TN
7256,23552TN0020025,23552,EPO,Silver,QHP,TN
7257,23552TN0020035,23552,EPO,Gold,QHP,TN
7258,23552TN0020036,23552,EPO,Gold,QHP,TN
7259,23552TN0020050,23552,EPO,Bronze Expanded,QHP,TN
7260,23552TN0020051,23552,EPO,Bronze,QHP,TN
7261,23552TN0020052,23552,EPO,Silver,QHP,TN
7262,23552TN0020053,23552,EPO,Gold,QHP,TN
7263,70111TN0110031,70111,EPO,Gold,QHP,TN
7264,70111TN0110032,70111,EPO,Bronze,QHP,TN
7265,70111TN0110033,70111,EPO,Bronze Expanded,QHP,TN
7266,70111TN0110034,70111,EPO,Silver,QHP,TN
7267,70111TN0110035,70111,EPO,Gold,QHP,TN
7268,70111TN0120033,70111,EPO,Silver,QHP,TN
7269,70111TN0120034,70111,EPO,Gold,QHP,TN
7270,70111TN0150001,70111,EPO,Bronze Expanded,QHP,TN
7271,70111TN0150002,70111,EPO,Silver,QHP,TN
7272,70111TN0150003,70111,EPO,Silver,QHP,TN
7273,70111TN0150004,70111,EPO,Silver,QHP,TN
7274,70111TN0150006,70111,EPO,Gold,QHP,TN
7275,70111TN0150007,70111,EPO,Gold,QHP,TN
7276,70111TN0150008,70111,EPO,Bronze Expanded,QHP,TN
7277,70111TN0150009,70111,EPO,Silver,QHP,TN
7278,70111TN0150010,70111,EPO,Gold,QHP,TN
7279,14002TN0400055,14002,EPO,Bronze Expanded,QHP,TN
7280,14002TN0400056,14002,EPO,Bronze Expanded,QHP,TN
7281,14002TN0400058,14002,EPO,Bronze,QHP,TN
7282,14002TN0400059,14002,EPO,Bronze,QHP,TN
7283,14002TN0400060,14002,EPO,Bronze Expanded,QHP,TN
7284,14002TN0400061,14002,EPO,Bronze Expanded,QHP,TN
7285,14002TN0400062,14002,EPO,Bronze Expanded,QHP,TN
7286,14002TN0400063,14002,EPO,Bronze Expanded,QHP,TN
7287,14002TN0400064,14002,EPO,Bronze Expanded,QHP,TN
7288,14002TN0400066,14002,EPO,Bronze Expanded,QHP,TN
7289,14002TN0400067,14002,EPO,Bronze Expanded,QHP,TN
7290,14002TN0400068,14002,EPO,Bronze Expanded,QHP,TN
7291,14002TN0400069,14002,EPO,Bronze Expanded,QHP,TN
7292,14002TN0400070,14002,EPO,Bronze Expanded,QHP,TN
7293,14002TN0400071,14002,EPO,Bronze Expanded,QHP,TN
7294,14002TN0400072,14002,EPO,Bronze Expanded,QHP,TN
7295,14002TN0400073,14002,EPO,Bronze Expanded,QHP,TN
7296,14002TN0400075,14002,EPO,Bronze Expanded,QHP,TN
7297,14002TN0400076,14002,EPO,Bronze Expanded,QHP,TN
7298,14002TN0400077,14002,EPO,Bronze Expanded,QHP,TN
7299,14002TN0400078,14002,EPO,Bronze Expanded,QHP,TN
7300,14002TN0400079,14002,EPO,Bronze Expanded,QHP,TN
7301,14002TN0400080,14002,EPO,Bronze Expanded,QHP,TN
7302,14002TN0400081,14002,EPO,Bronze Expanded,QHP,TN
7303,14002TN0400082,14002,EPO,Bronze Expanded,QHP,TN
7304,14002TN0400083,14002,EPO,Bronze Expanded,QHP,TN
7305,14002TN0400084,14002,EPO,Bronze Expanded,QHP,TN
7306,14002TN0400085,14002,EPO,Bronze Expanded,QHP,TN
7307,14002TN0400086,14002,EPO,Bronze Expanded,QHP,TN
7308,14002TN0400087,14002,EPO,Bronze Expanded,QHP,TN
7309,14002TN0400089,14002,EPO,Bronze Expanded,QHP,TN
7310,14002TN0400090,14002,EPO,Bronze Expanded,QHP,TN
7311,14002TN0400091,14002,EPO,Bronze,QHP,TN
7312,14002TN0400092,14002,EPO,Bronze,QHP,TN
7313,14002TN0400093,14002,EPO,Bronze,QHP,TN
7314,14002TN0400094,14002,EPO,Bronze,QHP,TN
7315,14002TN0400095,14002,EPO,Bronze,QHP,TN
7316,14002TN0400096,14002,EPO,Bronze,QHP,TN
7317,14002TN0400097,14002,EPO,Bronze,QHP,TN
7318,14002TN0400098,14002,EPO,Bronze,QHP,TN
7319,14002TN0400099,14002,EPO,Bronze,QHP,TN
7320,14002TN0400150,14002,EPO,Silver,QHP,TN
7321,14002TN0400151,14002,EPO,Silver,QHP,TN
7322,14002TN0400152,14002,EPO,Silver,QHP,TN
7323,14002TN0400154,14002,EPO,Silver,QHP,TN
7324,14002TN0400155,14002,EPO,Silver,QHP,TN
7325,14002TN0400157,14002,EPO,Silver,QHP,TN
7326,14002TN0400158,14002,EPO,Silver,QHP,TN
7327,14002TN0400165,14002,EPO,Silver,QHP,TN
7328,14002TN0400166,14002,EPO,Silver,QHP,TN
7329,14002TN0400169,14002,EPO,Silver,QHP,TN
7330,14002TN0400170,14002,EPO,Silver,QHP,TN
7331,14002TN0400172,14002,EPO,Silver,QHP,TN
7332,14002TN0400173,14002,EPO,Silver,QHP,TN
7333,14002TN0400174,14002,EPO,Silver,QHP,TN
7334,14002TN0400175,14002,EPO,Silver,QHP,TN
7335,14002TN0400176,14002,EPO,Silver,QHP,TN
7336,14002TN0400177,14002,EPO,Silver,QHP,TN
7337,14002TN0400178,14002,EPO,Silver,QHP,TN
7338,14002TN0400179,14002,EPO,Silver,QHP,TN
7339,14002TN0400180,14002,EPO,Silver,QHP,TN
7340,14002TN0400181,14002,EPO,Silver,QHP,TN
7341,14002TN0400182,14002,EPO,Silver,QHP,TN
7342,14002TN0400183,14002,EPO,Silver,QHP,TN
7343,14002TN0400184,14002,EPO,Silver,QHP,TN
7344,14002TN0400186,14002,EPO,Silver,QHP,TN
7345,14002TN0400187,14002,EPO,Silver,QHP,TN
7346,14002TN0400188,14002,EPO,Silver,QHP,TN
7347,14002TN0400189,14002,EPO,Silver,QHP,TN
7348,14002TN0400190,14002,EPO,Silver,QHP,TN
7349,14002TN0400191,14002,EPO,Silver,QHP,TN
7350,14002TN0400192,14002,EPO,Silver,QHP,TN
7351,14002TN0400193,14002,EPO,Silver,QHP,TN
7352,14002TN0400194,14002,EPO,Silver,QHP,TN
7353,14002TN0400195,14002,EPO,Silver,QHP,TN
7354,14002TN0400196,14002,EPO,Silver,QHP,TN
7355,14002TN0400197,14002,EPO,Silver,QHP,TN
7356,14002TN0400198,14002,EPO,Silver,QHP,TN
7357,14002TN0400214,14002,EPO,Gold,QHP,TN
7358,14002TN0400215,14002,EPO,Gold,QHP,TN
7359,14002TN0400216,14002,EPO,Gold,QHP,TN
7360,14002TN0400218,14002,EPO,Gold,QHP,TN
7361,14002TN0400219,14002,EPO,Gold,QHP,TN
7362,14002TN0400220,14002,EPO,Gold,QHP,TN
7363,14002TN0400221,14002,EPO,Gold,QHP,TN
7364,14002TN0400222,14002,EPO,Gold,QHP,TN
7365,14002TN0400223,14002,EPO,Gold,QHP,TN
7366,14002TN0400224,14002,EPO,Gold,QHP,TN
7367,14002TN0400225,14002,EPO,Gold,QHP,TN
7368,14002TN0400226,14002,EPO,Gold,QHP,TN
7369,14002TN0400227,14002,EPO,Gold,QHP,TN
7370,14002TN0400228,14002,EPO,Gold,QHP,TN
7371,14002TN0400229,14002,EPO,Gold,QHP,TN
7372,14002TN0400230,14002,EPO,Gold,QHP,TN
7373,14002TN0400231,14002,EPO,Gold,QHP,TN
7374,14002TN0400232,14002,EPO,Gold,QHP,TN
7375,14002TN0400234,14002,EPO,Gold,QHP,TN
7376,14002TN0400235,14002,EPO,Gold,QHP,TN
7377,14002TN0400236,14002,EPO,Bronze,QHP,TN
7378,14002TN0400237,14002,EPO,Bronze,QHP,TN
7379,14002TN0400239,14002,EPO,Bronze,QHP,TN
7380,14002TN0400240,14002,EPO,Bronze,QHP,TN
7381,14002TN0400241,14002,EPO,Bronze Expanded,QHP,TN
7382,14002TN0400242,14002,EPO,Bronze Expanded,QHP,TN
7383,14002TN0400243,14002,EPO,Bronze Expanded,QHP,TN
7384,14002TN0400244,14002,EPO,Bronze Expanded,QHP,TN
7385,14002TN0400245,14002,EPO,Bronze Expanded,QHP,TN
7386,14002TN0400246,14002,EPO,Bronze Expanded,QHP,TN
7387,14002TN0400247,14002,EPO,Bronze Expanded,QHP,TN
7388,14002TN0400248,14002,EPO,Bronze Expanded,QHP,TN
7389,14002TN0400249,14002,EPO,Bronze Expanded,QHP,TN
7390,14002TN0400250,14002,EPO,Bronze Expanded,QHP,TN
7391,14002TN0400251,14002,EPO,Bronze Expanded,QHP,TN
7392,14002TN0400253,14002,EPO,Bronze Expanded,QHP,TN
7393,14002TN0400254,14002,EPO,Bronze Expanded,QHP,TN
7394,14002TN0400255,14002,EPO,Silver,QHP,TN
7395,14002TN0400256,14002,EPO,Silver,QHP,TN
7396,14002TN0400257,14002,EPO,Silver,QHP,TN
7397,14002TN0400258,14002,EPO,Silver,QHP,TN
7398,14002TN0400259,14002,EPO,Silver,QHP,TN
7399,14002TN0400260,14002,EPO,Silver,QHP,TN
7400,14002TN0400261,14002,EPO,Silver,QHP,TN
7401,14002TN0400262,14002,EPO,Silver,QHP,TN
7402,14002TN0400263,14002,EPO,Silver,QHP,TN
7403,14002TN0400264,14002,EPO,Silver,QHP,TN
7404,14002TN0400265,14002,EPO,Silver,QHP,TN
7405,14002TN0400266,14002,EPO,Silver,QHP,TN
7406,14002TN0400267,14002,EPO,Silver,QHP,TN
7407,14002TN0400269,14002,EPO,Silver,QHP,TN
7408,14002TN0400270,14002,EPO,Silver,QHP,TN
7409,14002TN0400271,14002,EPO,Silver,QHP,TN
7410,14002TN0400272,14002,EPO,Silver,QHP,TN
7411,14002TN0400273,14002,EPO,Silver,QHP,TN
7412,14002TN0400274,14002,EPO,Silver,QHP,TN
7413,14002TN0400275,14002,EPO,Silver,QHP,TN
7414,14002TN0400276,14002,EPO,Silver,QHP,TN
7415,14002TN0400277,14002,EPO,Silver,QHP,TN
7416,14002TN0400278,14002,EPO,Silver,QHP,TN
7417,14002TN0400279,14002,EPO,Silver,QHP,TN
7418,14002TN0400280,14002,EPO,Silver,QHP,TN
7419,14002TN0400281,14002,EPO,Silver,QHP,TN
7420,14002TN0400283,14002,EPO,Silver,QHP,TN
7421,14002TN0400284,14002,EPO,Silver,QHP,TN
7422,31663TN0010001,31663,EPO,Bronze Expanded,QHP,TN
7423,31663TN0010002,31663,EPO,Bronze Expanded,QHP,TN
7424,31663TN0010004,31663,EPO,Bronze Expanded,QHP,TN
7425,31663TN0010005,31663,EPO,Silver,QHP,TN
7426,31663TN0010006,31663,EPO,Silver,QHP,TN
7427,31663TN0010007,31663,EPO,Silver,QHP,TN
7428,31663TN0010008,31663,EPO,Bronze Expanded,QHP,TN
7429,31663TN0010009,31663,EPO,Silver,QHP,TN
7430,31663TN0010010,31663,EPO,Gold,QHP,TN
7431,63251TX0010002,63251,EPO,Gold,QHP,TX
7432,63251TX0020002,63251,EPO,Silver,QHP,TX
7433,71837TX0010017,71837,HMO,Silver,QHP,TX
7434,71837TX0010018,71837,HMO,Gold,QHP,TX
7435,71837TX0010019,71837,HMO,Bronze,QHP,TX
7436,71837TX0010020,71837,HMO,Bronze Expanded,QHP,TX
7437,40220TX0080014,40220,HMO,Bronze,QHP,TX
7438,40220TX0080015,40220,HMO,Bronze Expanded,QHP,TX
7439,40220TX0080016,40220,HMO,Bronze,QHP,TX
7440,40220TX0080017,40220,HMO,Silver,QHP,TX
7441,40220TX0080018,40220,HMO,Silver,QHP,TX
7442,40220TX0080019,40220,HMO,Silver,QHP,TX
7443,40220TX0080020,40220,HMO,Silver,QHP,TX
7444,40220TX0080021,40220,HMO,Gold,QHP,TX
7445,40220TX0080022,40220,HMO,Gold,QHP,TX
7446,40220TX0080023,40220,HMO,Gold,QHP,TX
7447,40220TX0080024,40220,HMO,Gold,QHP,TX
7448,29418TX0140105,29418,EPO,Gold,QHP,TX
7449,29418TX0140108,29418,EPO,Silver,QHP,TX
7450,29418TX0140109,29418,EPO,Gold,QHP,TX
7451,29418TX0160106,29418,EPO,Silver,QHP,TX
7452,29418TX0160108,29418,EPO,Gold,QHP,TX
7453,20069TX0100050,20069,EPO,Bronze Expanded,QHP,TX
7454,20069TX0100051,20069,EPO,Bronze,QHP,TX
7455,20069TX0100052,20069,EPO,Silver,QHP,TX
7456,20069TX0100053,20069,EPO,Gold,QHP,TX
7457,20069TX0200050,20069,EPO,Bronze Expanded,QHP,TX
7458,20069TX0200051,20069,EPO,Bronze,QHP,TX
7459,20069TX0200052,20069,EPO,Silver,QHP,TX
7460,20069TX0200053,20069,EPO,Gold,QHP,TX
7461,66252TX0010010,66252,HMO,Catastrophic,QHP,TX
7462,66252TX0010011,66252,HMO,Catastrophic,QHP,TX
7463,66252TX0010012,66252,HMO,Catastrophic,QHP,TX
7464,66252TX0010013,66252,HMO,Catastrophic,QHP,TX
7465,66252TX0030010,66252,HMO,Bronze Expanded,QHP,TX
7466,66252TX0030011,66252,HMO,Bronze Expanded,QHP,TX
7467,66252TX0030012,66252,HMO,Bronze Expanded,QHP,TX
7468,66252TX0030013,66252,HMO,Bronze Expanded,QHP,TX
7469,66252TX0040010,66252,HMO,Silver,QHP,TX
7470,66252TX0040011,66252,HMO,Silver,QHP,TX
7471,66252TX0040012,66252,HMO,Silver,QHP,TX
7472,66252TX0040013,66252,HMO,Silver,QHP,TX
7473,66252TX0050010,66252,HMO,Silver,QHP,TX
7474,66252TX0050011,66252,HMO,Silver,QHP,TX
7475,66252TX0050012,66252,HMO,Silver,QHP,TX
7476,66252TX0050013,66252,HMO,Silver,QHP,TX
7477,66252TX0070010,66252,HMO,Gold,QHP,TX
7478,66252TX0070011,66252,HMO,Gold,QHP,TX
7479,66252TX0070012,66252,HMO,Gold,QHP,TX
7480,66252TX0070013,66252,HMO,Gold,QHP,TX
7481,66252TX0080010,66252,HMO,Bronze Expanded,QHP,TX
7482,66252TX0080011,66252,HMO,Bronze Expanded,QHP,TX
7483,66252TX0080012,66252,HMO,Bronze Expanded,QHP,TX
7484,66252TX0080013,66252,HMO,Bronze Expanded,QHP,TX
7485,66252TX0130010,66252,HMO,Gold,QHP,TX
7486,66252TX0130011,66252,HMO,Gold,QHP,TX
7487,66252TX0130012,66252,HMO,Gold,QHP,TX
7488,66252TX0130013,66252,HMO,Gold,QHP,TX
7489,66252TX0140010,66252,HMO,Bronze Expanded,QHP,TX
7490,66252TX0140011,66252,HMO,Bronze Expanded,QHP,TX
7491,66252TX0140012,66252,HMO,Bronze Expanded,QHP,TX
7492,66252TX0140013,66252,HMO,Bronze Expanded,QHP,TX
7493,66252TX0150010,66252,HMO,Silver,QHP,TX
7494,66252TX0150011,66252,HMO,Silver,QHP,TX
7495,66252TX0150012,66252,HMO,Silver,QHP,TX
7496,66252TX0150013,66252,HMO,Silver,QHP,TX
7497,66252TX0160010,66252,HMO,Silver,QHP,TX
7498,66252TX0160011,66252,HMO,Silver,QHP,TX
7499,66252TX0160012,66252,HMO,Silver,QHP,TX
7500,66252TX0160013,66252,HMO,Silver,QHP,TX
7501,66252TX0200010,66252,HMO,Bronze Expanded,QHP,TX
7502,66252TX0200011,66252,HMO,Bronze Expanded,QHP,TX
7503,66252TX0200012,66252,HMO,Bronze Expanded,QHP,TX
7504,66252TX0200013,66252,HMO,Bronze Expanded,QHP,TX
7505,66252TX0270001,66252,HMO,Bronze,QHP,TX
7506,66252TX0270002,66252,HMO,Bronze,QHP,TX
7507,66252TX0270003,66252,HMO,Bronze,QHP,TX
7508,66252TX0270006,66252,HMO,Bronze,QHP,TX
7509,66252TX0270007,66252,HMO,Bronze,QHP,TX
7510,66252TX0270009,66252,HMO,Bronze,QHP,TX
7511,66252TX0270010,66252,HMO,Bronze,QHP,TX
7512,66252TX0270011,66252,HMO,Bronze,QHP,TX
7513,66252TX0270012,66252,HMO,Bronze,QHP,TX
7514,66252TX0270013,66252,HMO,Bronze,QHP,TX
7515,66252TX0280001,66252,HMO,Silver,QHP,TX
7516,66252TX0280002,66252,HMO,Silver,QHP,TX
7517,66252TX0280003,66252,HMO,Silver,QHP,TX
7518,66252TX0280006,66252,HMO,Silver,QHP,TX
7519,66252TX0280007,66252,HMO,Silver,QHP,TX
7520,66252TX0280009,66252,HMO,Silver,QHP,TX
7521,66252TX0280010,66252,HMO,Silver,QHP,TX
7522,66252TX0280011,66252,HMO,Silver,QHP,TX
7523,66252TX0280012,66252,HMO,Silver,QHP,TX
7524,66252TX0280013,66252,HMO,Silver,QHP,TX
7525,66252TX0290001,66252,HMO,Gold,QHP,TX
7526,66252TX0290002,66252,HMO,Gold,QHP,TX
7527,66252TX0290003,66252,HMO,Gold,QHP,TX
7528,66252TX0290006,66252,HMO,Gold,QHP,TX
7529,66252TX0290007,66252,HMO,Gold,QHP,TX
7530,66252TX0290009,66252,HMO,Gold,QHP,TX
7531,66252TX0290010,66252,HMO,Gold,QHP,TX
7532,66252TX0290011,66252,HMO,Gold,QHP,TX
7533,66252TX0290012,66252,HMO,Gold,QHP,TX
7534,66252TX0290013,66252,HMO,Gold,QHP,TX
7535,17933TX0010008,17933,EPO,Silver,QHP,TX
7536,17933TX0010009,17933,EPO,Gold,QHP,TX
7537,17933TX0010010,17933,EPO,Bronze,QHP,TX
7538,98312TX0040137,98312,HMO,Silver,QHP,TX
7539,98312TX0040138,98312,HMO,Silver,QHP,TX
7540,98312TX0040139,98312,HMO,Silver,QHP,TX
7541,98312TX0040140,98312,HMO,Silver,QHP,TX
7542,98312TX0040141,98312,HMO,Silver,QHP,TX
7543,98312TX0040142,98312,HMO,Silver,QHP,TX
7544,98312TX0040147,98312,HMO,Silver,QHP,TX
7545,98312TX0040148,98312,HMO,Silver,QHP,TX
7546,98312TX0040149,98312,HMO,Silver,QHP,TX
7547,98312TX0040150,98312,HMO,Silver,QHP,TX
7548,98312TX0040151,98312,HMO,Silver,QHP,TX
7549,98312TX0040152,98312,HMO,Silver,QHP,TX
7550,98312TX0040157,98312,HMO,Silver,QHP,TX
7551,98312TX0040158,98312,HMO,Silver,QHP,TX
7552,98312TX0040159,98312,HMO,Silver,QHP,TX
7553,98312TX0040160,98312,HMO,Silver,QHP,TX
7554,98312TX0040161,98312,HMO,Silver,QHP,TX
7555,98312TX0040162,98312,HMO,Silver,QHP,TX
7556,98312TX0040163,98312,HMO,Silver,QHP,TX
7557,98312TX0040164,98312,HMO,Silver,QHP,TX
7558,98312TX0040165,98312,HMO,Silver,QHP,TX
7559,98312TX0040166,98312,HMO,Silver,QHP,TX
7560,98312TX0040167,98312,HMO,Silver,QHP,TX
7561,98312TX0040168,98312,HMO,Silver,QHP,TX
7562,98312TX0040169,98312,HMO,Silver,QHP,TX
7563,98312TX0040170,98312,HMO,Silver,QHP,TX
7564,98312TX0040171,98312,HMO,Silver,QHP,TX
7565,98312TX0040172,98312,HMO,Silver,QHP,TX
7566,98312TX0040173,98312,HMO,Silver,QHP,TX
7567,98312TX0040174,98312,HMO,Silver,QHP,TX
7568,98312TX0070001,98312,HMO,Bronze Expanded,QHP,TX
7569,98312TX0070002,98312,HMO,Silver,QHP,TX
7570,98312TX0070003,98312,HMO,Silver,QHP,TX
7571,98312TX0070004,98312,HMO,Silver,QHP,TX
7572,98312TX0070005,98312,HMO,Silver,QHP,TX
7573,98312TX0070006,98312,HMO,Gold,QHP,TX
7574,98312TX0070007,98312,HMO,Bronze Expanded,QHP,TX
7575,98312TX0070008,98312,HMO,Silver,QHP,TX
7576,98312TX0070009,98312,HMO,Silver,QHP,TX
7577,98312TX0070010,98312,HMO,Silver,QHP,TX
7578,98312TX0070011,98312,HMO,Silver,QHP,TX
7579,98312TX0070012,98312,HMO,Gold,QHP,TX
7580,98312TX0070013,98312,HMO,Gold,QHP,TX
7581,98312TX0070014,98312,HMO,Bronze Expanded,QHP,TX
7582,98312TX0070015,98312,HMO,Silver,QHP,TX
7583,98312TX0070016,98312,HMO,Silver,QHP,TX
7584,57125TX0090001,57125,EPO,Bronze Expanded,QHP,TX
7585,57125TX0090002,57125,EPO,Bronze Expanded,QHP,TX
7586,57125TX0090004,57125,EPO,Bronze Expanded,QHP,TX
7587,57125TX0090005,57125,EPO,Silver,QHP,TX
7588,57125TX0090006,57125,EPO,Silver,QHP,TX
7589,57125TX0090007,57125,EPO,Silver,QHP,TX
7590,57125TX0090008,57125,EPO,Bronze Expanded,QHP,TX
7591,57125TX0090009,57125,EPO,Silver,QHP,TX
7592,57125TX0090010,57125,EPO,Gold,QHP,TX
7593,76589TX0010015,76589,HMO,Bronze Expanded,QHP,TX
7594,76589TX0010016,76589,HMO,Bronze Expanded,QHP,TX
7595,76589TX0010018,76589,HMO,Bronze Expanded,QHP,TX
7596,76589TX0010019,76589,HMO,Silver,QHP,TX
7597,76589TX0010020,76589,HMO,Silver,QHP,TX
7598,76589TX0010021,76589,HMO,Silver,QHP,TX
7599,76589TX0010022,76589,HMO,Silver,QHP,TX
7600,76589TX0010023,76589,HMO,Silver,QHP,TX
7601,76589TX0010024,76589,HMO,Silver,QHP,TX
7602,76589TX0010025,76589,HMO,Gold,QHP,TX
7603,76589TX0010026,76589,HMO,Gold,QHP,TX
7604,76589TX0010028,76589,HMO,Silver,QHP,TX
7605,76589TX0010029,76589,HMO,Bronze Expanded,QHP,TX
7606,76589TX0010030,76589,HMO,Silver,QHP,TX
7607,76589TX0010031,76589,HMO,Gold,QHP,TX
7608,76589TX0010032,76589,HMO,Bronze Expanded,QHP,TX
7609,76589TX0010033,76589,HMO,Bronze,QHP,TX
7610,76589TX0010034,76589,HMO,Bronze,QHP,TX
7611,45786TX0020010,45786,HMO,Gold,QHP,TX
7612,45786TX0020011,45786,HMO,Silver,QHP,TX
7613,54837TX0030010,54837,EPO,Bronze,QHP,TX
7614,54837TX0030011,54837,EPO,Bronze Expanded,QHP,TX
7615,54837TX0030012,54837,EPO,Bronze Expanded,QHP,TX
7616,54837TX0030013,54837,EPO,Silver,QHP,TX
7617,54837TX0030014,54837,EPO,Silver,QHP,TX
7618,54837TX0030015,54837,EPO,Silver,QHP,TX
7619,54837TX0030016,54837,EPO,Silver,QHP,TX
7620,54837TX0030017,54837,EPO,Gold,QHP,TX
7621,54837TX0030018,54837,EPO,Gold,QHP,TX
7622,54837TX0030023,54837,EPO,Bronze,QHP,TX
7623,54837TX0030024,54837,EPO,Bronze Expanded,QHP,TX
7624,54837TX0030025,54837,EPO,Silver,QHP,TX
7625,54837TX0030026,54837,EPO,Gold,QHP,TX
7626,58840TX0110021,58840,HMO,Bronze Expanded,QHP,TX
7627,58840TX0110022,58840,HMO,Bronze Expanded,QHP,TX
7628,58840TX0110023,58840,HMO,Bronze Expanded,QHP,TX
7629,58840TX0110024,58840,HMO,Bronze Expanded,QHP,TX
7630,58840TX0110025,58840,HMO,Bronze Expanded,QHP,TX
7631,58840TX0110026,58840,HMO,Bronze Expanded,QHP,TX
7632,58840TX0110027,58840,HMO,Bronze Expanded,QHP,TX
7633,58840TX0110028,58840,HMO,Bronze Expanded,QHP,TX
7634,58840TX0110029,58840,HMO,Bronze Expanded,QHP,TX
7635,58840TX0110030,58840,HMO,Bronze Expanded,QHP,TX
7636,58840TX0110031,58840,HMO,Gold,QHP,TX
7637,58840TX0110032,58840,HMO,Gold,QHP,TX
7638,58840TX0110033,58840,HMO,Gold,QHP,TX
7639,58840TX0110034,58840,HMO,Gold,QHP,TX
7640,58840TX0110035,58840,HMO,Gold,QHP,TX
7641,58840TX0110036,58840,HMO,Gold,QHP,TX
7642,58840TX0110037,58840,HMO,Gold,QHP,TX
7643,58840TX0110038,58840,HMO,Gold,QHP,TX
7644,58840TX0110039,58840,HMO,Silver,QHP,TX
7645,58840TX0110040,58840,HMO,Silver,QHP,TX
7646,58840TX0110041,58840,HMO,Silver,QHP,TX
7647,58840TX0110042,58840,HMO,Silver,QHP,TX
7648,58840TX0110043,58840,HMO,Silver,QHP,TX
7649,58840TX0110044,58840,HMO,Silver,QHP,TX
7650,58840TX0110045,58840,HMO,Silver,QHP,TX
7651,58840TX0110046,58840,HMO,Silver,QHP,TX
7652,58840TX0110047,58840,HMO,Silver,QHP,TX
7653,58840TX0110048,58840,HMO,Silver,QHP,TX
7654,58840TX0110049,58840,HMO,Silver,QHP,TX
7655,58840TX0110050,58840,HMO,Silver,QHP,TX
7656,58840TX0110051,58840,HMO,Silver,QHP,TX
7657,58840TX0110052,58840,HMO,Silver,QHP,TX
7658,58840TX0110053,58840,HMO,Silver,QHP,TX
7659,58840TX0110054,58840,HMO,Silver,QHP,TX
7660,58840TX0110055,58840,HMO,Silver,QHP,TX
7661,58840TX0110056,58840,HMO,Silver,QHP,TX
7662,58840TX0110057,58840,HMO,Silver,QHP,TX
7663,58840TX0110058,58840,HMO,Silver,QHP,TX
7664,58840TX0110059,58840,HMO,Silver,QHP,TX
7665,58840TX0110060,58840,HMO,Silver,QHP,TX
7666,27248TX0010016,27248,HMO,Bronze Expanded,QHP,TX
7667,27248TX0010017,27248,HMO,Bronze,QHP,TX
7668,27248TX0010018,27248,HMO,Bronze Expanded,QHP,TX
7669,27248TX0010019,27248,HMO,Silver,QHP,TX
7670,27248TX0010020,27248,HMO,Silver,QHP,TX
7671,27248TX0010021,27248,HMO,Gold,QHP,TX
7672,27248TX0010022,27248,HMO,Gold,QHP,TX
7673,87226TX0050005,87226,HMO,Silver,QHP,TX
7674,87226TX0050006,87226,HMO,Gold,QHP,TX
7675,87226TX0060011,87226,HMO,Silver,QHP,TX
7676,87226TX0060012,87226,HMO,Gold,QHP,TX
7677,87226TX0070011,87226,HMO,Silver,QHP,TX
7678,87226TX0070012,87226,HMO,Gold,QHP,TX
7679,87226TX0080011,87226,HMO,Silver,QHP,TX
7680,87226TX0080012,87226,HMO,Gold,QHP,TX
7681,87226TX0100011,87226,HMO,Silver,QHP,TX
7682,87226TX0100012,87226,HMO,Gold,QHP,TX
7683,34826TX0020001,34826,HMO,Bronze,QHP,TX
7684,34826TX0020002,34826,HMO,Silver,QHP,TX
7685,34826TX0020003,34826,HMO,Gold,QHP,TX
7686,34826TX0030001,34826,HMO,Bronze,QHP,TX
7687,34826TX0030002,34826,HMO,Silver,QHP,TX
7688,34826TX0030003,34826,HMO,Gold,QHP,TX
7689,33602TX0460730,33602,HMO,Bronze Expanded,QHP,TX
7690,33602TX0460732,33602,HMO,Bronze Expanded,QHP,TX
7691,33602TX0460733,33602,HMO,Bronze Expanded,QHP,TX
7692,33602TX0460734,33602,HMO,Bronze Expanded,QHP,TX
7693,33602TX0460735,33602,HMO,Bronze Expanded,QHP,TX
7694,33602TX0460736,33602,HMO,Bronze Expanded,QHP,TX
7695,33602TX0460737,33602,HMO,Bronze Expanded,QHP,TX
7696,33602TX0460738,33602,HMO,Bronze Expanded,QHP,TX
7697,33602TX0460739,33602,HMO,Bronze Expanded,QHP,TX
7698,33602TX0460740,33602,HMO,Bronze Expanded,QHP,TX
7699,33602TX0460741,33602,HMO,Bronze Expanded,QHP,TX
7700,33602TX0460742,33602,HMO,Bronze Expanded,QHP,TX
7701,33602TX0460743,33602,HMO,Bronze Expanded,QHP,TX
7702,33602TX0460744,33602,HMO,Bronze Expanded,QHP,TX
7703,33602TX0460745,33602,HMO,Bronze Expanded,QHP,TX
7704,33602TX0460746,33602,HMO,Bronze Expanded,QHP,TX
7705,33602TX0460748,33602,HMO,Bronze Expanded,QHP,TX
7706,33602TX0460749,33602,HMO,Bronze Expanded,QHP,TX
7707,33602TX0460750,33602,HMO,Bronze Expanded,QHP,TX
7708,33602TX0460751,33602,HMO,Bronze Expanded,QHP,TX
7709,33602TX0460752,33602,HMO,Bronze Expanded,QHP,TX
7710,33602TX0460753,33602,HMO,Bronze Expanded,QHP,TX
7711,33602TX0460754,33602,HMO,Bronze Expanded,QHP,TX
7712,33602TX0460755,33602,HMO,Bronze Expanded,QHP,TX
7713,33602TX0460861,33602,HMO,Bronze Expanded,QHP,TX
7714,33602TX0460863,33602,HMO,Gold,QHP,TX
7715,33602TX0460865,33602,HMO,Gold,QHP,TX
7716,33602TX0460867,33602,HMO,Silver,QHP,TX
7717,33602TX0460869,33602,HMO,Bronze Expanded,QHP,TX
7718,33602TX0460870,33602,HMO,Bronze Expanded,QHP,TX
7719,33602TX0460871,33602,HMO,Bronze,QHP,TX
7720,33602TX0460872,33602,HMO,Catastrophic,QHP,TX
7721,33602TX0460899,33602,HMO,Bronze Expanded,QHP,TX
7722,33602TX0460900,33602,HMO,Bronze Expanded,QHP,TX
7723,33602TX0460901,33602,HMO,Bronze Expanded,QHP,TX
7724,33602TX0460902,33602,HMO,Bronze Expanded,QHP,TX
7725,33602TX0460903,33602,HMO,Bronze Expanded,QHP,TX
7726,33602TX0460904,33602,HMO,Bronze Expanded,QHP,TX
7727,33602TX0460905,33602,HMO,Bronze Expanded,QHP,TX
7728,33602TX0460906,33602,HMO,Bronze Expanded,QHP,TX
7729,33602TX0460907,33602,HMO,Bronze Expanded,QHP,TX
7730,33602TX0460908,33602,HMO,Bronze Expanded,QHP,TX
7731,33602TX0460909,33602,HMO,Bronze Expanded,QHP,TX
7732,33602TX0460910,33602,HMO,Bronze Expanded,QHP,TX
7733,33602TX0460911,33602,HMO,Bronze Expanded,QHP,TX
7734,33602TX0460912,33602,HMO,Bronze Expanded,QHP,TX
7735,33602TX0460913,33602,HMO,Bronze Expanded,QHP,TX
7736,33602TX0460914,33602,HMO,Bronze Expanded,QHP,TX
7737,33602TX0460915,33602,HMO,Bronze Expanded,QHP,TX
7738,33602TX0460916,33602,HMO,Bronze Expanded,QHP,TX
7739,33602TX0460917,33602,HMO,Bronze Expanded,QHP,TX
7740,33602TX0460918,33602,HMO,Bronze Expanded,QHP,TX
7741,33602TX0460919,33602,HMO,Bronze Expanded,QHP,TX
7742,33602TX0460920,33602,HMO,Bronze Expanded,QHP,TX
7743,33602TX0460921,33602,HMO,Bronze Expanded,QHP,TX
7744,33602TX0460922,33602,HMO,Bronze Expanded,QHP,TX
7745,33602TX0460923,33602,HMO,Bronze Expanded,QHP,TX
7746,33602TX0460924,33602,HMO,Bronze Expanded,QHP,TX
7747,33602TX0460925,33602,HMO,Gold,QHP,TX
7748,33602TX0460926,33602,HMO,Silver,QHP,TX
7749,33602TX0460927,33602,HMO,Bronze,QHP,TX
7750,33602TX0460928,33602,HMO,Gold,QHP,TX
7751,33602TX0460929,33602,HMO,Gold,QHP,TX
7752,33602TX0460930,33602,HMO,Gold,QHP,TX
7753,33602TX0460931,33602,HMO,Gold,QHP,TX
7754,33602TX0460932,33602,HMO,Gold,QHP,TX
7755,33602TX0460933,33602,HMO,Gold,QHP,TX
7756,33602TX0460934,33602,HMO,Gold,QHP,TX
7757,33602TX0460935,33602,HMO,Gold,QHP,TX
7758,33602TX0460936,33602,HMO,Gold,QHP,TX
7759,33602TX0460937,33602,HMO,Gold,QHP,TX
7760,33602TX0460938,33602,HMO,Gold,QHP,TX
7761,33602TX0460939,33602,HMO,Gold,QHP,TX
7762,33602TX0460940,33602,HMO,Gold,QHP,TX
7763,33602TX0460941,33602,HMO,Gold,QHP,TX
7764,33602TX0460942,33602,HMO,Gold,QHP,TX
7765,33602TX0460943,33602,HMO,Gold,QHP,TX
7766,33602TX0460944,33602,HMO,Gold,QHP,TX
7767,33602TX0460945,33602,HMO,Gold,QHP,TX
7768,33602TX0460946,33602,HMO,Gold,QHP,TX
7769,33602TX0460947,33602,HMO,Gold,QHP,TX
7770,33602TX0460948,33602,HMO,Gold,QHP,TX
7771,33602TX0460949,33602,HMO,Gold,QHP,TX
7772,33602TX0460950,33602,HMO,Gold,QHP,TX
7773,33602TX0460951,33602,HMO,Gold,QHP,TX
7774,33602TX0460952,33602,HMO,Gold,QHP,TX
7775,33602TX0460953,33602,HMO,Gold,QHP,TX
7776,33602TX0460954,33602,HMO,Silver,QHP,TX
7777,33602TX0460955,33602,HMO,Silver,QHP,TX
7778,33602TX0460956,33602,HMO,Silver,QHP,TX
7779,33602TX0460957,33602,HMO,Silver,QHP,TX
7780,33602TX0460958,33602,HMO,Silver,QHP,TX
7781,33602TX0460959,33602,HMO,Silver,QHP,TX
7782,33602TX0460960,33602,HMO,Silver,QHP,TX
7783,33602TX0460961,33602,HMO,Silver,QHP,TX
7784,33602TX0460962,33602,HMO,Silver,QHP,TX
7785,33602TX0460963,33602,HMO,Silver,QHP,TX
7786,33602TX0460964,33602,HMO,Silver,QHP,TX
7787,33602TX0460965,33602,HMO,Silver,QHP,TX
7788,33602TX0460966,33602,HMO,Silver,QHP,TX
7789,33602TX0460967,33602,HMO,Silver,QHP,TX
7790,33602TX0460968,33602,HMO,Silver,QHP,TX
7791,33602TX0460969,33602,HMO,Silver,QHP,TX
7792,33602TX0460970,33602,HMO,Silver,QHP,TX
7793,33602TX0460971,33602,HMO,Silver,QHP,TX
7794,33602TX0460972,33602,HMO,Silver,QHP,TX
7795,33602TX0460973,33602,HMO,Silver,QHP,TX
7796,33602TX0460974,33602,HMO,Silver,QHP,TX
7797,33602TX0460975,33602,HMO,Silver,QHP,TX
7798,33602TX0460976,33602,HMO,Silver,QHP,TX
7799,33602TX0460977,33602,HMO,Silver,QHP,TX
7800,33602TX0460978,33602,HMO,Silver,QHP,TX
7801,33602TX0460979,33602,HMO,Silver,QHP,TX
7802,33602TX0460980,33602,HMO,Bronze,QHP,TX
7803,33602TX0460981,33602,HMO,Bronze,QHP,TX
7804,33602TX0460982,33602,HMO,Bronze,QHP,TX
7805,33602TX0460983,33602,HMO,Bronze,QHP,TX
7806,33602TX0460984,33602,HMO,Bronze,QHP,TX
7807,33602TX0460985,33602,HMO,Bronze,QHP,TX
7808,33602TX0460986,33602,HMO,Bronze,QHP,TX
7809,33602TX0460987,33602,HMO,Bronze,QHP,TX
7810,33602TX0460988,33602,HMO,Bronze,QHP,TX
7811,33602TX0460989,33602,HMO,Bronze,QHP,TX
7812,33602TX0460990,33602,HMO,Bronze,QHP,TX
7813,33602TX0460991,33602,HMO,Bronze,QHP,TX
7814,33602TX0460992,33602,HMO,Bronze,QHP,TX
7815,33602TX0460993,33602,HMO,Bronze,QHP,TX
7816,33602TX0460994,33602,HMO,Bronze,QHP,TX
7817,33602TX0460995,33602,HMO,Bronze,QHP,TX
7818,33602TX0460996,33602,HMO,Bronze,QHP,TX
7819,33602TX0460997,33602,HMO,Bronze,QHP,TX
7820,33602TX0460998,33602,HMO,Bronze,QHP,TX
7821,33602TX0460999,33602,HMO,Bronze,QHP,TX
7822,33602TX0461000,33602,HMO,Bronze,QHP,TX
7823,33602TX0461001,33602,HMO,Bronze,QHP,TX
7824,33602TX0461002,33602,HMO,Bronze,QHP,TX
7825,33602TX0461003,33602,HMO,Bronze,QHP,TX
7826,33602TX0461004,33602,HMO,Bronze,QHP,TX
7827,33602TX0461005,33602,HMO,Bronze,QHP,TX
7828,33602TX0461033,33602,HMO,Bronze Expanded,QHP,TX
7829,33602TX0461034,33602,HMO,Bronze Expanded,QHP,TX
7830,33602TX0461035,33602,HMO,Bronze Expanded,QHP,TX
7831,33602TX0461036,33602,HMO,Bronze Expanded,QHP,TX
7832,33602TX0461037,33602,HMO,Bronze Expanded,QHP,TX
7833,33602TX0461038,33602,HMO,Bronze Expanded,QHP,TX
7834,33602TX0461039,33602,HMO,Bronze Expanded,QHP,TX
7835,33602TX0461040,33602,HMO,Bronze Expanded,QHP,TX
7836,33602TX0461041,33602,HMO,Bronze Expanded,QHP,TX
7837,33602TX0461042,33602,HMO,Bronze Expanded,QHP,TX
7838,33602TX0461043,33602,HMO,Bronze Expanded,QHP,TX
7839,33602TX0461044,33602,HMO,Bronze Expanded,QHP,TX
7840,33602TX0461045,33602,HMO,Bronze Expanded,QHP,TX
7841,33602TX0461046,33602,HMO,Bronze Expanded,QHP,TX
7842,33602TX0461047,33602,HMO,Bronze Expanded,QHP,TX
7843,33602TX0461048,33602,HMO,Bronze Expanded,QHP,TX
7844,33602TX0461049,33602,HMO,Bronze Expanded,QHP,TX
7845,33602TX0461050,33602,HMO,Bronze Expanded,QHP,TX
7846,33602TX0461051,33602,HMO,Bronze Expanded,QHP,TX
7847,33602TX0461052,33602,HMO,Bronze Expanded,QHP,TX
7848,33602TX0461053,33602,HMO,Bronze Expanded,QHP,TX
7849,33602TX0461054,33602,HMO,Bronze Expanded,QHP,TX
7850,33602TX0461055,33602,HMO,Bronze Expanded,QHP,TX
7851,33602TX0461056,33602,HMO,Bronze Expanded,QHP,TX
7852,33602TX0461057,33602,HMO,Bronze Expanded,QHP,TX
7853,33602TX0461058,33602,HMO,Bronze Expanded,QHP,TX
7854,33602TX0461059,33602,HMO,Bronze Expanded,QHP,TX
7855,33602TX0461060,33602,HMO,Bronze Expanded,QHP,TX
7856,33602TX0461061,33602,HMO,Gold,QHP,TX
7857,33602TX0461062,33602,HMO,Gold,QHP,TX
7858,33602TX0461065,33602,HMO,Gold,QHP,TX
7859,33602TX0461066,33602,HMO,Gold,QHP,TX
7860,33602TX0461069,33602,HMO,Silver,QHP,TX
7861,33602TX0461070,33602,HMO,Silver,QHP,TX
7862,33602TX0461073,33602,HMO,Bronze Expanded,QHP,TX
7863,33602TX0461074,33602,HMO,Bronze Expanded,QHP,TX
7864,33602TX0461075,33602,HMO,Bronze,QHP,TX
7865,33602TX0461076,33602,HMO,Bronze,QHP,TX
7866,33602TX0461077,33602,HMO,Catastrophic,QHP,TX
7867,33602TX0461078,33602,HMO,Catastrophic,QHP,TX
7868,33602TX0461079,33602,HMO,Bronze Expanded,QHP,TX
7869,33602TX0770077,33602,HMO,Gold,QHP,TX
7870,33602TX0770078,33602,HMO,Gold,QHP,TX
7871,33602TX0770081,33602,HMO,Silver,QHP,TX
7872,33602TX0770082,33602,HMO,Silver,QHP,TX
7873,33602TX0770083,33602,HMO,Silver,QHP,TX
7874,33602TX0770084,33602,HMO,Silver,QHP,TX
7875,33602TX0770087,33602,HMO,Bronze Expanded,QHP,TX
7876,33602TX0770088,33602,HMO,Bronze Expanded,QHP,TX
7877,33602TX0770089,33602,HMO,Bronze,QHP,TX
7878,33602TX0770090,33602,HMO,Bronze,QHP,TX
7879,33602TX0770338,33602,HMO,Gold,QHP,TX
7880,33602TX0770340,33602,HMO,Silver,QHP,TX
7881,33602TX0770341,33602,HMO,Silver,QHP,TX
7882,33602TX0770343,33602,HMO,Bronze Expanded,QHP,TX
7883,33602TX0770344,33602,HMO,Bronze,QHP,TX
7884,33602TX0770346,33602,HMO,Gold,QHP,TX
7885,33602TX0770347,33602,HMO,Silver,QHP,TX
7886,33602TX0770348,33602,HMO,Bronze,QHP,TX
7887,33602TX0770349,33602,HMO,Gold,QHP,TX
7888,33602TX0770350,33602,HMO,Gold,QHP,TX
7889,33602TX0770351,33602,HMO,Gold,QHP,TX
7890,33602TX0770352,33602,HMO,Gold,QHP,TX
7891,33602TX0770353,33602,HMO,Gold,QHP,TX
7892,33602TX0770354,33602,HMO,Gold,QHP,TX
7893,33602TX0770355,33602,HMO,Gold,QHP,TX
7894,33602TX0770356,33602,HMO,Gold,QHP,TX
7895,33602TX0770357,33602,HMO,Gold,QHP,TX
7896,33602TX0770358,33602,HMO,Gold,QHP,TX
7897,33602TX0770359,33602,HMO,Gold,QHP,TX
7898,33602TX0770360,33602,HMO,Gold,QHP,TX
7899,33602TX0770361,33602,HMO,Gold,QHP,TX
7900,33602TX0770362,33602,HMO,Gold,QHP,TX
7901,33602TX0770363,33602,HMO,Gold,QHP,TX
7902,33602TX0770364,33602,HMO,Gold,QHP,TX
7903,33602TX0770365,33602,HMO,Gold,QHP,TX
7904,33602TX0770366,33602,HMO,Gold,QHP,TX
7905,33602TX0770367,33602,HMO,Gold,QHP,TX
7906,33602TX0770368,33602,HMO,Gold,QHP,TX
7907,33602TX0770369,33602,HMO,Gold,QHP,TX
7908,33602TX0770370,33602,HMO,Gold,QHP,TX
7909,33602TX0770371,33602,HMO,Gold,QHP,TX
7910,33602TX0770372,33602,HMO,Gold,QHP,TX
7911,33602TX0770373,33602,HMO,Gold,QHP,TX
7912,33602TX0770374,33602,HMO,Gold,QHP,TX
7913,33602TX0770375,33602,HMO,Silver,QHP,TX
7914,33602TX0770376,33602,HMO,Silver,QHP,TX
7915,33602TX0770377,33602,HMO,Silver,QHP,TX
7916,33602TX0770378,33602,HMO,Silver,QHP,TX
7917,33602TX0770379,33602,HMO,Silver,QHP,TX
7918,33602TX0770380,33602,HMO,Silver,QHP,TX
7919,33602TX0770381,33602,HMO,Silver,QHP,TX
7920,33602TX0770382,33602,HMO,Silver,QHP,TX
7921,33602TX0770383,33602,HMO,Silver,QHP,TX
7922,33602TX0770384,33602,HMO,Silver,QHP,TX
7923,33602TX0770385,33602,HMO,Silver,QHP,TX
7924,33602TX0770386,33602,HMO,Silver,QHP,TX
7925,33602TX0770387,33602,HMO,Silver,QHP,TX
7926,33602TX0770388,33602,HMO,Silver,QHP,TX
7927,33602TX0770389,33602,HMO,Silver,QHP,TX
7928,33602TX0770390,33602,HMO,Silver,QHP,TX
7929,33602TX0770391,33602,HMO,Silver,QHP,TX
7930,33602TX0770392,33602,HMO,Silver,QHP,TX
7931,33602TX0770393,33602,HMO,Silver,QHP,TX
7932,33602TX0770394,33602,HMO,Silver,QHP,TX
7933,33602TX0770395,33602,HMO,Silver,QHP,TX
7934,33602TX0770396,33602,HMO,Silver,QHP,TX
7935,33602TX0770397,33602,HMO,Silver,QHP,TX
7936,33602TX0770398,33602,HMO,Silver,QHP,TX
7937,33602TX0770399,33602,HMO,Silver,QHP,TX
7938,33602TX0770400,33602,HMO,Silver,QHP,TX
7939,33602TX0770401,33602,HMO,Bronze,QHP,TX
7940,33602TX0770402,33602,HMO,Bronze,QHP,TX
7941,33602TX0770403,33602,HMO,Bronze,QHP,TX
7942,33602TX0770404,33602,HMO,Bronze,QHP,TX
7943,33602TX0770405,33602,HMO,Bronze,QHP,TX
7944,33602TX0770406,33602,HMO,Bronze,QHP,TX
7945,33602TX0770407,33602,HMO,Bronze,QHP,TX
7946,33602TX0770408,33602,HMO,Bronze,QHP,TX
7947,33602TX0770409,33602,HMO,Bronze,QHP,TX
7948,33602TX0770410,33602,HMO,Bronze,QHP,TX
7949,33602TX0770411,33602,HMO,Bronze,QHP,TX
7950,33602TX0770412,33602,HMO,Bronze,QHP,TX
7951,33602TX0770413,33602,HMO,Bronze,QHP,TX
7952,33602TX0770414,33602,HMO,Bronze,QHP,TX
7953,33602TX0770415,33602,HMO,Bronze,QHP,TX
7954,33602TX0770416,33602,HMO,Bronze,QHP,TX
7955,33602TX0770417,33602,HMO,Bronze,QHP,TX
7956,33602TX0770418,33602,HMO,Bronze,QHP,TX
7957,33602TX0770419,33602,HMO,Bronze,QHP,TX
7958,33602TX0770420,33602,HMO,Bronze,QHP,TX
7959,33602TX0770421,33602,HMO,Bronze,QHP,TX
7960,33602TX0770422,33602,HMO,Bronze,QHP,TX
7961,33602TX0770423,33602,HMO,Bronze,QHP,TX
7962,33602TX0770424,33602,HMO,Bronze,QHP,TX
7963,33602TX0770425,33602,HMO,Bronze,QHP,TX
7964,33602TX0770426,33602,HMO,Bronze,QHP,TX
7965,33602TX0770427,33602,HMO,Bronze Expanded,QHP,TX
7966,33602TX0770428,33602,HMO,Bronze Expanded,QHP,TX
7967,33602TX0770429,33602,HMO,Bronze Expanded,QHP,TX
7968,33602TX0770430,33602,HMO,Bronze Expanded,QHP,TX
7969,33602TX0770431,33602,HMO,Bronze Expanded,QHP,TX
7970,33602TX0770432,33602,HMO,Bronze Expanded,QHP,TX
7971,33602TX0770433,33602,HMO,Bronze Expanded,QHP,TX
7972,33602TX0770434,33602,HMO,Bronze Expanded,QHP,TX
7973,33602TX0770435,33602,HMO,Bronze Expanded,QHP,TX
7974,33602TX0770436,33602,HMO,Bronze Expanded,QHP,TX
7975,33602TX0770437,33602,HMO,Bronze Expanded,QHP,TX
7976,33602TX0770438,33602,HMO,Bronze Expanded,QHP,TX
7977,33602TX0770439,33602,HMO,Bronze Expanded,QHP,TX
7978,33602TX0770440,33602,HMO,Bronze Expanded,QHP,TX
7979,33602TX0770441,33602,HMO,Bronze Expanded,QHP,TX
7980,33602TX0770442,33602,HMO,Bronze Expanded,QHP,TX
7981,33602TX0770443,33602,HMO,Bronze Expanded,QHP,TX
7982,33602TX0770444,33602,HMO,Bronze Expanded,QHP,TX
7983,33602TX0770445,33602,HMO,Bronze Expanded,QHP,TX
7984,33602TX0770446,33602,HMO,Bronze Expanded,QHP,TX
7985,33602TX0770447,33602,HMO,Bronze Expanded,QHP,TX
7986,33602TX0770448,33602,HMO,Bronze Expanded,QHP,TX
7987,33602TX0770449,33602,HMO,Bronze Expanded,QHP,TX
7988,33602TX0770450,33602,HMO,Bronze Expanded,QHP,TX
7989,33602TX0770451,33602,HMO,Bronze Expanded,QHP,TX
7990,33602TX0770452,33602,HMO,Bronze Expanded,QHP,TX
7991,33602TX0770453,33602,HMO,Bronze Expanded,QHP,TX
7992,33602TX0860051,33602,HMO,Bronze Expanded,QHP,TX
7993,33602TX0860052,33602,HMO,Gold,QHP,TX
7994,33602TX0860058,33602,HMO,Silver,QHP,TX
7995,33602TX0860059,33602,HMO,Bronze Expanded,QHP,TX
7996,33602TX0860060,33602,HMO,Bronze Expanded,QHP,TX
7997,33602TX0860061,33602,HMO,Bronze Expanded,QHP,TX
7998,33602TX0860062,33602,HMO,Gold,QHP,TX
7999,33602TX0860063,33602,HMO,Gold,QHP,TX
8000,33602TX0860064,33602,HMO,Gold,QHP,TX
8001,33602TX0860065,33602,HMO,Silver,QHP,TX
8002,33602TX0860066,33602,HMO,Silver,QHP,TX
8003,33602TX0860067,33602,HMO,Silver,QHP,TX
8004,18167UT0010008,18167,HMO,Gold,QHP,UT
8005,18167UT0010009,18167,HMO,Silver,QHP,UT
8006,22013UT2650006,22013,EPO,Bronze Expanded,QHP,UT
8007,22013UT2650007,22013,EPO,Bronze Expanded,QHP,UT
8008,22013UT2650008,22013,EPO,Bronze Expanded,QHP,UT
8009,22013UT2650009,22013,EPO,Bronze Expanded,QHP,UT
8010,22013UT2650010,22013,EPO,Gold,QHP,UT
8011,22013UT2650011,22013,EPO,Silver,QHP,UT
8012,22013UT2650012,22013,EPO,Bronze Expanded,QHP,UT
8013,34541UT0280005,34541,HMO,Gold,QHP,UT
8014,34541UT0280006,34541,HMO,Silver,QHP,UT
8015,34541UT0280007,34541,HMO,Bronze Expanded,QHP,UT
8016,34541UT0290001,34541,HMO,Bronze Expanded,QHP,UT
8017,42261UT0060018,42261,EPO,Bronze,QHP,UT
8018,42261UT0060019,42261,EPO,Gold,QHP,UT
8019,42261UT0060020,42261,EPO,Silver,QHP,UT
8020,42261UT0060021,42261,EPO,Bronze Expanded,QHP,UT
8021,42261UT0060022,42261,EPO,Gold,QHP,UT
8022,42261UT0060023,42261,EPO,Silver,QHP,UT
8023,42261UT0060024,42261,EPO,Bronze Expanded,QHP,UT
8024,42261UT0060025,42261,EPO,Gold,QHP,UT
8025,42261UT0060026,42261,EPO,Silver,QHP,UT
8026,42261UT0060027,42261,EPO,Bronze Expanded,QHP,UT
8027,42261UT0070003,42261,EPO,Bronze Expanded,QHP,UT
8028,68781UT0020052,68781,HMO,Silver,QHP,UT
8029,68781UT0020053,68781,HMO,Silver,QHP,UT
8030,68781UT0020054,68781,HMO,Silver,QHP,UT
8031,68781UT0200017,68781,HMO,Gold,QHP,UT
8032,68781UT0200018,68781,HMO,Silver,QHP,UT
8033,68781UT0200019,68781,HMO,Bronze Expanded,QHP,UT
8034,68781UT0200020,68781,HMO,Gold,QHP,UT
8035,68781UT0200021,68781,HMO,Silver,QHP,UT
8036,68781UT0200022,68781,HMO,Gold,QHP,UT
8037,68781UT0200023,68781,HMO,Silver,QHP,UT
8038,68781UT0200028,68781,HMO,Gold,QHP,UT
8039,68781UT0200029,68781,HMO,Gold,QHP,UT
8040,68781UT0200030,68781,HMO,Gold,QHP,UT
8041,68781UT0200034,68781,HMO,Platinum,QHP,UT
8042,68781UT0200035,68781,HMO,Platinum,QHP,UT
8043,68781UT0200036,68781,HMO,Platinum,QHP,UT
8044,68781UT0200037,68781,HMO,Platinum,QHP,UT
8045,68781UT0200038,68781,HMO,Platinum,QHP,UT
8046,68781UT0200039,68781,HMO,Platinum,QHP,UT
8047,81808UT0020013,81808,EPO,Bronze Expanded,QHP,UT
8048,81808UT0020015,81808,EPO,Silver,QHP,UT
8049,81808UT0020016,81808,EPO,Bronze Expanded,QHP,UT
8050,81808UT0020018,81808,EPO,Gold,QHP,UT
8051,81808UT0020019,81808,EPO,Bronze,QHP,UT
8052,81808UT0020020,81808,EPO,Bronze Expanded,QHP,UT
8053,20507VA1410066,20507,HMO,Gold,QHP,VA
8054,20507VA1410068,20507,HMO,Gold,QHP,VA
8055,20507VA1410069,20507,HMO,Silver,QHP,VA
8056,20507VA1410071,20507,HMO,Bronze,QHP,VA
8057,38234VA0170011,38234,EPO,Gold,QHP,VA
8058,38234VA0170012,38234,EPO,Gold,QHP,VA
8059,38234VA0170013,38234,EPO,Silver,QHP,VA
8060,38234VA0170014,38234,EPO,Silver,QHP,VA
8061,41921VA0020068,41921,EPO,Gold,QHP,VA
8062,41921VA0020069,41921,EPO,Gold,QHP,VA
8063,41921VA0020070,41921,EPO,Silver,QHP,VA
8064,41921VA0020071,41921,EPO,Bronze,QHP,VA
8065,41921VA0020072,41921,EPO,Bronze Expanded,QHP,VA
8066,41921VA0020073,41921,EPO,Bronze Expanded,QHP,VA
8067,41921VA0020074,41921,EPO,Bronze Expanded,QHP,VA
8068,41921VA0020075,41921,EPO,Gold,QHP,VA
8069,93187VA0070003,93187,HMO,Silver,QHP,VA
8070,93187VA0070004,93187,HMO,Silver,QHP,VA
8071,93187VA0070007,93187,HMO,Bronze Expanded,QHP,VA
8072,93187VA0070008,93187,HMO,Bronze Expanded,QHP,VA
8073,93187VA0070010,93187,HMO,Bronze Expanded,QHP,VA
8074,93187VA0070011,93187,HMO,Bronze Expanded,QHP,VA
8075,93187VA0070013,93187,HMO,Gold,QHP,VA
8076,93187VA0070014,93187,HMO,Gold,QHP,VA
8077,93187VA0070015,93187,HMO,Silver,QHP,VA
8078,93187VA0070016,93187,HMO,Silver,QHP,VA
8079,93187VA0070017,93187,HMO,Silver,QHP,VA
8080,93187VA0070018,93187,HMO,Silver,QHP,VA
8081,93187VA0070019,93187,HMO,Gold,QHP,VA
8082,93187VA0070020,93187,HMO,Gold,QHP,VA
8083,93187VA0070021,93187,HMO,Silver,QHP,VA
8084,93187VA0070022,93187,HMO,Bronze Expanded,QHP,VA
8085,93187VA0070024,93187,HMO,Bronze Expanded,QHP,VA
8086,93187VA0070026,93187,HMO,Silver,QHP,VA
8087,10207VA0380015,10207,HMO,Silver,QHP,VA
8088,10207VA0380017,10207,HMO,Gold,QHP,VA
8089,24251VA0060017,24251,HMO,Gold,QHP,VA
8090,24251VA0060018,24251,HMO,Gold,QHP,VA
8091,24251VA0060020,24251,HMO,Gold,QHP,VA
8092,24251VA0060023,24251,HMO,Silver,QHP,VA
8093,24251VA0060026,24251,HMO,Bronze Expanded,QHP,VA
8094,24251VA0060027,24251,HMO,Bronze Expanded,QHP,VA
8095,24251VA0060028,24251,HMO,Bronze,QHP,VA
8096,24251VA0060029,24251,HMO,Bronze Expanded,QHP,VA
8097,24251VA0060030,24251,HMO,Bronze,QHP,VA
8098,24251VA0060031,24251,HMO,Gold,QHP,VA
8099,24251VA0060033,24251,HMO,Silver,QHP,VA
8100,25922VA0010050,25922,EPO,Bronze Expanded,QHP,VA
8101,25922VA0010051,25922,EPO,Bronze,QHP,VA
8102,25922VA0010052,25922,EPO,Silver,QHP,VA
8103,25922VA0010053,25922,EPO,Gold,QHP,VA
8104,40308VA0240009,40308,PPO,Silver,QHP,VA
8105,40308VA0240011,40308,PPO,Gold,QHP,VA
8106,86443VA0080008,86443,HMO,Silver,QHP,VA
8107,86443VA0080009,86443,HMO,Silver,QHP,VA
8108,86443VA0080010,86443,HMO,Bronze Expanded,QHP,VA
8109,86443VA0080011,86443,HMO,Gold,QHP,VA
8110,86443VA0080012,86443,HMO,Silver,QHP,VA
8111,88380VA0720043,88380,HMO,Gold,QHP,VA
8112,88380VA0720044,88380,HMO,Bronze Expanded,QHP,VA
8113,88380VA0720045,88380,HMO,Bronze,QHP,VA
8114,88380VA0720046,88380,HMO,Silver,QHP,VA
8115,88380VA0720047,88380,HMO,Gold,QHP,VA
8116,95185VA0530021,95185,HMO,Platinum,QHP,VA
8117,95185VA0530022,95185,HMO,Gold,QHP,VA
8118,95185VA0530023,95185,HMO,Silver,QHP,VA
8119,95185VA0530024,95185,HMO,Bronze Expanded,QHP,VA
8120,58326WI0090021,58326,HMO,Gold,QHP,WI
8121,58326WI0090022,58326,HMO,Silver,QHP,WI
8122,58326WI0090023,58326,HMO,Bronze Expanded,QHP,WI
8123,58326WI0090024,58326,HMO,Bronze,QHP,WI
8124,94529WI0210024,94529,HMO,Silver,QHP,WI
8125,94529WI0210035,94529,HMO,Silver,QHP,WI
8126,94529WI0240072,94529,HMO,Platinum,QHP,WI
8127,94529WI0240073,94529,HMO,Gold,QHP,WI
8128,94529WI0240074,94529,HMO,Silver,QHP,WI
8129,94529WI0240075,94529,HMO,Bronze Expanded,QHP,WI
8130,94529WI0240076,94529,HMO,Bronze,QHP,WI
8131,94529WI0240077,94529,HMO,Platinum,QHP,WI
8132,94529WI0240078,94529,HMO,Gold,QHP,WI
8133,94529WI0240079,94529,HMO,Silver,QHP,WI
8134,94529WI0240080,94529,HMO,Bronze Expanded,QHP,WI
8135,94529WI0240081,94529,HMO,Bronze,QHP,WI
8136,14630WI0010011,14630,EPO,Silver,QHP,WI
8137,14630WI0010012,14630,EPO,Bronze,QHP,WI
8138,14630WI0010013,14630,EPO,Silver,QHP,WI
8139,14630WI0010014,14630,EPO,Gold,QHP,WI
8140,87416WI0030040,87416,EPO,Bronze,QHP,WI
8141,87416WI0030042,87416,EPO,Silver,QHP,WI
8142,87416WI0030043,87416,EPO,Gold,QHP,WI
8143,81413WI0480001,81413,HMO,Bronze,QHP,WI
8144,81413WI0480002,81413,HMO,Bronze Expanded,QHP,WI
8145,81413WI0480003,81413,HMO,Silver,QHP,WI
8146,81413WI0480004,81413,HMO,Gold,QHP,WI
8147,81413WI0490001,81413,HMO,Bronze,QHP,WI
8148,81413WI0490002,81413,HMO,Bronze Expanded,QHP,WI
8149,81413WI0490003,81413,HMO,Silver,QHP,WI
8150,81413WI0490004,81413,HMO,Gold,QHP,WI
8151,38166WI0180026,38166,EPO,Gold,QHP,WI
8152,38166WI0180027,38166,EPO,Silver,QHP,WI
8153,38166WI0180028,38166,EPO,Bronze Expanded,QHP,WI
8154,38166WI0270011,38166,EPO,Gold,QHP,WI
8155,38166WI0270012,38166,EPO,Silver,QHP,WI
8156,38166WI0270013,38166,EPO,Bronze Expanded,QHP,WI
8157,38166WI0280011,38166,HMO,Gold,QHP,WI
8158,38166WI0280012,38166,HMO,Silver,QHP,WI
8159,38166WI0280013,38166,HMO,Bronze Expanded,QHP,WI
8160,38166WI0310001,38166,HMO,Gold,QHP,WI
8161,38166WI0310002,38166,HMO,Gold,QHP,WI
8162,38166WI0310003,38166,HMO,Silver,QHP,WI
8163,38166WI0310004,38166,HMO,Silver,QHP,WI
8164,38166WI0310005,38166,HMO,Bronze Expanded,QHP,WI
8165,38166WI0310006,38166,HMO,Bronze Expanded,QHP,WI
8166,38166WI0310007,38166,HMO,Bronze,QHP,WI
8167,38166WI0310008,38166,HMO,Catastrophic,QHP,WI
8168,20173WI0130011,20173,PPO,Gold,QHP,WI
8169,20173WI0130012,20173,PPO,Silver,QHP,WI
8170,20173WI0130013,20173,PPO,Bronze Expanded,QHP,WI
8171,20173WI0130014,20173,PPO,Silver,QHP,WI
8172,20173WI0130033,20173,PPO,Silver,QHP,WI
8173,20173WI0130034,20173,PPO,Silver,QHP,WI
8174,20173WI0130035,20173,PPO,Bronze Expanded,QHP,WI
8175,20173WI0130036,20173,PPO,Bronze Expanded,QHP,WI
8176,20173WI0130037,20173,PPO,Silver,QHP,WI
8177,20173WI0130038,20173,PPO,Bronze Expanded,QHP,WI
8178,20173WI0130039,20173,PPO,Catastrophic,QHP,WI
8179,20173WI0130040,20173,PPO,Gold,QHP,WI
8180,20173WI0130041,20173,PPO,Silver,QHP,WI
8181,20173WI0130042,20173,PPO,Bronze Expanded,QHP,WI
8182,79475WI0340111,79475,HMO,Bronze Expanded,QHP,WI
8183,79475WI0340112,79475,HMO,Bronze Expanded,QHP,WI
8184,79475WI0340113,79475,HMO,Bronze Expanded,QHP,WI
8185,79475WI0340114,79475,HMO,Bronze Expanded,QHP,WI
8186,79475WI0340115,79475,HMO,Bronze,QHP,WI
8187,79475WI0340116,79475,HMO,Bronze Expanded,QHP,WI
8188,79475WI0340117,79475,HMO,Gold,QHP,WI
8189,79475WI0340118,79475,HMO,Silver,QHP,WI
8190,79475WI0340119,79475,HMO,Silver,QHP,WI
8191,79475WI0340120,79475,HMO,Silver,QHP,WI
8192,79475WI0340132,79475,HMO,Bronze Expanded,QHP,WI
8193,79475WI0340133,79475,HMO,Bronze Expanded,QHP,WI
8194,79475WI0340134,79475,HMO,Bronze Expanded,QHP,WI
8195,79475WI0340141,79475,HMO,Bronze Expanded,QHP,WI
8196,79475WI0340142,79475,HMO,Bronze Expanded,QHP,WI
8197,79475WI0340143,79475,HMO,Bronze Expanded,QHP,WI
8198,79475WI0340144,79475,HMO,Bronze Expanded,QHP,WI
8199,79475WI0340145,79475,HMO,Bronze Expanded,QHP,WI
8200,79475WI0340146,79475,HMO,Bronze Expanded,QHP,WI
8201,79475WI0340147,79475,HMO,Bronze,QHP,WI
8202,79475WI0340148,79475,HMO,Bronze,QHP,WI
8203,79475WI0340149,79475,HMO,Bronze,QHP,WI
8204,79475WI0340150,79475,HMO,Silver,QHP,WI
8205,79475WI0340151,79475,HMO,Silver,QHP,WI
8206,79475WI0340152,79475,HMO,Silver,QHP,WI
8207,79475WI0340153,79475,HMO,Silver,QHP,WI
8208,79475WI0340154,79475,HMO,Silver,QHP,WI
8209,79475WI0340155,79475,HMO,Silver,QHP,WI
8210,79475WI0340156,79475,HMO,Silver,QHP,WI
8211,79475WI0340157,79475,HMO,Silver,QHP,WI
8212,79475WI0340158,79475,HMO,Silver,QHP,WI
8213,79475WI0340159,79475,HMO,Gold,QHP,WI
8214,79475WI0340160,79475,HMO,Gold,QHP,WI
8215,79475WI0340161,79475,HMO,Gold,QHP,WI
8216,79475WI0340162,79475,HMO,Bronze Expanded,QHP,WI
8217,79475WI0340163,79475,HMO,Bronze Expanded,QHP,WI
8218,79475WI0340164,79475,HMO,Bronze Expanded,QHP,WI
8219,79475WI0340168,79475,HMO,Bronze,QHP,WI
8220,79475WI0340169,79475,HMO,Bronze Expanded,QHP,WI
8221,79475WI0340170,79475,HMO,Silver,QHP,WI
8222,79475WI0340171,79475,HMO,Gold,QHP,WI
8223,79475WI0340173,79475,HMO,Bronze,QHP,WI
8224,79475WI0340174,79475,HMO,Bronze Expanded,QHP,WI
8225,79475WI0340175,79475,HMO,Silver,QHP,WI
8226,79475WI0340176,79475,HMO,Gold,QHP,WI
8227,79475WI0340177,79475,HMO,Bronze,QHP,WI
8228,79475WI0340178,79475,HMO,Bronze Expanded,QHP,WI
8229,79475WI0340179,79475,HMO,Gold,QHP,WI
8230,79475WI0340180,79475,HMO,Silver,QHP,WI
8231,79475WI0340181,79475,HMO,Silver,QHP,WI
8232,79475WI0340182,79475,HMO,Bronze,QHP,WI
8233,79475WI0340183,79475,HMO,Gold,QHP,WI
8234,79475WI0340184,79475,HMO,Silver,QHP,WI
8235,79475WI0340185,79475,HMO,Bronze,QHP,WI
8236,79475WI0340186,79475,HMO,Gold,QHP,WI
8237,79475WI0340187,79475,HMO,Bronze Expanded,QHP,WI
8238,79475WI0340188,79475,HMO,Bronze Expanded,QHP,WI
8239,52697WI0010008,52697,HMO,Gold,QHP,WI
8240,52697WI0010009,52697,HMO,Silver,QHP,WI
8241,57845WI0040055,57845,EPO,Gold,QHP,WI
8242,57845WI0040057,57845,EPO,Silver,QHP,WI
8243,57845WI0040059,57845,EPO,Bronze,QHP,WI
8244,57845WI0050055,57845,EPO,Gold,QHP,WI
8245,57845WI0050057,57845,EPO,Silver,QHP,WI
8246,57845WI0050059,57845,EPO,Bronze,QHP,WI
8247,57845WI0060001,57845,EPO,Gold,QHP,WI
8248,57845WI0060005,57845,EPO,Bronze Expanded,QHP,WI
8249,57845WI0060011,57845,EPO,Bronze Expanded,QHP,WI
8250,57845WI0060013,57845,EPO,Catastrophic,QHP,WI
8251,57845WI0060027,57845,EPO,Silver,QHP,WI
8252,57845WI0060029,57845,EPO,Bronze Expanded,QHP,WI
8253,57845WI0060055,57845,EPO,Gold,QHP,WI
8254,57845WI0060057,57845,EPO,Silver,QHP,WI
8255,57845WI0060059,57845,EPO,Bronze,QHP,WI
8256,86584WI0010015,86584,HMO,Gold,QHP,WI
8257,86584WI0020005,86584,POS,Bronze Expanded,QHP,WI
8258,38345WI0010158,38345,HMO,Gold,QHP,WI
8259,38345WI0010159,38345,HMO,Bronze Expanded,QHP,WI
8260,38345WI0010160,38345,HMO,Silver,QHP,WI
8261,38345WI0010161,38345,HMO,Gold,QHP,WI
8262,38345WI0010162,38345,HMO,Gold,QHP,WI
8263,38345WI0010163,38345,HMO,Silver,QHP,WI
8264,38345WI0010164,38345,HMO,Bronze Expanded,QHP,WI
8265,38345WI0010165,38345,HMO,Bronze,QHP,WI
8266,38345WI0010166,38345,HMO,Gold,QHP,WI
8267,38345WI0010167,38345,HMO,Bronze Expanded,QHP,WI
8268,38345WI0010168,38345,HMO,Silver,QHP,WI
8269,38345WI0010169,38345,HMO,Gold,QHP,WI
8270,38345WI0010170,38345,HMO,Gold,QHP,WI
8271,38345WI0010171,38345,HMO,Silver,QHP,WI
8272,38345WI0010172,38345,HMO,Bronze Expanded,QHP,WI
8273,38345WI0010173,38345,HMO,Bronze,QHP,WI
8274,38345WI0010174,38345,HMO,Gold,QHP,WI
8275,38345WI0010175,38345,HMO,Bronze Expanded,QHP,WI
8276,38345WI0010176,38345,HMO,Silver,QHP,WI
8277,38345WI0010177,38345,HMO,Gold,QHP,WI
8278,38345WI0010178,38345,HMO,Gold,QHP,WI
8279,38345WI0010179,38345,HMO,Silver,QHP,WI
8280,38345WI0010180,38345,HMO,Bronze Expanded,QHP,WI
8281,38345WI0010181,38345,HMO,Bronze,QHP,WI
8282,38345WI0080050,38345,EPO,Gold,QHP,WI
8283,38345WI0080051,38345,EPO,Silver,QHP,WI
8284,38345WI0080052,38345,EPO,Gold,QHP,WI
8285,38345WI0080053,38345,EPO,Catastrophic,QHP,WI
8286,38345WI0080054,38345,EPO,Bronze Expanded,QHP,WI
8287,38345WI0080055,38345,EPO,Silver,QHP,WI
8288,38345WI0080056,38345,EPO,Gold,QHP,WI
8289,38345WI0080057,38345,EPO,Gold,QHP,WI
8290,38345WI0080058,38345,EPO,Silver,QHP,WI
8291,38345WI0080059,38345,EPO,Bronze Expanded,QHP,WI
8292,38345WI0080060,38345,EPO,Bronze,QHP,WI
8293,38345WI0080061,38345,EPO,Gold,QHP,WI
8294,38345WI0080062,38345,EPO,Silver,QHP,WI
8295,38345WI0080063,38345,EPO,Gold,QHP,WI
8296,38345WI0080064,38345,EPO,Catastrophic,QHP,WI
8297,38345WI0080065,38345,EPO,Bronze Expanded,QHP,WI
8298,38345WI0080066,38345,EPO,Silver,QHP,WI
8299,38345WI0080067,38345,EPO,Gold,QHP,WI
8300,38345WI0080068,38345,EPO,Gold,QHP,WI
8301,38345WI0080069,38345,EPO,Silver,QHP,WI
8302,38345WI0080070,38345,EPO,Bronze Expanded,QHP,WI
8303,38345WI0080071,38345,EPO,Bronze,QHP,WI
8304,38345WI0240011,38345,HMO,Gold,QHP,WI
8305,38345WI0240012,38345,HMO,Bronze Expanded,QHP,WI
8306,38345WI0240013,38345,HMO,Silver,QHP,WI
8307,38345WI0240014,38345,HMO,Gold,QHP,WI
8308,38345WI0240015,38345,HMO,Gold,QHP,WI
8309,38345WI0240016,38345,HMO,Silver,QHP,WI
8310,38345WI0240017,38345,HMO,Bronze Expanded,QHP,WI
8311,38345WI0240018,38345,HMO,Bronze,QHP,WI
8312,37833WI0380193,37833,HMO,Gold,QHP,WI
8313,37833WI0380194,37833,HMO,Gold,QHP,WI
8314,37833WI0380195,37833,HMO,Gold,QHP,WI
8315,37833WI0380196,37833,HMO,Gold,QHP,WI
8316,37833WI0380197,37833,HMO,Silver,QHP,WI
8317,37833WI0380198,37833,HMO,Silver,QHP,WI
8318,37833WI0380199,37833,HMO,Silver,QHP,WI
8319,37833WI0380200,37833,HMO,Silver,QHP,WI
8320,37833WI0380201,37833,HMO,Bronze Expanded,QHP,WI
8321,37833WI0380202,37833,HMO,Bronze Expanded,QHP,WI
8322,37833WI0380203,37833,HMO,Bronze Expanded,QHP,WI
8323,37833WI0380204,37833,HMO,Bronze Expanded,QHP,WI
8324,37833WI0380205,37833,HMO,Bronze Expanded,QHP,WI
8325,37833WI0380210,37833,HMO,Silver,QHP,WI
8326,37833WI0380211,37833,HMO,Silver,QHP,WI
8327,37833WI0380212,37833,HMO,Silver,QHP,WI
8328,37833WI0380213,37833,HMO,Bronze Expanded,QHP,WI
8329,37833WI0380214,37833,HMO,Bronze Expanded,QHP,WI
8330,37833WI0380215,37833,HMO,Bronze Expanded,QHP,WI
8331,37833WI0380216,37833,HMO,Bronze Expanded,QHP,WI
8332,37833WI0380217,37833,HMO,Bronze Expanded,QHP,WI
8333,37833WI0380240,37833,HMO,Gold,QHP,WI
8334,37833WI0380241,37833,HMO,Gold,QHP,WI
8335,37833WI0380242,37833,HMO,Gold,QHP,WI
8336,37833WI0380243,37833,HMO,Gold,QHP,WI
8337,37833WI0380244,37833,HMO,Silver,QHP,WI
8338,37833WI0380245,37833,HMO,Silver,QHP,WI
8339,37833WI0380246,37833,HMO,Silver,QHP,WI
8340,37833WI0380247,37833,HMO,Silver,QHP,WI
8341,37833WI0380248,37833,HMO,Bronze Expanded,QHP,WI
8342,37833WI0380249,37833,HMO,Bronze Expanded,QHP,WI
8343,37833WI0380250,37833,HMO,Bronze Expanded,QHP,WI
8344,37833WI0380251,37833,HMO,Bronze Expanded,QHP,WI
8345,37833WI0380252,37833,HMO,Bronze Expanded,QHP,WI
8346,37833WI0380258,37833,HMO,Gold,QHP,WI
8347,37833WI0380259,37833,HMO,Gold,QHP,WI
8348,37833WI0380260,37833,HMO,Gold,QHP,WI
8349,37833WI0380261,37833,HMO,Silver,QHP,WI
8350,37833WI0380263,37833,HMO,Gold,QHP,WI
8351,37833WI0510193,37833,HMO,Gold,QHP,WI
8352,37833WI0510194,37833,HMO,Gold,QHP,WI
8353,37833WI0510195,37833,HMO,Gold,QHP,WI
8354,37833WI0510196,37833,HMO,Gold,QHP,WI
8355,37833WI0510197,37833,HMO,Silver,QHP,WI
8356,37833WI0510198,37833,HMO,Silver,QHP,WI
8357,37833WI0510199,37833,HMO,Silver,QHP,WI
8358,37833WI0510200,37833,HMO,Silver,QHP,WI
8359,37833WI0510201,37833,HMO,Bronze Expanded,QHP,WI
8360,37833WI0510202,37833,HMO,Bronze Expanded,QHP,WI
8361,37833WI0510203,37833,HMO,Bronze Expanded,QHP,WI
8362,37833WI0510204,37833,HMO,Bronze Expanded,QHP,WI
8363,37833WI0510205,37833,HMO,Bronze Expanded,QHP,WI
8364,37833WI0510210,37833,HMO,Silver,QHP,WI
8365,37833WI0510211,37833,HMO,Silver,QHP,WI
8366,37833WI0510212,37833,HMO,Silver,QHP,WI
8367,37833WI0510213,37833,HMO,Bronze Expanded,QHP,WI
8368,37833WI0510214,37833,HMO,Bronze Expanded,QHP,WI
8369,37833WI0510215,37833,HMO,Bronze Expanded,QHP,WI
8370,37833WI0510216,37833,HMO,Bronze Expanded,QHP,WI
8371,37833WI0510217,37833,HMO,Bronze Expanded,QHP,WI
8372,37833WI0510240,37833,HMO,Gold,QHP,WI
8373,37833WI0510241,37833,HMO,Gold,QHP,WI
8374,37833WI0510242,37833,HMO,Gold,QHP,WI
8375,37833WI0510243,37833,HMO,Gold,QHP,WI
8376,37833WI0510244,37833,HMO,Silver,QHP,WI
8377,37833WI0510245,37833,HMO,Silver,QHP,WI
8378,37833WI0510246,37833,HMO,Silver,QHP,WI
8379,37833WI0510247,37833,HMO,Silver,QHP,WI
8380,37833WI0510248,37833,HMO,Bronze Expanded,QHP,WI
8381,37833WI0510249,37833,HMO,Bronze Expanded,QHP,WI
8382,37833WI0510250,37833,HMO,Bronze Expanded,QHP,WI
8383,37833WI0510251,37833,HMO,Bronze Expanded,QHP,WI
8384,37833WI0510252,37833,HMO,Bronze Expanded,QHP,WI
8385,37833WI0510258,37833,HMO,Gold,QHP,WI
8386,37833WI0510259,37833,HMO,Gold,QHP,WI
8387,37833WI0510260,37833,HMO,Gold,QHP,WI
8388,37833WI0510261,37833,HMO,Silver,QHP,WI
8389,37833WI0510263,37833,HMO,Gold,QHP,WI
8390,37833WI0540073,37833,HMO,Silver,QHP,WI
8391,37833WI0540077,37833,HMO,Silver,QHP,WI
8392,37833WI0540079,37833,HMO,Silver,QHP,WI
8393,37833WI0540080,37833,HMO,Silver,QHP,WI
8394,37833WI0620002,37833,HMO,Gold,QHP,WI
8395,37833WI0620003,37833,HMO,Gold,QHP,WI
8396,37833WI0620004,37833,HMO,Gold,QHP,WI
8397,37833WI0620005,37833,HMO,Gold,QHP,WI
8398,37833WI0620006,37833,HMO,Silver,QHP,WI
8399,37833WI0620007,37833,HMO,Silver,QHP,WI
8400,37833WI0620008,37833,HMO,Silver,QHP,WI
8401,37833WI0620009,37833,HMO,Silver,QHP,WI
8402,37833WI0620010,37833,HMO,Bronze Expanded,QHP,WI
8403,37833WI0620011,37833,HMO,Bronze Expanded,QHP,WI
8404,37833WI0620012,37833,HMO,Bronze Expanded,QHP,WI
8405,37833WI0620013,37833,HMO,Bronze Expanded,QHP,WI
8406,37833WI0620014,37833,HMO,Bronze Expanded,QHP,WI
8407,37833WI0620019,37833,HMO,Gold,QHP,WI
8408,37833WI0620020,37833,HMO,Silver,QHP,WI
8409,37833WI0620021,37833,HMO,Silver,QHP,WI
8410,37833WI0620022,37833,HMO,Bronze Expanded,QHP,WI
8411,37833WI0620025,37833,HMO,Silver,QHP,WI
8412,37833WI0620026,37833,HMO,Silver,QHP,WI
8413,37833WI0620027,37833,HMO,Silver,QHP,WI
8414,37833WI0620028,37833,HMO,Bronze Expanded,QHP,WI
8415,37833WI0620029,37833,HMO,Bronze Expanded,QHP,WI
8416,37833WI0620030,37833,HMO,Bronze Expanded,QHP,WI
8417,37833WI0620031,37833,HMO,Bronze Expanded,QHP,WI
8418,37833WI0620032,37833,HMO,Bronze Expanded,QHP,WI
8419,37833WI0620035,37833,HMO,Bronze Expanded,QHP,WI
8420,37833WI0620061,37833,HMO,Gold,QHP,WI
8421,37833WI0620062,37833,HMO,Gold,QHP,WI
8422,37833WI0620063,37833,HMO,Gold,QHP,WI
8423,37833WI0620064,37833,HMO,Gold,QHP,WI
8424,37833WI0620065,37833,HMO,Silver,QHP,WI
8425,37833WI0620066,37833,HMO,Silver,QHP,WI
8426,37833WI0620067,37833,HMO,Silver,QHP,WI
8427,37833WI0620068,37833,HMO,Silver,QHP,WI
8428,37833WI0620069,37833,HMO,Bronze Expanded,QHP,WI
8429,37833WI0620070,37833,HMO,Bronze Expanded,QHP,WI
8430,37833WI0620071,37833,HMO,Bronze Expanded,QHP,WI
8431,37833WI0620072,37833,HMO,Bronze Expanded,QHP,WI
8432,37833WI0620073,37833,HMO,Bronze Expanded,QHP,WI
8433,37833WI0620078,37833,HMO,Gold,QHP,WI
8434,37833WI0620079,37833,HMO,Silver,QHP,WI
8435,37833WI0620080,37833,HMO,Silver,QHP,WI
8436,37833WI0620081,37833,HMO,Bronze Expanded,QHP,WI
8437,37833WI0620086,37833,HMO,Gold,QHP,WI
8438,37833WI0620087,37833,HMO,Gold,QHP,WI
8439,37833WI0620088,37833,HMO,Gold,QHP,WI
8440,37833WI0620089,37833,HMO,Silver,QHP,WI
8441,37833WI0620091,37833,HMO,Gold,QHP,WI
8442,37833WI0620092,37833,HMO,Silver,QHP,WI
8443,37833WI0620093,37833,HMO,Silver,QHP,WI
8444,37833WI0620096,37833,HMO,Gold,QHP,WI
8445,31274WV0560001,31274,PPO,Bronze Expanded,QHP,WV
8446,31274WV0560003,31274,PPO,Silver,QHP,WV
8447,31274WV0560005,31274,PPO,Gold,QHP,WV
8448,31274WV0570001,31274,PPO,Bronze Expanded,QHP,WV
8449,31274WV0570003,31274,PPO,Gold,QHP,WV
8450,31274WV0580001,31274,PPO,Bronze Expanded,QHP,WV
8451,31274WV0590002,31274,PPO,Gold,QHP,WV
8452,31274WV0600002,31274,PPO,Gold,QHP,WV
8453,31274WV0610001,31274,PPO,Catastrophic,QHP,WV
8454,31274WV0620001,31274,PPO,Bronze,QHP,WV
8455,31274WV0620002,31274,PPO,Silver,QHP,WV
8456,31274WV0620003,31274,PPO,Gold,QHP,WV
8457,31274WV0630001,31274,PPO,Silver,QHP,WV
8458,50328WV0010027,50328,HMO,Bronze,QHP,WV
8459,50328WV0020027,50328,HMO,Bronze,QHP,WV
8460,11269WY0170017,11269,PPO,Gold,QHP,WY
8461,11269WY0170018,11269,PPO,Silver,QHP,WY
8462,11269WY0170019,11269,PPO,Bronze,QHP,WY
8463,11269WY0170020,11269,PPO,Bronze Expanded,QHP,WY
8464,38576WY0020008,38576,PPO,Gold,QHP,WY
8465,38576WY0020009,38576,PPO,Silver,QHP,WY
8466,38576WY0020010,38576,PPO,Bronze Expanded,QHP,WY
8467,10091OR0750020,10091,PPO,Bronze Expanded,QHP,OR
8468,10091OR0760005,10091,PPO,Gold,QHP,OR
8469,11512NC0410016,11512,EPO,Gold,QHP,NC
8470,11512NC0410017,11512,EPO,Gold,QHP,NC
8471,11512NC0410018,11512,EPO,Gold,QHP,NC
8472,11512NC0410019,11512,EPO,Gold,QHP,NC
8473,11512NC0410020,11512,EPO,Gold,QHP,NC
8474,11512NC0410021,11512,EPO,Gold,QHP,NC
8475,11512NC0410022,11512,EPO,Gold,QHP,NC
8476,11512NC0410023,11512,EPO,Gold,QHP,NC
8477,11512NC0410024,11512,EPO,Silver,QHP,NC
8478,11512NC0410026,11512,EPO,Catastrophic,QHP,NC
8479,11512NC0410027,11512,EPO,Silver,QHP,NC
8480,11512NC0410028,11512,EPO,Silver,QHP,NC
8481,11512NC0410029,11512,EPO,Silver,QHP,NC
8482,11512NC0410030,11512,EPO,Silver,QHP,NC
8483,11512NC0410031,11512,EPO,Silver,QHP,NC
8484,11512NC0410032,11512,EPO,Silver,QHP,NC
8485,11512NC0410033,11512,EPO,Silver,QHP,NC
8486,11512NC0410037,11512,EPO,Silver,QHP,NC
8487,11512NC0410038,11512,EPO,Silver,QHP,NC
8488,11512NC0410039,11512,EPO,Silver,QHP,NC
8489,11512NC0410040,11512,EPO,Silver,QHP,NC
8490,11512NC0410041,11512,EPO,Silver,QHP,NC
8491,11512NC0410042,11512,EPO,Silver,QHP,NC
8492,11512NC0410043,11512,EPO,Bronze Expanded,QHP,NC
8493,11512NC0410044,11512,EPO,Bronze Expanded,QHP,NC
8494,11512NC0410045,11512,EPO,Bronze Expanded,QHP,NC
8495,11512NC0410046,11512,EPO,Bronze Expanded,QHP,NC
8496,11512NC0410047,11512,EPO,Bronze Expanded,QHP,NC
8497,11512NC0410048,11512,EPO,Bronze Expanded,QHP,NC
8498,11512NC0410049,11512,EPO,Bronze Expanded,QHP,NC
8499,11512NC0410050,11512,EPO,Bronze Expanded,QHP,NC
8500,11512NC0410051,11512,EPO,Bronze Expanded,QHP,NC
8501,11512NC0410052,11512,EPO,Bronze Expanded,QHP,NC
8502,11512NC0410053,11512,EPO,Bronze Expanded,QHP,NC
8503,11512NC0410054,11512,EPO,Bronze Expanded,QHP,NC
8504,11512NC0410055,11512,EPO,Bronze Expanded,QHP,NC
8505,11512NC0410056,11512,EPO,Bronze Expanded,QHP,NC
8506,11512NC0410057,11512,EPO,Catastrophic,QHP,NC
8507,11512NC0410058,11512,EPO,Catastrophic,QHP,NC
8508,11512NC0410059,11512,EPO,Catastrophic,QHP,NC
8509,13262AR0230006,13262,POS,Bronze Expanded,QHP,AR
8510,13262AR0230007,13262,POS,Bronze Expanded,QHP,AR
8511,13591NC0010010,13591,HMO,Silver,QHP,NC
8512,13591NC0010011,13591,HMO,Gold,QHP,NC
8513,13591NC0010012,13591,HMO,Gold,QHP,NC
8514,13591NC0020010,13591,HMO,Silver,QHP,NC
8515,13591NC0020011,13591,HMO,Gold,QHP,NC
8516,13591NC0020012,13591,HMO,Gold,QHP,NC
8517,14002TN0400285,14002,EPO,Bronze Expanded,QHP,TN
8518,14002TN0400286,14002,EPO,Bronze Expanded,QHP,TN
8519,14002TN0400287,14002,EPO,Bronze,QHP,TN
8520,14002TN0400288,14002,EPO,Bronze Expanded,QHP,TN
8521,14002TN0400289,14002,EPO,Silver,QHP,TN
8522,14002TN0400291,14002,EPO,Silver,QHP,TN
8523,14002TN0400292,14002,EPO,Silver,QHP,TN
8524,14002TN0400293,14002,EPO,Silver,QHP,TN
8525,14002TN0400294,14002,EPO,Silver,QHP,TN
8526,14002TN0400295,14002,EPO,Gold,QHP,TN
8527,14002TN0400297,14002,EPO,Gold,QHP,TN
8528,14630WI0010015,14630,EPO,Bronze Expanded,QHP,WI
8529,16842FL0120001,16842,EPO,Bronze,QHP,FL
8530,16842FL0260003,16842,PPO,Silver,QHP,FL
8531,16842FL0260004,16842,PPO,Bronze Expanded,QHP,FL
8532,16842FL0260005,16842,PPO,Platinum,QHP,FL
8533,16842FL0260006,16842,PPO,Bronze,QHP,FL
8534,16842FL0260007,16842,PPO,Silver,QHP,FL
8535,16842FL0260008,16842,PPO,Platinum,QHP,FL
8536,16842FL0260009,16842,PPO,Gold,QHP,FL
8537,16842FL0260010,16842,PPO,Bronze Expanded,QHP,FL
8538,16842FL0260012,16842,PPO,Gold,QHP,FL
8539,16842FL0260017,16842,PPO,Bronze Expanded,QHP,FL
8540,16842FL0260018,16842,PPO,Bronze Expanded,QHP,FL
8541,16842FL0260019,16842,PPO,Silver,QHP,FL
8542,16842FL0260020,16842,PPO,Gold,QHP,FL
8543,16842FL0260021,16842,PPO,Platinum,QHP,FL
8544,17414NC0010011,17414,HMO,Bronze Expanded,QHP,NC
8545,17414NC0010012,17414,HMO,Silver,QHP,NC
8546,18167UT0010010,18167,HMO,Silver,QHP,UT
8547,18628FL0160054,18628,HMO,Bronze Expanded,QHP,FL
8548,18628FL0160055,18628,HMO,Gold,QHP,FL
8549,18628FL0160057,18628,HMO,Gold,QHP,FL
8550,18628FL0160059,18628,HMO,Silver,QHP,FL
8551,19636LA0240019,19636,POS,Bronze Expanded,QHP,LA
8552,20069TX0100055,20069,EPO,Gold,QHP,TX
8553,20069TX0100056,20069,EPO,Gold,QHP,TX
8554,20069TX0200055,20069,EPO,Gold,QHP,TX
8555,20069TX0200056,20069,EPO,Gold,QHP,TX
8556,20305NE0030045,20305,EPO,Gold,QHP,NE
8557,20305NE0030047,20305,EPO,Silver,QHP,NE
8558,20305NE0030073,20305,EPO,Bronze Expanded,QHP,NE
8559,20305NE0040047,20305,EPO,Silver,QHP,NE
8560,20305NE0040053,20305,EPO,Silver,QHP,NE
8561,20305NE0040073,20305,EPO,Bronze Expanded,QHP,NE
8562,20305NE0050047,20305,EPO,Silver,QHP,NE
8563,20305NE0050073,20305,EPO,Bronze Expanded,QHP,NE
8564,21333OK0010047,21333,PPO,Silver,QHP,OK
8565,21333OK0010073,21333,PPO,Bronze Expanded,QHP,OK
8566,21333OK0060073,21333,PPO,Bronze Expanded,QHP,OK
8567,21333OK0060047,21333,PPO,Silver,QHP,OK
8568,21663FL0150086,21663,EPO,Bronze Expanded,QHP,FL
8569,21663FL0150087,21663,EPO,Silver,QHP,FL
8570,21663FL0150088,21663,EPO,Gold,QHP,FL
8571,21663FL0150089,21663,EPO,Bronze Expanded,QHP,FL
8572,21663FL0150090,21663,EPO,Silver,QHP,FL
8573,21663FL0150091,21663,EPO,Gold,QHP,FL
8574,22013UT2630019,22013,EPO,Gold,QHP,UT
8575,22013UT2650013,22013,EPO,Gold,QHP,UT
8576,22013UT2650014,22013,EPO,Silver,QHP,UT
8577,22013UT2650015,22013,EPO,Bronze Expanded,QHP,UT
8578,23435AZ0040016,23435,HMO,Bronze Expanded,QHP,AZ
8579,23435AZ0040017,23435,HMO,Gold,QHP,AZ
8580,23435AZ0040018,23435,HMO,Gold,QHP,AZ
8581,23435AZ0040019,23435,HMO,Silver,QHP,AZ
8582,23435AZ0040020,23435,HMO,Silver,QHP,AZ
8583,23552TN0020055,23552,EPO,Silver,QHP,TN
8584,23552TN0020056,23552,EPO,Silver,QHP,TN
8585,26065SC0700001,26065,HMO,Gold,QHP,SC
8586,26065SC0700002,26065,HMO,Silver,QHP,SC
8587,26065SC0700003,26065,HMO,Silver,QHP,SC
8588,26065SC0700004,26065,HMO,Bronze Expanded,QHP,SC
8589,26065SC0700005,26065,HMO,Gold,QHP,SC
8590,26065SC0700006,26065,HMO,Silver,QHP,SC
8591,26065SC0700007,26065,HMO,Bronze Expanded,QHP,SC
8592,26065SC0700008,26065,HMO,Silver,QHP,SC
8593,26065SC0710001,26065,HMO,Gold,QHP,SC
8594,26065SC0710002,26065,HMO,Silver,QHP,SC
8595,26065SC0710003,26065,HMO,Silver,QHP,SC
8596,26065SC0710004,26065,HMO,Bronze Expanded,QHP,SC
8597,26065SC0710005,26065,HMO,Gold,QHP,SC
8598,26065SC0710006,26065,HMO,Silver,QHP,SC
8599,26065SC0710007,26065,HMO,Bronze Expanded,QHP,SC
8600,26065SC0710008,26065,HMO,Silver,QHP,SC
8601,26065SC0720001,26065,HMO,Gold,QHP,SC
8602,26065SC0720002,26065,HMO,Silver,QHP,SC
8603,26065SC0720003,26065,HMO,Silver,QHP,SC
8604,26065SC0720004,26065,HMO,Bronze Expanded,QHP,SC
8605,26065SC0720005,26065,HMO,Gold,QHP,SC
8606,26065SC0720006,26065,HMO,Silver,QHP,SC
8607,26065SC0720007,26065,HMO,Bronze Expanded,QHP,SC
8608,26065SC0720008,26065,HMO,Silver,QHP,SC
8609,26065SC0730001,26065,HMO,Gold,QHP,SC
8610,26065SC0730002,26065,HMO,Silver,QHP,SC
8611,26065SC0730003,26065,HMO,Silver,QHP,SC
8612,26065SC0730004,26065,HMO,Bronze Expanded,QHP,SC
8613,26065SC0730005,26065,HMO,Gold,QHP,SC
8614,26065SC0730006,26065,HMO,Silver,QHP,SC
8615,26065SC0730007,26065,HMO,Bronze Expanded,QHP,SC
8616,26065SC0730008,26065,HMO,Silver,QHP,SC
8617,26289NE0030015,26289,HMO,Bronze Expanded,QHP,NE
8618,26289NE0030016,26289,HMO,Silver,QHP,NE
8619,26289NE0030017,26289,HMO,Gold,QHP,NE
8620,27833IL0150072,27833,HMO,Bronze Expanded,QHP,IL
8621,27833IL0150073,27833,HMO,Silver,QHP,IL
8622,27833IL0150074,27833,HMO,Gold,QHP,IL
8623,29276OH0920916,29276,HMO,Bronze,QHP,OH
8624,29276OH0920917,29276,HMO,Silver,QHP,OH
8625,29418TX0160051,29418,EPO,Silver,QHP,TX
8626,29418TX0160052,29418,EPO,Gold,QHP,TX
8627,29698MI0540800,29698,HMO,Bronze Expanded,QHP,MI
8628,29698MI0540801,29698,HMO,Bronze Expanded,QHP,MI
8629,29698MI0540802,29698,HMO,Bronze Expanded,QHP,MI
8630,29698MI0540803,29698,HMO,Bronze Expanded,QHP,MI
8631,29698MI0540805,29698,HMO,Bronze Expanded,QHP,MI
8632,29698MI0540810,29698,HMO,Bronze Expanded,QHP,MI
8633,29698MI0540811,29698,HMO,Bronze Expanded,QHP,MI
8634,29698MI0540812,29698,HMO,Bronze Expanded,QHP,MI
8635,29698MI0540813,29698,HMO,Bronze Expanded,QHP,MI
8636,29698MI0540815,29698,HMO,Bronze Expanded,QHP,MI
8637,29698MI0540820,29698,HMO,Silver,QHP,MI
8638,29698MI0540821,29698,HMO,Silver,QHP,MI
8639,29698MI0540822,29698,HMO,Silver,QHP,MI
8640,29698MI0540823,29698,HMO,Silver,QHP,MI
8641,29698MI0540825,29698,HMO,Silver,QHP,MI
8642,29698MI0540835,29698,HMO,Bronze Expanded,QHP,MI
8643,29698MI0540836,29698,HMO,Bronze Expanded,QHP,MI
8644,29698MI0540837,29698,HMO,Silver,QHP,MI
8645,29698MI0540839,29698,HMO,Silver,QHP,MI
8646,29698MI0540860,29698,HMO,Silver,QHP,MI
8647,29698MI0540861,29698,HMO,Silver,QHP,MI
8648,29698MI0540862,29698,HMO,Silver,QHP,MI
8649,29698MI0540863,29698,HMO,Silver,QHP,MI
8650,29698MI0540865,29698,HMO,Silver,QHP,MI
8651,29698MI0540900,29698,HMO,Bronze Expanded,QHP,MI
8652,29698MI0540901,29698,HMO,Bronze Expanded,QHP,MI
8653,29698MI0540902,29698,HMO,Bronze Expanded,QHP,MI
8654,29698MI0540903,29698,HMO,Bronze Expanded,QHP,MI
8655,29698MI0540905,29698,HMO,Bronze Expanded,QHP,MI
8656,29698MI0540906,29698,HMO,Bronze Expanded,QHP,MI
8657,29698MI0540910,29698,HMO,Silver,QHP,MI
8658,29698MI0540911,29698,HMO,Silver,QHP,MI
8659,29698MI0540912,29698,HMO,Silver,QHP,MI
8660,29698MI0540913,29698,HMO,Silver,QHP,MI
8661,29698MI0540915,29698,HMO,Silver,QHP,MI
8662,29698MI0540916,29698,HMO,Silver,QHP,MI
8663,29698MI0540920,29698,HMO,Gold,QHP,MI
8664,29698MI0540921,29698,HMO,Gold,QHP,MI
8665,29698MI0540922,29698,HMO,Gold,QHP,MI
8666,29698MI0540923,29698,HMO,Gold,QHP,MI
8667,29698MI0540925,29698,HMO,Gold,QHP,MI
8668,29698MI0540943,29698,HMO,Bronze Expanded,QHP,MI
8669,29698MI0540944,29698,HMO,Silver,QHP,MI
8670,29698MI0540945,29698,HMO,Gold,QHP,MI
8671,30252FL0070050,30252,HMO,Silver,QHP,FL
8672,30252FL0070070,30252,HMO,Silver,QHP,FL
8673,30252FL0070074,30252,HMO,Gold,QHP,FL
8674,30252FL0070075,30252,HMO,Platinum,QHP,FL
8675,30252FL0070076,30252,HMO,Silver,QHP,FL
8676,30252FL0070078,30252,HMO,Silver,QHP,FL
8677,30252FL0070100,30252,HMO,Platinum,QHP,FL
8678,30252FL0130005,30252,HMO,Silver,QHP,FL
8679,30252FL0130007,30252,HMO,Silver,QHP,FL
8680,30252FL0130009,30252,HMO,Silver,QHP,FL
8681,30252FL0140002,30252,POS,Silver,QHP,FL
8682,30252FL0140003,30252,POS,Bronze Expanded,QHP,FL
8683,30252FL0140004,30252,POS,Platinum,QHP,FL
8684,30252FL0140005,30252,POS,Bronze,QHP,FL
8685,30252FL0140006,30252,POS,Silver,QHP,FL
8686,30252FL0140007,30252,POS,Platinum,QHP,FL
8687,30252FL0140008,30252,POS,Gold,QHP,FL
8688,30252FL0140009,30252,POS,Bronze Expanded,QHP,FL
8689,30252FL0140010,30252,POS,Gold,QHP,FL
8690,30252FL0140015,30252,POS,Platinum,QHP,FL
8691,30252FL0140017,30252,POS,Bronze Expanded,QHP,FL
8692,30252FL0140018,30252,POS,Bronze,QHP,FL
8693,30252FL0140020,30252,POS,Gold,QHP,FL
8694,30252FL0140021,30252,POS,Silver,QHP,FL
8695,30252FL0140023,30252,POS,Bronze Expanded,QHP,FL
8696,30252FL0140025,30252,POS,Bronze Expanded,QHP,FL
8697,30252FL0140026,30252,POS,Bronze Expanded,QHP,FL
8698,30252FL0140027,30252,POS,Silver,QHP,FL
8699,30252FL0140028,30252,POS,Gold,QHP,FL
8700,30252FL0140029,30252,POS,Platinum,QHP,FL
8701,30252FL0140031,30252,POS,Bronze Expanded,QHP,FL
8702,30252FL0140032,30252,POS,Silver,QHP,FL
8703,30252FL0140033,30252,POS,Gold,QHP,FL
8704,30252FL0140034,30252,POS,Platinum,QHP,FL
8705,30751MT0670001,30751,POS,Gold,QHP,MT
8706,30751MT0670002,30751,POS,Silver,QHP,MT
8707,30751MT0670003,30751,POS,Bronze Expanded,QHP,MT
8708,30751MT0670006,30751,POS,Bronze,QHP,MT
8709,30751MT0670007,30751,POS,Gold,QHP,MT
8710,30751MT0670008,30751,POS,Silver,QHP,MT
8711,30751MT0670009,30751,POS,Bronze Expanded,QHP,MT
8712,30751MT0670012,30751,POS,Bronze Expanded,QHP,MT
8713,30751MT0670013,30751,POS,Bronze Expanded,QHP,MT
8714,30751MT0670016,30751,POS,Bronze,QHP,MT
8715,30751MT0670017,30751,POS,Bronze,QHP,MT
8716,30751MT0670018,30751,POS,Bronze Expanded,QHP,MT
8717,30751MT0670019,30751,POS,Bronze Expanded,QHP,MT
8718,30751MT0670020,30751,POS,Gold,QHP,MT
8719,30751MT0670021,30751,POS,Gold,QHP,MT
8720,30751MT0670022,30751,POS,Gold,QHP,MT
8721,30751MT0670023,30751,POS,Gold,QHP,MT
8722,30751MT0670024,30751,POS,Silver,QHP,MT
8723,30751MT0670025,30751,POS,Silver,QHP,MT
8724,30751MT0670028,30751,POS,Silver,QHP,MT
8725,30751MT0670029,30751,POS,Silver,QHP,MT
8726,31195SD0080029,31195,HMO,Gold,QHP,SD
8727,31195SD0110019,31195,PPO,Gold,QHP,SD
8728,31274WV0560006,31274,PPO,Bronze,QHP,WV
8729,31274WV0580002,31274,PPO,Gold,QHP,WV
8730,31274WV0620004,31274,PPO,Bronze Expanded,QHP,WV
8731,32311AZ0010073,32311,HMO,Bronze Expanded,QHP,AZ
8732,32355IL0010011,32355,HMO,Silver,QHP,IL
8733,32753MO0950051,32753,EPO,Bronze Expanded,QHP,MO
8734,33602TX0461080,33602,HMO,Bronze Expanded,QHP,TX
8735,33602TX0461081,33602,HMO,Gold,QHP,TX
8736,33602TX0461082,33602,HMO,Silver,QHP,TX
8737,33602TX0461083,33602,HMO,Silver,QHP,TX
8738,33602TX0461087,33602,HMO,Bronze Expanded,QHP,TX
8739,33602TX0461088,33602,HMO,Gold,QHP,TX
8740,33602TX0461089,33602,HMO,Silver,QHP,TX
8741,33602TX0461090,33602,HMO,Silver,QHP,TX
8742,33602TX0461091,33602,HMO,Silver,QHP,TX
8743,33602TX0461092,33602,HMO,Silver,QHP,TX
8744,33602TX0461093,33602,HMO,Silver,QHP,TX
8745,33602TX0461094,33602,HMO,Silver,QHP,TX
8746,33602TX0461095,33602,HMO,Silver,QHP,TX
8747,33602TX0461096,33602,HMO,Silver,QHP,TX
8748,33602TX0461097,33602,HMO,Silver,QHP,TX
8749,33602TX0461098,33602,HMO,Silver,QHP,TX
8750,33602TX0461099,33602,HMO,Silver,QHP,TX
8751,33602TX0461100,33602,HMO,Silver,QHP,TX
8752,33602TX0461101,33602,HMO,Silver,QHP,TX
8753,33602TX0461102,33602,HMO,Silver,QHP,TX
8754,33602TX0461103,33602,HMO,Silver,QHP,TX
8755,33602TX0461104,33602,HMO,Silver,QHP,TX
8756,33602TX0461105,33602,HMO,Silver,QHP,TX
8757,33602TX0461106,33602,HMO,Silver,QHP,TX
8758,33602TX0461107,33602,HMO,Silver,QHP,TX
8759,33602TX0461108,33602,HMO,Silver,QHP,TX
8760,33602TX0461109,33602,HMO,Silver,QHP,TX
8761,33602TX0461110,33602,HMO,Silver,QHP,TX
8762,33602TX0461111,33602,HMO,Silver,QHP,TX
8763,33602TX0461112,33602,HMO,Silver,QHP,TX
8764,33602TX0461113,33602,HMO,Silver,QHP,TX
8765,33602TX0461114,33602,HMO,Silver,QHP,TX
8766,33602TX0461115,33602,HMO,Silver,QHP,TX
8767,33602TX0461116,33602,HMO,Bronze Expanded,QHP,TX
8768,33602TX0461117,33602,HMO,Bronze Expanded,QHP,TX
8769,33602TX0461118,33602,HMO,Bronze Expanded,QHP,TX
8770,33602TX0461119,33602,HMO,Bronze Expanded,QHP,TX
8771,33602TX0461120,33602,HMO,Bronze Expanded,QHP,TX
8772,33602TX0461121,33602,HMO,Bronze Expanded,QHP,TX
8773,33602TX0461122,33602,HMO,Bronze Expanded,QHP,TX
8774,33602TX0461123,33602,HMO,Gold,QHP,TX
8775,33602TX0461124,33602,HMO,Gold,QHP,TX
8776,33602TX0461125,33602,HMO,Gold,QHP,TX
8777,33602TX0461126,33602,HMO,Gold,QHP,TX
8778,33602TX0461127,33602,HMO,Gold,QHP,TX
8779,33602TX0461128,33602,HMO,Gold,QHP,TX
8780,33602TX0461129,33602,HMO,Gold,QHP,TX
8781,33602TX0461130,33602,HMO,Silver,QHP,TX
8782,33602TX0461131,33602,HMO,Silver,QHP,TX
8783,33602TX0461132,33602,HMO,Silver,QHP,TX
8784,33602TX0461133,33602,HMO,Silver,QHP,TX
8785,33602TX0461134,33602,HMO,Silver,QHP,TX
8786,33602TX0461135,33602,HMO,Silver,QHP,TX
8787,33602TX0461136,33602,HMO,Silver,QHP,TX
8788,33602TX0461159,33602,HMO,Bronze Expanded,QHP,TX
8789,33602TX0461160,33602,HMO,Bronze Expanded,QHP,TX
8790,33602TX0461161,33602,HMO,Bronze Expanded,QHP,TX
8791,33602TX0461163,33602,HMO,Bronze Expanded,QHP,TX
8792,33602TX0461164,33602,HMO,Bronze Expanded,QHP,TX
8793,33602TX0461166,33602,HMO,Gold,QHP,TX
8794,33602TX0461167,33602,HMO,Gold,QHP,TX
8795,33602TX0461168,33602,HMO,Gold,QHP,TX
8796,33602TX0461170,33602,HMO,Gold,QHP,TX
8797,33602TX0461171,33602,HMO,Gold,QHP,TX
8798,33602TX0461173,33602,HMO,Silver,QHP,TX
8799,33602TX0461174,33602,HMO,Silver,QHP,TX
8800,33602TX0461175,33602,HMO,Silver,QHP,TX
8801,33602TX0461177,33602,HMO,Silver,QHP,TX
8802,33602TX0461178,33602,HMO,Silver,QHP,TX
8803,33602TX0461179,33602,HMO,Bronze Expanded,QHP,TX
8804,33602TX0461180,33602,HMO,Gold,QHP,TX
8805,33602TX0461181,33602,HMO,Silver,QHP,TX
8806,33602TX0461185,33602,HMO,Bronze Expanded,QHP,TX
8807,33602TX0461186,33602,HMO,Gold,QHP,TX
8808,33602TX0461187,33602,HMO,Silver,QHP,TX
8809,33602TX0870002,33602,POS,Bronze Expanded,QHP,TX
8810,33602TX0870003,33602,POS,Bronze,QHP,TX
8811,33602TX0870004,33602,POS,Bronze Expanded,QHP,TX
8812,33602TX0870005,33602,POS,Gold,QHP,TX
8813,33602TX0870006,33602,POS,Gold,QHP,TX
8814,33602TX0870007,33602,POS,Silver,QHP,TX
8815,33602TX0870009,33602,POS,Silver,QHP,TX
8816,33602TX0870010,33602,POS,Silver,QHP,TX
8817,33602TX0870011,33602,POS,Gold,QHP,TX
8818,33602TX0870038,33602,POS,Bronze Expanded,QHP,TX
8819,33602TX0870039,33602,POS,Bronze Expanded,QHP,TX
8820,33602TX0870040,33602,POS,Bronze Expanded,QHP,TX
8821,33602TX0870041,33602,POS,Bronze Expanded,QHP,TX
8822,33602TX0870042,33602,POS,Bronze Expanded,QHP,TX
8823,33602TX0870043,33602,POS,Bronze Expanded,QHP,TX
8824,33602TX0870044,33602,POS,Bronze Expanded,QHP,TX
8825,33602TX0870045,33602,POS,Bronze Expanded,QHP,TX
8826,33602TX0870046,33602,POS,Bronze Expanded,QHP,TX
8827,33602TX0870047,33602,POS,Bronze Expanded,QHP,TX
8828,33602TX0870048,33602,POS,Bronze Expanded,QHP,TX
8829,33602TX0870049,33602,POS,Bronze Expanded,QHP,TX
8830,33602TX0870050,33602,POS,Bronze Expanded,QHP,TX
8831,33602TX0870051,33602,POS,Bronze Expanded,QHP,TX
8832,33602TX0870052,33602,POS,Bronze Expanded,QHP,TX
8833,33602TX0870053,33602,POS,Bronze Expanded,QHP,TX
8834,33602TX0870054,33602,POS,Bronze Expanded,QHP,TX
8835,33602TX0870055,33602,POS,Bronze Expanded,QHP,TX
8836,33602TX0870056,33602,POS,Bronze Expanded,QHP,TX
8837,33602TX0870057,33602,POS,Bronze Expanded,QHP,TX
8838,33602TX0870058,33602,POS,Bronze Expanded,QHP,TX
8839,33602TX0870059,33602,POS,Bronze Expanded,QHP,TX
8840,33602TX0870060,33602,POS,Bronze Expanded,QHP,TX
8841,33602TX0870061,33602,POS,Bronze Expanded,QHP,TX
8842,33602TX0870062,33602,POS,Bronze Expanded,QHP,TX
8843,33602TX0870063,33602,POS,Bronze Expanded,QHP,TX
8844,33602TX0870064,33602,POS,Bronze,QHP,TX
8845,33602TX0870065,33602,POS,Bronze,QHP,TX
8846,33602TX0870066,33602,POS,Bronze,QHP,TX
8847,33602TX0870067,33602,POS,Bronze,QHP,TX
8848,33602TX0870068,33602,POS,Bronze,QHP,TX
8849,33602TX0870069,33602,POS,Bronze,QHP,TX
8850,33602TX0870070,33602,POS,Bronze,QHP,TX
8851,33602TX0870071,33602,POS,Bronze,QHP,TX
8852,33602TX0870072,33602,POS,Bronze,QHP,TX
8853,33602TX0870073,33602,POS,Bronze,QHP,TX
8854,33602TX0870074,33602,POS,Bronze,QHP,TX
8855,33602TX0870075,33602,POS,Bronze,QHP,TX
8856,33602TX0870076,33602,POS,Bronze,QHP,TX
8857,33602TX0870077,33602,POS,Bronze,QHP,TX
8858,33602TX0870078,33602,POS,Bronze,QHP,TX
8859,33602TX0870079,33602,POS,Bronze,QHP,TX
8860,33602TX0870080,33602,POS,Bronze,QHP,TX
8861,33602TX0870081,33602,POS,Bronze,QHP,TX
8862,33602TX0870082,33602,POS,Bronze,QHP,TX
8863,33602TX0870083,33602,POS,Bronze,QHP,TX
8864,33602TX0870084,33602,POS,Bronze,QHP,TX
8865,33602TX0870085,33602,POS,Bronze,QHP,TX
8866,33602TX0870086,33602,POS,Bronze,QHP,TX
8867,33602TX0870087,33602,POS,Bronze,QHP,TX
8868,33602TX0870088,33602,POS,Bronze,QHP,TX
8869,33602TX0870089,33602,POS,Bronze,QHP,TX
8870,33602TX0870090,33602,POS,Bronze Expanded,QHP,TX
8871,33602TX0870091,33602,POS,Bronze Expanded,QHP,TX
8872,33602TX0870092,33602,POS,Bronze Expanded,QHP,TX
8873,33602TX0870093,33602,POS,Bronze Expanded,QHP,TX
8874,33602TX0870094,33602,POS,Bronze Expanded,QHP,TX
8875,33602TX0870095,33602,POS,Bronze Expanded,QHP,TX
8876,33602TX0870096,33602,POS,Bronze Expanded,QHP,TX
8877,33602TX0870097,33602,POS,Bronze Expanded,QHP,TX
8878,33602TX0870098,33602,POS,Bronze Expanded,QHP,TX
8879,33602TX0870099,33602,POS,Bronze Expanded,QHP,TX
8880,33602TX0870100,33602,POS,Bronze Expanded,QHP,TX
8881,33602TX0870101,33602,POS,Bronze Expanded,QHP,TX
8882,33602TX0870102,33602,POS,Bronze Expanded,QHP,TX
8883,33602TX0870103,33602,POS,Bronze Expanded,QHP,TX
8884,33602TX0870104,33602,POS,Bronze Expanded,QHP,TX
8885,33602TX0870105,33602,POS,Bronze Expanded,QHP,TX
8886,33602TX0870106,33602,POS,Bronze Expanded,QHP,TX
8887,33602TX0870107,33602,POS,Bronze Expanded,QHP,TX
8888,33602TX0870108,33602,POS,Bronze Expanded,QHP,TX
8889,33602TX0870109,33602,POS,Bronze Expanded,QHP,TX
8890,33602TX0870110,33602,POS,Bronze Expanded,QHP,TX
8891,33602TX0870111,33602,POS,Bronze Expanded,QHP,TX
8892,33602TX0870112,33602,POS,Bronze Expanded,QHP,TX
8893,33602TX0870113,33602,POS,Bronze Expanded,QHP,TX
8894,33602TX0870114,33602,POS,Bronze Expanded,QHP,TX
8895,33602TX0870115,33602,POS,Bronze Expanded,QHP,TX
8896,33602TX0870116,33602,POS,Gold,QHP,TX
8897,33602TX0870117,33602,POS,Gold,QHP,TX
8898,33602TX0870118,33602,POS,Gold,QHP,TX
8899,33602TX0870119,33602,POS,Gold,QHP,TX
8900,33602TX0870120,33602,POS,Gold,QHP,TX
8901,33602TX0870121,33602,POS,Gold,QHP,TX
8902,33602TX0870122,33602,POS,Gold,QHP,TX
8903,33602TX0870123,33602,POS,Gold,QHP,TX
8904,33602TX0870124,33602,POS,Gold,QHP,TX
8905,33602TX0870125,33602,POS,Gold,QHP,TX
8906,33602TX0870126,33602,POS,Gold,QHP,TX
8907,33602TX0870127,33602,POS,Gold,QHP,TX
8908,33602TX0870128,33602,POS,Gold,QHP,TX
8909,33602TX0870129,33602,POS,Gold,QHP,TX
8910,33602TX0870130,33602,POS,Gold,QHP,TX
8911,33602TX0870131,33602,POS,Gold,QHP,TX
8912,33602TX0870132,33602,POS,Gold,QHP,TX
8913,33602TX0870133,33602,POS,Gold,QHP,TX
8914,33602TX0870134,33602,POS,Gold,QHP,TX
8915,33602TX0870135,33602,POS,Gold,QHP,TX
8916,33602TX0870136,33602,POS,Gold,QHP,TX
8917,33602TX0870137,33602,POS,Gold,QHP,TX
8918,33602TX0870138,33602,POS,Gold,QHP,TX
8919,33602TX0870139,33602,POS,Gold,QHP,TX
8920,33602TX0870140,33602,POS,Gold,QHP,TX
8921,33602TX0870141,33602,POS,Gold,QHP,TX
8922,33602TX0870142,33602,POS,Gold,QHP,TX
8923,33602TX0870143,33602,POS,Gold,QHP,TX
8924,33602TX0870144,33602,POS,Gold,QHP,TX
8925,33602TX0870145,33602,POS,Gold,QHP,TX
8926,33602TX0870146,33602,POS,Gold,QHP,TX
8927,33602TX0870147,33602,POS,Gold,QHP,TX
8928,33602TX0870148,33602,POS,Gold,QHP,TX
8929,33602TX0870149,33602,POS,Gold,QHP,TX
8930,33602TX0870150,33602,POS,Gold,QHP,TX
8931,33602TX0870151,33602,POS,Gold,QHP,TX
8932,33602TX0870152,33602,POS,Gold,QHP,TX
8933,33602TX0870153,33602,POS,Gold,QHP,TX
8934,33602TX0870154,33602,POS,Gold,QHP,TX
8935,33602TX0870155,33602,POS,Gold,QHP,TX
8936,33602TX0870156,33602,POS,Gold,QHP,TX
8937,33602TX0870157,33602,POS,Gold,QHP,TX
8938,33602TX0870158,33602,POS,Gold,QHP,TX
8939,33602TX0870159,33602,POS,Gold,QHP,TX
8940,33602TX0870160,33602,POS,Gold,QHP,TX
8941,33602TX0870161,33602,POS,Gold,QHP,TX
8942,33602TX0870162,33602,POS,Gold,QHP,TX
8943,33602TX0870163,33602,POS,Gold,QHP,TX
8944,33602TX0870164,33602,POS,Gold,QHP,TX
8945,33602TX0870165,33602,POS,Gold,QHP,TX
8946,33602TX0870166,33602,POS,Gold,QHP,TX
8947,33602TX0870167,33602,POS,Gold,QHP,TX
8948,33602TX0870168,33602,POS,Silver,QHP,TX
8949,33602TX0870169,33602,POS,Silver,QHP,TX
8950,33602TX0870170,33602,POS,Silver,QHP,TX
8951,33602TX0870171,33602,POS,Silver,QHP,TX
8952,33602TX0870172,33602,POS,Silver,QHP,TX
8953,33602TX0870173,33602,POS,Silver,QHP,TX
8954,33602TX0870174,33602,POS,Silver,QHP,TX
8955,33602TX0870175,33602,POS,Silver,QHP,TX
8956,33602TX0870176,33602,POS,Silver,QHP,TX
8957,33602TX0870177,33602,POS,Silver,QHP,TX
8958,33602TX0870178,33602,POS,Silver,QHP,TX
8959,33602TX0870179,33602,POS,Silver,QHP,TX
8960,33602TX0870180,33602,POS,Silver,QHP,TX
8961,33602TX0870181,33602,POS,Silver,QHP,TX
8962,33602TX0870182,33602,POS,Silver,QHP,TX
8963,33602TX0870183,33602,POS,Silver,QHP,TX
8964,33602TX0870184,33602,POS,Silver,QHP,TX
8965,33602TX0870185,33602,POS,Silver,QHP,TX
8966,33602TX0870186,33602,POS,Silver,QHP,TX
8967,33602TX0870187,33602,POS,Silver,QHP,TX
8968,33602TX0870188,33602,POS,Silver,QHP,TX
8969,33602TX0870189,33602,POS,Silver,QHP,TX
8970,33602TX0870190,33602,POS,Silver,QHP,TX
8971,33602TX0870191,33602,POS,Silver,QHP,TX
8972,33602TX0870192,33602,POS,Silver,QHP,TX
8973,33602TX0870193,33602,POS,Silver,QHP,TX
8974,33602TX0870220,33602,POS,Silver,QHP,TX
8975,33602TX0870221,33602,POS,Silver,QHP,TX
8976,33602TX0870222,33602,POS,Silver,QHP,TX
8977,33602TX0870223,33602,POS,Silver,QHP,TX
8978,33602TX0870224,33602,POS,Silver,QHP,TX
8979,33602TX0870225,33602,POS,Silver,QHP,TX
8980,33602TX0870226,33602,POS,Silver,QHP,TX
8981,33602TX0870227,33602,POS,Silver,QHP,TX
8982,33602TX0870228,33602,POS,Silver,QHP,TX
8983,33602TX0870229,33602,POS,Silver,QHP,TX
8984,33602TX0870230,33602,POS,Silver,QHP,TX
8985,33602TX0870231,33602,POS,Silver,QHP,TX
8986,33602TX0870232,33602,POS,Silver,QHP,TX
8987,33602TX0870233,33602,POS,Silver,QHP,TX
8988,33602TX0870234,33602,POS,Silver,QHP,TX
8989,33602TX0870235,33602,POS,Silver,QHP,TX
8990,33602TX0870236,33602,POS,Silver,QHP,TX
8991,33602TX0870237,33602,POS,Silver,QHP,TX
8992,33602TX0870238,33602,POS,Silver,QHP,TX
8993,33602TX0870239,33602,POS,Silver,QHP,TX
8994,33602TX0870240,33602,POS,Silver,QHP,TX
8995,33602TX0870241,33602,POS,Silver,QHP,TX
8996,33602TX0870242,33602,POS,Silver,QHP,TX
8997,33602TX0870243,33602,POS,Silver,QHP,TX
8998,33602TX0870244,33602,POS,Silver,QHP,TX
8999,33602TX0870245,33602,POS,Silver,QHP,TX
9000,33602TX0870246,33602,POS,Silver,QHP,TX
9001,33602TX0870247,33602,POS,Silver,QHP,TX
9002,33602TX0870248,33602,POS,Silver,QHP,TX
9003,33602TX0870249,33602,POS,Silver,QHP,TX
9004,33602TX0870250,33602,POS,Silver,QHP,TX
9005,33602TX0870251,33602,POS,Silver,QHP,TX
9006,33602TX0870252,33602,POS,Silver,QHP,TX
9007,33602TX0870253,33602,POS,Silver,QHP,TX
9008,33602TX0870254,33602,POS,Silver,QHP,TX
9009,33602TX0870255,33602,POS,Silver,QHP,TX
9010,33602TX0870256,33602,POS,Silver,QHP,TX
9011,33602TX0870257,33602,POS,Silver,QHP,TX
9012,33602TX0870258,33602,POS,Silver,QHP,TX
9013,33602TX0870259,33602,POS,Silver,QHP,TX
9014,33602TX0870260,33602,POS,Silver,QHP,TX
9015,33602TX0870261,33602,POS,Silver,QHP,TX
9016,33602TX0870262,33602,POS,Silver,QHP,TX
9017,33602TX0870263,33602,POS,Silver,QHP,TX
9018,33602TX0870264,33602,POS,Silver,QHP,TX
9019,33602TX0870265,33602,POS,Silver,QHP,TX
9020,33602TX0870266,33602,POS,Silver,QHP,TX
9021,33602TX0870267,33602,POS,Silver,QHP,TX
9022,33602TX0870268,33602,POS,Silver,QHP,TX
9023,33602TX0870269,33602,POS,Silver,QHP,TX
9024,33602TX0870270,33602,POS,Silver,QHP,TX
9025,33602TX0870271,33602,POS,Silver,QHP,TX
9026,33602TX0870272,33602,POS,Gold,QHP,TX
9027,33602TX0870273,33602,POS,Gold,QHP,TX
9028,33602TX0870274,33602,POS,Gold,QHP,TX
9029,33602TX0870275,33602,POS,Gold,QHP,TX
9030,33602TX0870276,33602,POS,Gold,QHP,TX
9031,33602TX0870277,33602,POS,Gold,QHP,TX
9032,33602TX0870278,33602,POS,Gold,QHP,TX
9033,33602TX0870279,33602,POS,Gold,QHP,TX
9034,33602TX0870280,33602,POS,Gold,QHP,TX
9035,33602TX0870281,33602,POS,Gold,QHP,TX
9036,33602TX0870282,33602,POS,Gold,QHP,TX
9037,33602TX0870283,33602,POS,Gold,QHP,TX
9038,33602TX0870284,33602,POS,Gold,QHP,TX
9039,33602TX0870285,33602,POS,Gold,QHP,TX
9040,33602TX0870286,33602,POS,Gold,QHP,TX
9041,33602TX0870287,33602,POS,Gold,QHP,TX
9042,33602TX0870288,33602,POS,Gold,QHP,TX
9043,33602TX0870289,33602,POS,Gold,QHP,TX
9044,33602TX0870290,33602,POS,Gold,QHP,TX
9045,33602TX0870291,33602,POS,Gold,QHP,TX
9046,33602TX0870292,33602,POS,Gold,QHP,TX
9047,33602TX0870293,33602,POS,Gold,QHP,TX
9048,33602TX0870294,33602,POS,Gold,QHP,TX
9049,33602TX0870295,33602,POS,Gold,QHP,TX
9050,33602TX0870296,33602,POS,Gold,QHP,TX
9051,33602TX0870297,33602,POS,Gold,QHP,TX
9052,33764SC0030001,33764,HMO,Gold,QHP,SC
9053,33764SC0030002,33764,HMO,Gold,QHP,SC
9054,33764SC0030003,33764,HMO,Gold,QHP,SC
9055,33764SC0030004,33764,HMO,Silver,QHP,SC
9056,33764SC0030005,33764,HMO,Silver,QHP,SC
9057,33764SC0030006,33764,HMO,Silver,QHP,SC
9058,33764SC0030007,33764,HMO,Silver,QHP,SC
9059,33764SC0030008,33764,HMO,Bronze Expanded,QHP,SC
9060,33764SC0030009,33764,HMO,Bronze Expanded,QHP,SC
9061,33764SC0030010,33764,HMO,Bronze Expanded,QHP,SC
9062,33764SC0030011,33764,HMO,Bronze,QHP,SC
9063,33764SC0030012,33764,HMO,Bronze Expanded,QHP,SC
9064,33764SC0040001,33764,HMO,Gold,QHP,SC
9065,33931OH0030028,33931,HMO,Bronze Expanded,QHP,OH
9066,33931OH0030029,33931,HMO,Bronze Expanded,QHP,OH
9067,33931OH0030030,33931,HMO,Silver,QHP,OH
9068,33931OH0030031,33931,HMO,Silver,QHP,OH
9069,33931OH0030032,33931,HMO,Gold,QHP,OH
9070,33931OH0030033,33931,HMO,Gold,QHP,OH
9071,33931OH0070001,33931,HMO,Silver,QHP,OH
9072,33931OH0070002,33931,HMO,Gold,QHP,OH
9073,34368KS0120069,34368,EPO,Bronze Expanded,QHP,KS
9074,34368KS0120070,34368,EPO,Silver,QHP,KS
9075,34368KS0120071,34368,EPO,Gold,QHP,KS
9076,34826TX0010001,34826,HMO,Gold,QHP,TX
9077,36096IL0810178,36096,HMO,Silver,QHP,IL
9078,36096IL0810179,36096,HMO,Gold,QHP,IL
9079,36096IL0810180,36096,HMO,Bronze Expanded,QHP,IL
9080,36096IL0810181,36096,HMO,Gold,QHP,IL
9081,36096IL0810182,36096,HMO,Silver,QHP,IL
9082,36096IL0810183,36096,HMO,Bronze Expanded,QHP,IL
9083,36096IL0810193,36096,HMO,Gold,QHP,IL
9084,36096IL0810194,36096,HMO,Silver,QHP,IL
9085,36096IL0810195,36096,HMO,Bronze Expanded,QHP,IL
9086,36096IL0810196,36096,HMO,Bronze Expanded,QHP,IL
9087,36096IL0810197,36096,HMO,Bronze Expanded,QHP,IL
9088,36096IL0810198,36096,HMO,Gold,QHP,IL
9089,36096IL0810199,36096,HMO,Gold,QHP,IL
9090,36096IL0810200,36096,HMO,Silver,QHP,IL
9091,36096IL0810201,36096,HMO,Silver,QHP,IL
9092,36096IL0810208,36096,HMO,Gold,QHP,IL
9093,36096IL0810209,36096,HMO,Gold,QHP,IL
9094,36096IL0810210,36096,HMO,Silver,QHP,IL
9095,36096IL0810211,36096,HMO,Silver,QHP,IL
9096,36096IL0810212,36096,HMO,Bronze Expanded,QHP,IL
9097,36096IL0810213,36096,HMO,Bronze Expanded,QHP,IL
9098,36096IL0990361,36096,PPO,Silver,QHP,IL
9099,36096IL0990362,36096,PPO,Silver,QHP,IL
9100,36096IL0990363,36096,PPO,Silver,QHP,IL
9101,36096IL0990364,36096,PPO,Silver,QHP,IL
9102,36096IL0990365,36096,PPO,Silver,QHP,IL
9103,36096IL0990366,36096,PPO,Silver,QHP,IL
9104,36096IL0990367,36096,PPO,Silver,QHP,IL
9105,36096IL0990368,36096,PPO,Silver,QHP,IL
9106,36096IL0990369,36096,PPO,Silver,QHP,IL
9107,36096IL0990370,36096,PPO,Silver,QHP,IL
9108,36096IL0990371,36096,PPO,Silver,QHP,IL
9109,36096IL0990372,36096,PPO,Silver,QHP,IL
9110,36096IL0990373,36096,PPO,Silver,QHP,IL
9111,37160ND2480009,37160,PPO,Gold,QHP,ND
9112,37160ND2480010,37160,PPO,Silver,QHP,ND
9113,37833WI0380265,37833,HMO,Silver,QHP,WI
9114,37833WI0380267,37833,HMO,Silver,QHP,WI
9115,37833WI0510138,37833,HMO,Gold,QHP,WI
9116,37833WI0510184,37833,HMO,Gold,QHP,WI
9117,37833WI0510264,37833,HMO,Silver,QHP,WI
9118,37833WI0510266,37833,HMO,Silver,QHP,WI
9119,37833WI0510268,37833,HMO,Gold,QHP,WI
9120,37833WI0510269,37833,HMO,Gold,QHP,WI
9121,37833WI0510272,37833,HMO,Silver,QHP,WI
9122,37833WI0510273,37833,HMO,Silver,QHP,WI
9123,37833WI0510274,37833,HMO,Bronze Expanded,QHP,WI
9124,37833WI0510275,37833,HMO,Bronze Expanded,QHP,WI
9125,38344AK1100004,38344,PPO,Bronze Expanded,QHP,AK
9126,38576WY0020011,38576,PPO,Gold,QHP,WY
9127,38927UT0380001,38927,HMO,Bronze Expanded,QHP,UT
9128,38927UT0380002,38927,HMO,Bronze Expanded,QHP,UT
9129,38927UT0380003,38927,HMO,Bronze Expanded,QHP,UT
9130,38927UT0380004,38927,HMO,Gold,QHP,UT
9131,38927UT0380005,38927,HMO,Gold,QHP,UT
9132,38927UT0380006,38927,HMO,Silver,QHP,UT
9133,38927UT0380007,38927,HMO,Silver,QHP,UT
9134,38927UT0380008,38927,HMO,Silver,QHP,UT
9135,38927UT0380009,38927,HMO,Silver,QHP,UT
9136,39520KS0050049,39520,EPO,Bronze Expanded,QHP,KS
9137,39520KS0050073,39520,EPO,Bronze Expanded,QHP,KS
9138,39520KS0040073,39520,EPO,Bronze Expanded,QHP,KS
9139,40047MI0010010,40047,HMO,Silver,QHP,MI
9140,40220TX0080025,40220,HMO,Silver,QHP,TX
9141,40220TX0080026,40220,HMO,Silver,QHP,TX
9142,40220TX0080027,40220,HMO,Gold,QHP,TX
9143,40220TX0080028,40220,HMO,Gold,QHP,TX
9144,40220TX0080029,40220,HMO,Gold,QHP,TX
9145,40220TX0080031,40220,HMO,Bronze Expanded,QHP,TX
9146,40220TX0080032,40220,HMO,Bronze Expanded,QHP,TX
9147,40220TX0080033,40220,HMO,Silver,QHP,TX
9148,40220TX0080034,40220,HMO,Gold,QHP,TX
9149,40220TX0080035,40220,HMO,Bronze Expanded,QHP,TX
9150,40220TX0090001,40220,HMO,Silver,QHP,TX
9151,40220TX0090002,40220,HMO,Gold,QHP,TX
9152,40702AZ0060028,40702,HMO,Bronze Expanded,QHP,AZ
9153,40702AZ0060032,40702,HMO,Gold,QHP,AZ
9154,40702AZ0070001,40702,HMO,Gold,QHP,AZ
9155,40702AZ0070002,40702,HMO,Silver,QHP,AZ
9156,41047OH0030072,41047,HMO,Bronze Expanded,QHP,OH
9157,41047OH0030073,41047,HMO,Silver,QHP,OH
9158,41047OH0030074,41047,HMO,Gold,QHP,OH
9159,42326SC0010010,42326,HMO,Silver,QHP,SC
9160,42529IL0070023,42529,HMO,Bronze Expanded,QHP,IL
9161,42529IL0070024,42529,HMO,Bronze Expanded,QHP,IL
9162,42529IL0070025,42529,HMO,Silver,QHP,IL
9163,42529IL0070026,42529,HMO,Gold,QHP,IL
9164,42529IL0070027,42529,HMO,Gold,QHP,IL
9165,42529IL0070028,42529,HMO,Gold,QHP,IL
9166,42529IL0080001,42529,HMO,Silver,QHP,IL
9167,42529IL0080002,42529,HMO,Gold,QHP,IL
9168,43802GA0040042,43802,HMO,Bronze Expanded,QHP,GA
9169,43802GA0040043,43802,HMO,Bronze Expanded,QHP,GA
9170,43802GA0040044,43802,HMO,Silver,QHP,GA
9171,43802GA0040045,43802,HMO,Gold,QHP,GA
9172,43802GA0040046,43802,HMO,Gold,QHP,GA
9173,43802GA0040047,43802,HMO,Gold,QHP,GA
9174,43802GA0070001,43802,HMO,Silver,QHP,GA
9175,43802GA0070002,43802,HMO,Gold,QHP,GA
9176,45334GA0010105,45334,HMO,Silver,QHP,GA
9177,45334GA0010106,45334,HMO,Silver,QHP,GA
9178,45334GA0010108,45334,HMO,Silver,QHP,GA
9179,45334GA0010110,45334,HMO,Gold,QHP,GA
9180,45334GA0010111,45334,HMO,Gold,QHP,GA
9181,45334GA0010112,45334,HMO,Silver,QHP,GA
9182,45480OK0050032,45480,HMO,Silver,QHP,OK
9183,45480OK0050033,45480,HMO,Gold,QHP,OK
9184,45480OK0050034,45480,HMO,Gold,QHP,OK
9185,45480OK0050035,45480,HMO,Bronze Expanded,QHP,OK
9186,45480OK0050036,45480,HMO,Silver,QHP,OK
9187,45480OK0050037,45480,HMO,Silver,QHP,OK
9188,45480OK0110001,45480,HMO,Gold,QHP,OK
9189,45480OK0110002,45480,HMO,Silver,QHP,OK
9190,45786TX0020012,45786,HMO,Silver,QHP,TX
9191,45819IA0010055,45819,EPO,Bronze Expanded,QHP,IA
9192,45819IA0010056,45819,EPO,Bronze Expanded,QHP,IA
9193,45819IA0010057,45819,EPO,Silver,QHP,IA
9194,45819IA0010058,45819,EPO,Catastrophic,QHP,IA
9195,45819IA0010059,45819,EPO,Bronze Expanded,QHP,IA
9196,45819IA0010060,45819,EPO,Bronze Expanded,QHP,IA
9197,45819IA0010061,45819,EPO,Silver,QHP,IA
9198,45819IA0010062,45819,EPO,Silver,QHP,IA
9199,45819IA0010063,45819,EPO,Gold,QHP,IA
9200,45819IA0010064,45819,EPO,Silver,QHP,IA
9201,45819IA0010065,45819,EPO,Bronze Expanded,QHP,IA
9202,45819IA0010066,45819,EPO,Silver,QHP,IA
9203,45819IA0010067,45819,EPO,Gold,QHP,IA
9204,48161MO0200028,48161,EPO,Bronze Expanded,QHP,MO
9205,48161MO0200029,48161,EPO,Bronze Expanded,QHP,MO
9206,48161MO0200030,48161,EPO,Bronze Expanded,QHP,MO
9207,48161MO0200031,48161,EPO,Gold,QHP,MO
9208,48161MO0200032,48161,EPO,Gold,QHP,MO
9209,48161MO0200033,48161,EPO,Gold,QHP,MO
9210,48161MO0200034,48161,EPO,Silver,QHP,MO
9211,48161MO0200035,48161,EPO,Silver,QHP,MO
9212,48161MO0200036,48161,EPO,Silver,QHP,MO
9213,48161MO0200037,48161,EPO,Silver,QHP,MO
9214,48161MO0200038,48161,EPO,Silver,QHP,MO
9215,48161MO0200039,48161,EPO,Silver,QHP,MO
9216,48772AR0010001,48772,POS,Gold,QHP,AR
9217,48772AR0010002,48772,POS,Silver,QHP,AR
9218,48772AR0010003,48772,POS,Silver,QHP,AR
9219,48772AR0010004,48772,POS,Bronze Expanded,QHP,AR
9220,48772AR0010005,48772,POS,Bronze Expanded,QHP,AR
9221,49046GA0410190,49046,HMO,Bronze Expanded,QHP,GA
9222,49046GA0410191,49046,HMO,Silver,QHP,GA
9223,49046GA0410192,49046,HMO,Gold,QHP,GA
9224,50305SD0310008,50305,EPO,Bronze Expanded,QHP,SD
9225,50305SD0310009,50305,EPO,Bronze Expanded,QHP,SD
9226,50305SD0310010,50305,EPO,Silver,QHP,SD
9227,50305SD0310011,50305,EPO,Gold,QHP,SD
9228,50305SD0310012,50305,EPO,Bronze Expanded,QHP,SD
9229,50305SD0310013,50305,EPO,Silver,QHP,SD
9230,50305SD0310014,50305,EPO,Gold,QHP,SD
9231,50328WV0010029,50328,HMO,Silver,QHP,WV
9232,50328WV0010030,50328,HMO,Gold,QHP,WV
9233,50328WV0010031,50328,HMO,Silver,QHP,WV
9234,50328WV0010032,50328,HMO,Gold,QHP,WV
9235,50328WV0020029,50328,HMO,Silver,QHP,WV
9236,50328WV0020030,50328,HMO,Gold,QHP,WV
9237,50328WV0020031,50328,HMO,Silver,QHP,WV
9238,50328WV0020032,50328,HMO,Gold,QHP,WV
9239,52664OH1530030,52664,HMO,Silver,QHP,OH
9240,52697WI0010010,52697,HMO,Silver,QHP,WI
9241,53461MO0010047,53461,EPO,Silver,QHP,MO
9242,53461MO0010073,53461,EPO,Bronze Expanded,QHP,MO
9243,53461MO0070047,53461,EPO,Silver,QHP,MO
9244,53461MO0070073,53461,EPO,Bronze Expanded,QHP,MO
9245,53461MO0080047,53461,EPO,Silver,QHP,MO
9246,53461MO0080073,53461,EPO,Bronze Expanded,QHP,MO
9247,53901AZ1420156,53901,HMO,Silver,QHP,AZ
9248,53901AZ1420157,53901,HMO,Silver,QHP,AZ
9249,53901AZ1420161,53901,HMO,Silver,QHP,AZ
9250,53901AZ1420163,53901,HMO,Silver,QHP,AZ
9251,53901AZ1420166,53901,HMO,Silver,QHP,AZ
9252,53901AZ1420167,53901,HMO,Silver,QHP,AZ
9253,53932AL0110011,53932,EPO,Bronze Expanded,QHP,AL
9254,53932AL0110012,53932,EPO,Silver,QHP,AL
9255,53932AL0110013,53932,EPO,Gold,QHP,AL
9256,54172FL0010011,54172,HMO,Silver,QHP,FL
9257,54192IN0010024,54192,HMO,Gold,QHP,IN
9258,54192IN0010025,54192,HMO,Silver,QHP,IN
9259,54192IN0010026,54192,HMO,Gold,QHP,IN
9260,54192IN0010027,54192,HMO,Silver,QHP,IN
9261,54192IN0020024,54192,HMO,Gold,QHP,IN
9262,54192IN0020025,54192,HMO,Silver,QHP,IN
9263,54192IN0020026,54192,HMO,Gold,QHP,IN
9264,54192IN0020027,54192,HMO,Silver,QHP,IN
9265,54332NC0030032,54332,HMO,Bronze Expanded,QHP,NC
9266,54332NC0030033,54332,HMO,Bronze Expanded,QHP,NC
9267,54332NC0030034,54332,HMO,Silver,QHP,NC
9268,54332NC0030035,54332,HMO,Gold,QHP,NC
9269,54332NC0060001,54332,HMO,Silver,QHP,NC
9270,54332NC0060002,54332,HMO,Gold,QHP,NC
9271,56503FL3340001,56503,POS,Bronze Expanded,QHP,FL
9272,56503FL3350001,56503,POS,Gold,QHP,FL
9273,56503FL3360001,56503,POS,Platinum,QHP,FL
9274,56503FL3370001,56503,POS,Silver,QHP,FL
9275,56766MS0010016,56766,EPO,Bronze,QHP,MS
9276,57845WI0040073,57845,EPO,Bronze Expanded,QHP,WI
9277,57845WI0050073,57845,EPO,Bronze Expanded,QHP,WI
9278,57845WI0060073,57845,EPO,Bronze Expanded,QHP,WI
9279,58594MI0040024,58594,HMO,Bronze Expanded,QHP,MI
9280,58594MI0040025,58594,HMO,Silver,QHP,MI
9281,58594MI0040026,58594,HMO,Gold,QHP,MI
9282,58840TX0110075,58840,HMO,Gold,QHP,TX
9283,58840TX0110076,58840,HMO,Gold,QHP,TX
9284,58840TX0110077,58840,HMO,Gold,QHP,TX
9285,58840TX0110078,58840,HMO,Gold,QHP,TX
9286,58840TX0110079,58840,HMO,Gold,QHP,TX
9287,58840TX0110082,58840,HMO,Gold,QHP,TX
9288,58840TX0110083,58840,HMO,Gold,QHP,TX
9289,58840TX0110084,58840,HMO,Gold,QHP,TX
9290,58840TX0110085,58840,HMO,Gold,QHP,TX
9291,58840TX0110086,58840,HMO,Gold,QHP,TX
9292,58840TX0110087,58840,HMO,Gold,QHP,TX
9293,58840TX0110088,58840,HMO,Gold,QHP,TX
9294,58840TX0110089,58840,HMO,Gold,QHP,TX
9295,58840TX0110092,58840,HMO,Gold,QHP,TX
9296,58840TX0110093,58840,HMO,Gold,QHP,TX
9297,58840TX0110094,58840,HMO,Gold,QHP,TX
9298,58840TX0110097,58840,HMO,Gold,QHP,TX
9299,58840TX0110098,58840,HMO,Gold,QHP,TX
9300,58840TX0110101,58840,HMO,Silver,QHP,TX
9301,58840TX0110102,58840,HMO,Silver,QHP,TX
9302,58840TX0110103,58840,HMO,Silver,QHP,TX
9303,58840TX0110105,58840,HMO,Silver,QHP,TX
9304,58840TX0110107,58840,HMO,Silver,QHP,TX
9305,58840TX0110109,58840,HMO,Silver,QHP,TX
9306,58840TX0110111,58840,HMO,Silver,QHP,TX
9307,58840TX0110117,58840,HMO,Silver,QHP,TX
9308,58840TX0110119,58840,HMO,Silver,QHP,TX
9309,58840TX0110121,58840,HMO,Silver,QHP,TX
9310,58840TX0110123,58840,HMO,Silver,QHP,TX
9311,58840TX0110124,58840,HMO,Silver,QHP,TX
9312,58840TX0110125,58840,HMO,Silver,QHP,TX
9313,58840TX0110126,58840,HMO,Silver,QHP,TX
9314,58840TX0110127,58840,HMO,Silver,QHP,TX
9315,58840TX0110130,58840,HMO,Silver,QHP,TX
9316,58840TX0110131,58840,HMO,Silver,QHP,TX
9317,58840TX0110132,58840,HMO,Silver,QHP,TX
9318,58840TX0110133,58840,HMO,Silver,QHP,TX
9319,58840TX0110134,58840,HMO,Silver,QHP,TX
9320,58840TX0110135,58840,HMO,Silver,QHP,TX
9321,58840TX0110136,58840,HMO,Silver,QHP,TX
9322,58840TX0110137,58840,HMO,Silver,QHP,TX
9323,58840TX0110140,58840,HMO,Silver,QHP,TX
9324,58840TX0110141,58840,HMO,Silver,QHP,TX
9325,58840TX0110142,58840,HMO,Silver,QHP,TX
9326,58840TX0110145,58840,HMO,Silver,QHP,TX
9327,58840TX0110146,58840,HMO,Silver,QHP,TX
9328,58944OK0010002,58944,HMO,Bronze Expanded,QHP,OK
9329,58944OK0010003,58944,HMO,Silver,QHP,OK
9330,58944OK0010006,58944,HMO,Gold,QHP,OK
9331,58944OK0010007,58944,HMO,Bronze Expanded,QHP,OK
9332,58944OK0010008,58944,HMO,Silver,QHP,OK
9333,58944OK0010009,58944,HMO,Gold,QHP,OK
9334,59025NH0370067,59025,HMO,Gold,QHP,NH
9335,59025NH0370068,59025,HMO,Gold,QHP,NH
9336,59025NH0370069,59025,HMO,Silver,QHP,NH
9337,59025NH0370070,59025,HMO,Silver,QHP,NH
9338,59025NH0370072,59025,HMO,Silver,QHP,NH
9339,59025NH0370073,59025,HMO,Silver,QHP,NH
9340,59025NH0370075,59025,HMO,Bronze Expanded,QHP,NH
9341,59025NH0370076,59025,HMO,Bronze Expanded,QHP,NH
9342,59025NH0370078,59025,HMO,Bronze Expanded,QHP,NH
9343,59025NH0370080,59025,HMO,Bronze Expanded,QHP,NH
9344,59025NH0370081,59025,HMO,Gold,QHP,NH
9345,59025NH0370082,59025,HMO,Silver,QHP,NH
9346,59025NH0370083,59025,HMO,Bronze Expanded,QHP,NH
9347,60224GA0010012,60224,HMO,Gold,QHP,GA
9348,60224GA0010013,60224,HMO,Silver,QHP,GA
9349,60224GA0020012,60224,HMO,Gold,QHP,GA
9350,60224GA0020013,60224,HMO,Silver,QHP,GA
9351,60536SD0020064,60536,PPO,Gold,QHP,SD
9352,60536SD0020065,60536,PPO,Gold,QHP,SD
9353,60536SD0020066,60536,PPO,Bronze Expanded,QHP,SD
9354,60536SD0020067,60536,PPO,Bronze Expanded,QHP,SD
9355,60536SD0060021,60536,HMO,Bronze Expanded,QHP,SD
9356,60536SD0060022,60536,HMO,Gold,QHP,SD
9357,60536SD0060026,60536,HMO,Silver,QHP,SD
9358,61671NC0100016,61671,HMO,Bronze Expanded,QHP,NC
9359,61671NC0100017,61671,HMO,Gold,QHP,NC
9360,61671NC0100018,61671,HMO,Gold,QHP,NC
9361,61671NC0100019,61671,HMO,Silver,QHP,NC
9362,61671NC0100021,61671,HMO,Silver,QHP,NC
9363,62141AR0100033,62141,PPO,Bronze Expanded,QHP,AR
9364,62141AR0100034,62141,PPO,Silver,QHP,AR
9365,62141AR0100035,62141,PPO,Gold,QHP,AR
9366,62505OK0130019,62505,PPO,Bronze Expanded,QHP,OK
9367,62505OK0130020,62505,PPO,Silver,QHP,OK
9368,62505OK0130021,62505,PPO,Gold,QHP,OK
9369,64004DE0090001,64004,EPO,Bronze Expanded,QHP,DE
9370,64004DE0090002,64004,EPO,Bronze Expanded,QHP,DE
9371,64004DE0090003,64004,EPO,Bronze Expanded,QHP,DE
9372,64004DE0090004,64004,EPO,Bronze Expanded,QHP,DE
9373,64004DE0090005,64004,EPO,Silver,QHP,DE
9374,64004DE0090006,64004,EPO,Silver,QHP,DE
9375,64004DE0090007,64004,EPO,Silver,QHP,DE
9376,64004DE0090008,64004,EPO,Silver,QHP,DE
9377,64004DE0090009,64004,EPO,Gold,QHP,DE
9378,64004DE0090010,64004,EPO,Gold,QHP,DE
9379,64004DE0090011,64004,EPO,Gold,QHP,DE
9380,64004DE0090012,64004,EPO,Gold,QHP,DE
9381,64004DE0100001,64004,EPO,Bronze Expanded,QHP,DE
9382,64004DE0100002,64004,EPO,Bronze Expanded,QHP,DE
9383,64004DE0100003,64004,EPO,Bronze Expanded,QHP,DE
9384,64004DE0100004,64004,EPO,Bronze Expanded,QHP,DE
9385,64004DE0100005,64004,EPO,Silver,QHP,DE
9386,64004DE0100006,64004,EPO,Silver,QHP,DE
9387,64004DE0100007,64004,EPO,Silver,QHP,DE
9388,64004DE0100008,64004,EPO,Silver,QHP,DE
9389,64004DE0100009,64004,EPO,Gold,QHP,DE
9390,64004DE0100010,64004,EPO,Gold,QHP,DE
9391,64004DE0100011,64004,EPO,Gold,QHP,DE
9392,64004DE0100012,64004,EPO,Gold,QHP,DE
9393,64353OH0010010,64353,HMO,Silver,QHP,OH
9394,65280IL0010015,65280,HMO,Gold,QHP,IL
9395,65280IL0010016,65280,HMO,Silver,QHP,IL
9396,66252TX0300001,66252,HMO,Bronze Expanded,QHP,TX
9397,66252TX0300002,66252,HMO,Bronze Expanded,QHP,TX
9398,66252TX0300003,66252,HMO,Bronze Expanded,QHP,TX
9399,66252TX0300006,66252,HMO,Bronze Expanded,QHP,TX
9400,66252TX0300007,66252,HMO,Bronze Expanded,QHP,TX
9401,66252TX0300009,66252,HMO,Bronze Expanded,QHP,TX
9402,66252TX0300010,66252,HMO,Bronze Expanded,QHP,TX
9403,66252TX0300011,66252,HMO,Bronze Expanded,QHP,TX
9404,66252TX0300012,66252,HMO,Bronze Expanded,QHP,TX
9405,66252TX0300013,66252,HMO,Bronze Expanded,QHP,TX
9406,67190DE0100011,67190,HMO,Gold,QHP,DE
9407,67190DE0100012,67190,HMO,Silver,QHP,DE
9408,67190DE0100013,67190,HMO,Silver,QHP,DE
9409,67926FL0010006,67926,HMO,Bronze Expanded,QHP,FL
9410,67926FL0010007,67926,HMO,Silver,QHP,FL
9411,68398FL0030045,68398,HMO,Bronze Expanded,QHP,FL
9412,68398FL0030046,68398,HMO,Silver,QHP,FL
9413,68398FL0030048,68398,HMO,Silver,QHP,FL
9414,68398FL0030050,68398,HMO,Gold,QHP,FL
9415,68398FL0030051,68398,HMO,Gold,QHP,FL
9416,68398FL0060001,68398,HMO,Gold,QHP,FL
9417,68398FL0060002,68398,HMO,Silver,QHP,FL
9418,69443TN0140028,69443,EPO,Bronze Expanded,QHP,TN
9419,69443TN0140029,69443,EPO,Silver,QHP,TN
9420,69443TN0140030,69443,EPO,Gold,QHP,TN
9421,69443TN0180001,69443,EPO,Silver,QHP,TN
9422,69443TN0180002,69443,EPO,Gold,QHP,TN
9423,69461AL0110020,69461,EPO,Bronze Expanded,QHP,AL
9424,69461AL0110021,69461,EPO,Silver,QHP,AL
9425,69461AL0110022,69461,EPO,Gold,QHP,AL
9426,69461AL0110023,69461,EPO,Gold,QHP,AL
9427,69461AL0120001,69461,EPO,Silver,QHP,AL
9428,69461AL0120002,69461,EPO,Gold,QHP,AL
9429,69842LA0240020,69842,EPO,Bronze,QHP,LA
9430,69842LA0240021,69842,EPO,Silver,QHP,LA
9431,69842LA0240022,69842,EPO,Silver,QHP,LA
9432,69842LA0240023,69842,EPO,Gold,QHP,LA
9433,69842LA0240024,69842,EPO,Bronze Expanded,QHP,LA
9434,69842LA0250001,69842,EPO,Silver,QHP,LA
9435,69842LA0250002,69842,EPO,Gold,QHP,LA
9436,70111TN0120035,70111,EPO,Bronze Expanded,QHP,TN
9437,70111TN0120036,70111,EPO,Silver,QHP,TN
9438,70111TN0120037,70111,EPO,Gold,QHP,TN
9439,70111TN0160001,70111,EPO,Bronze Expanded,QHP,TN
9440,70111TN0160002,70111,EPO,Silver,QHP,TN
9441,70111TN0160003,70111,EPO,Gold,QHP,TN
9442,70893GA0030076,70893,HMO,Bronze Expanded,QHP,GA
9443,70893GA0030077,70893,HMO,Silver,QHP,GA
9444,70893GA0030078,70893,HMO,Gold,QHP,GA
9445,71667MI0010038,71667,HMO,Bronze Expanded,QHP,MI
9446,71667MI0010039,71667,HMO,Bronze Expanded,QHP,MI
9447,71667MI0010040,71667,HMO,Silver,QHP,MI
9448,71667MI0010041,71667,HMO,Silver,QHP,MI
9449,71667MI0010042,71667,HMO,Gold,QHP,MI
9450,71667MI0010043,71667,HMO,Gold,QHP,MI
9451,71667MI0050001,71667,HMO,Silver,QHP,MI
9452,71667MI0050002,71667,HMO,Gold,QHP,MI
9453,71837TX0010021,71837,HMO,Silver,QHP,TX
9454,71837TX0010022,71837,HMO,Silver,QHP,TX
9455,72547IL0170001,72547,PPO,Bronze Expanded,QHP,IL
9456,72547IL0170002,72547,PPO,Bronze Expanded,QHP,IL
9457,72547IL0170003,72547,PPO,Bronze Expanded,QHP,IL
9458,72547IL0170004,72547,PPO,Gold,QHP,IL
9459,72547IL0170005,72547,PPO,Gold,QHP,IL
9460,72547IL0170006,72547,PPO,Silver,QHP,IL
9461,72547IL0170008,72547,PPO,Silver,QHP,IL
9462,72547IL0170009,72547,PPO,Silver,QHP,IL
9463,72547IL0170010,72547,PPO,Silver,QHP,IL
9464,72760DE0010006,72760,HMO,Bronze Expanded,QHP,DE
9465,72760DE0010007,72760,HMO,Silver,QHP,DE
9466,73107SC0010006,73107,HMO,Bronze Expanded,QHP,SC
9467,73107SC0010007,73107,HMO,Silver,QHP,SC
9468,73751ND0120073,73751,HMO,Bronze Expanded,QHP,ND
9469,73751ND0130045,73751,HMO,Gold,QHP,ND
9470,73751ND0130047,73751,HMO,Silver,QHP,ND
9471,73751ND0130073,73751,HMO,Bronze Expanded,QHP,ND
9472,73751ND0140073,73751,HMO,Bronze Expanded,QHP,ND
9473,73836AK0930001,73836,PPO,Gold,QHP,AK
9474,73836AK0930002,73836,PPO,Silver,QHP,AK
9475,73836AK0930003,73836,PPO,Bronze Expanded,QHP,AK
9476,73836AK0940001,73836,PPO,Gold,QHP,AK
9477,73836AK0950001,73836,PPO,Silver,QHP,AK
9478,73836AK0960001,73836,PPO,Bronze Expanded,QHP,AK
9479,73836AK0970002,73836,PPO,Bronze,QHP,AK
9480,74313OH0210037,74313,HMO,Silver,QHP,OH
9481,75293AR1200029,75293,PPO,Bronze Expanded,QHP,AR
9482,75841NH0100029,75841,EPO,Bronze Expanded,QHP,NH
9483,75841NH0100030,75841,EPO,Silver,QHP,NH
9484,75841NH0100031,75841,EPO,Gold,QHP,NH
9485,76168DE0690008,76168,PPO,Bronze Expanded,QHP,DE
9486,76168DE0760005,76168,PPO,Bronze Expanded,QHP,DE
9487,76179IN0130081,76179,EPO,Bronze Expanded,QHP,IN
9488,76179IN0130082,76179,EPO,Silver,QHP,IN
9489,76179IN0130083,76179,EPO,Gold,QHP,IN
9490,77264NC0020055,77264,HMO,Bronze Expanded,QHP,NC
9491,77264NC0020056,77264,HMO,Silver,QHP,NC
9492,77264NC0020057,77264,HMO,Gold,QHP,NC
9493,77264NC0020058,77264,HMO,Bronze Expanded,QHP,NC
9494,77264NC0020059,77264,HMO,Silver,QHP,NC
9495,77264NC0020060,77264,HMO,Gold,QHP,NC
9496,77552OH0010209,77552,HMO,Silver,QHP,OH
9497,77552OH0010210,77552,HMO,Gold,QHP,OH
9498,77552OH0010212,77552,HMO,Gold,QHP,OH
9499,77552OH0010213,77552,HMO,Silver,QHP,OH
9500,77552OH0020209,77552,HMO,Silver,QHP,OH
9501,77552OH0020210,77552,HMO,Gold,QHP,OH
9502,77552OH0020212,77552,HMO,Gold,QHP,OH
9503,77552OH0020213,77552,HMO,Silver,QHP,OH
9504,77969OR5280023,77969,EPO,Gold,QHP,OR
9505,77969OR5280027,77969,EPO,Gold,QHP,OR
9506,79222SC0020031,79222,HMO,Bronze Expanded,QHP,SC
9507,79222SC0020032,79222,HMO,Silver,QHP,SC
9508,79222SC0020033,79222,HMO,Gold,QHP,SC
9509,79475WI0340212,79475,HMO,Bronze Expanded,QHP,WI
9510,79475WI0340213,79475,HMO,Bronze Expanded,QHP,WI
9511,79475WI0340214,79475,HMO,Silver,QHP,WI
9512,79475WI0340215,79475,HMO,Silver,QHP,WI
9513,79475WI0340216,79475,HMO,Bronze,QHP,WI
9514,79475WI0340217,79475,HMO,Bronze,QHP,WI
9515,79475WI0340218,79475,HMO,Gold,QHP,WI
9516,79475WI0340219,79475,HMO,Gold,QHP,WI
9517,79475WI0340220,79475,HMO,Bronze Expanded,QHP,WI
9518,79475WI0340221,79475,HMO,Bronze Expanded,QHP,WI
9519,79475WI0340222,79475,HMO,Silver,QHP,WI
9520,79475WI0340223,79475,HMO,Silver,QHP,WI
9521,79475WI0340224,79475,HMO,Bronze Expanded,QHP,WI
9522,79475WI0340225,79475,HMO,Bronze Expanded,QHP,WI
9523,79475WI0340226,79475,HMO,Bronze Expanded,QHP,WI
9524,79475WI0340227,79475,HMO,Bronze Expanded,QHP,WI
9525,79475WI0340228,79475,HMO,Silver,QHP,WI
9526,79475WI0340229,79475,HMO,Silver,QHP,WI
9527,79475WI0340230,79475,HMO,Gold,QHP,WI
9528,79475WI0340231,79475,HMO,Gold,QHP,WI
9529,79475WI0340232,79475,HMO,Silver,QHP,WI
9530,79475WI0340233,79475,HMO,Silver,QHP,WI
9531,79475WI0530001,79475,POS,Bronze Expanded,QHP,WI
9532,79475WI0530002,79475,POS,Silver,QHP,WI
9533,79475WI0530003,79475,POS,Bronze,QHP,WI
9534,79475WI0530004,79475,POS,Bronze Expanded,QHP,WI
9535,79475WI0530005,79475,POS,Bronze Expanded,QHP,WI
9536,79475WI0530006,79475,POS,Silver,QHP,WI
9537,79475WI0530007,79475,POS,Gold,QHP,WI
9538,79475WI0530008,79475,POS,Bronze Expanded,QHP,WI
9539,79475WI0530009,79475,POS,Silver,QHP,WI
9540,79475WI0530010,79475,POS,Gold,QHP,WI
9541,79475WI0530017,79475,POS,Silver,QHP,WI
9542,79975MS0010011,79975,HMO,Silver,QHP,MS
9543,80180WI0100001,80180,HMO,Bronze Expanded,QHP,WI
9544,80180WI0100003,80180,HMO,Bronze Expanded,QHP,WI
9545,80180WI0100004,80180,HMO,Bronze Expanded,QHP,WI
9546,80180WI0100005,80180,HMO,Silver,QHP,WI
9547,80180WI0100007,80180,HMO,Silver,QHP,WI
9548,80180WI0100008,80180,HMO,Silver,QHP,WI
9549,80180WI0100009,80180,HMO,Silver,QHP,WI
9550,80180WI0100010,80180,HMO,Gold,QHP,WI
9551,80180WI0100011,80180,HMO,Gold,QHP,WI
9552,80180WI0100012,80180,HMO,Gold,QHP,WI
9553,80180WI0110001,80180,HMO,Silver,QHP,WI
9554,80180WI0110002,80180,HMO,Gold,QHP,WI
9555,82824GA0110028,82824,HMO,Bronze Expanded,QHP,GA
9556,82824GA0110029,82824,HMO,Bronze Expanded,QHP,GA
9557,82824GA0110030,82824,HMO,Gold,QHP,GA
9558,82824GA0110031,82824,HMO,Gold,QHP,GA
9559,82824GA0110032,82824,HMO,Silver,QHP,GA
9560,83761GA0040380,83761,PPO,Platinum,QHP,GA
9561,83761GA0040381,83761,PPO,Bronze Expanded,QHP,GA
9562,83761GA0040382,83761,PPO,Bronze Expanded,QHP,GA
9563,83761GA0040383,83761,PPO,Catastrophic,QHP,GA
9564,83761GA0040385,83761,PPO,Bronze Expanded,QHP,GA
9565,83761GA0040386,83761,PPO,Bronze Expanded,QHP,GA
9566,83761GA0040392,83761,PPO,Catastrophic,QHP,GA
9567,83761GA0040393,83761,PPO,Bronze Expanded,QHP,GA
9568,83761GA0040394,83761,PPO,Platinum,QHP,GA
9569,83761GA0040395,83761,PPO,Gold,QHP,GA
9570,83761GA0040396,83761,PPO,Silver,QHP,GA
9571,83761GA0040397,83761,PPO,Bronze Expanded,QHP,GA
9572,83761GA0040398,83761,PPO,Platinum,QHP,GA
9573,83761GA0110028,83761,HMO,Platinum,QHP,GA
9574,83761GA0110030,83761,HMO,Bronze Expanded,QHP,GA
9575,83761GA0110034,83761,HMO,Platinum,QHP,GA
9576,83761GA0110035,83761,HMO,Gold,QHP,GA
9577,83761GA0110036,83761,HMO,Gold,QHP,GA
9578,83761GA0110038,83761,HMO,Silver,QHP,GA
9579,83761GA0110039,83761,HMO,Silver,QHP,GA
9580,83761GA0110040,83761,HMO,Bronze Expanded,QHP,GA
9581,83761GA0110042,83761,HMO,Bronze Expanded,QHP,GA
9582,83761GA0110046,83761,HMO,Catastrophic,QHP,GA
9583,83761GA0110047,83761,HMO,Platinum,QHP,GA
9584,83761GA0110048,83761,HMO,Platinum,QHP,GA
9585,83761GA0110049,83761,HMO,Gold,QHP,GA
9586,83761GA0110050,83761,HMO,Silver,QHP,GA
9587,83761GA0110051,83761,HMO,Bronze Expanded,QHP,GA
9588,84600KS0130001,84600,EPO,Bronze Expanded,QHP,KS
9589,84600KS0130002,84600,EPO,Bronze Expanded,QHP,KS
9590,84600KS0130003,84600,EPO,Bronze Expanded,QHP,KS
9591,84600KS0130004,84600,EPO,Gold,QHP,KS
9592,84600KS0130005,84600,EPO,Gold,QHP,KS
9593,84600KS0130006,84600,EPO,Silver,QHP,KS
9594,84600KS0130007,84600,EPO,Silver,QHP,KS
9595,84600KS0130008,84600,EPO,Silver,QHP,KS
9596,84600KS0130009,84600,EPO,Silver,QHP,KS
9597,84867OH0100001,84867,HMO,Bronze Expanded,QHP,OH
9598,84867OH0100002,84867,HMO,Bronze Expanded,QHP,OH
9599,84867OH0100003,84867,HMO,Bronze Expanded,QHP,OH
9600,84867OH0100004,84867,HMO,Gold,QHP,OH
9601,84867OH0100005,84867,HMO,Gold,QHP,OH
9602,84867OH0100006,84867,HMO,Silver,QHP,OH
9603,84867OH0100007,84867,HMO,Silver,QHP,OH
9604,84867OH0100008,84867,HMO,Silver,QHP,OH
9605,84867OH0100009,84867,HMO,Silver,QHP,OH
9606,85773IL0030051,85773,HMO,Gold,QHP,IL
9607,85773IL0030052,85773,HMO,Gold,QHP,IL
9608,85773IL0030054,85773,HMO,Silver,QHP,IL
9609,85773IL0030055,85773,HMO,Silver,QHP,IL
9610,85773IL0030059,85773,HMO,Gold,QHP,IL
9611,85773IL0030060,85773,HMO,Gold,QHP,IL
9612,85773IL0030061,85773,HMO,Gold,QHP,IL
9613,85773IL0030062,85773,HMO,Gold,QHP,IL
9614,85773IL0030063,85773,HMO,Gold,QHP,IL
9615,85773IL0030065,85773,HMO,Silver,QHP,IL
9616,85773IL0030066,85773,HMO,Silver,QHP,IL
9617,85773IL0030067,85773,HMO,Silver,QHP,IL
9618,85773IL0030068,85773,HMO,Silver,QHP,IL
9619,85773IL0030069,85773,HMO,Silver,QHP,IL
9620,85773IL0030070,85773,HMO,Bronze Expanded,QHP,IL
9621,85773IL0030071,85773,HMO,Bronze Expanded,QHP,IL
9622,85773IL0030072,85773,HMO,Bronze Expanded,QHP,IL
9623,85773IL0030073,85773,HMO,Bronze Expanded,QHP,IL
9624,85773IL0030074,85773,HMO,Bronze Expanded,QHP,IL
9625,85773IL0030075,85773,HMO,Catastrophic,QHP,IL
9626,85773IL0030081,85773,HMO,Bronze Expanded,QHP,IL
9627,85773IL0040012,85773,HMO,Silver,QHP,IL
9628,85773IL0040014,85773,HMO,Silver,QHP,IL
9629,85773IL0040018,85773,HMO,Bronze Expanded,QHP,IL
9630,85773IL0040019,85773,HMO,Bronze Expanded,QHP,IL
9631,85773IL0040033,85773,HMO,Gold,QHP,IL
9632,85773IL0040035,85773,HMO,Gold,QHP,IL
9633,85773IL0040038,85773,HMO,Silver,QHP,IL
9634,85773IL0040042,85773,HMO,Bronze Expanded,QHP,IL
9635,85773IL0040043,85773,HMO,Bronze Expanded,QHP,IL
9636,85773IL0040055,85773,HMO,Silver,QHP,IL
9637,85773IL0040060,85773,HMO,Gold,QHP,IL
9638,85773IL0040062,85773,HMO,Gold,QHP,IL
9639,86584WI0010016,86584,HMO,Bronze Expanded,QHP,WI
9640,87416WI0030041,87416,EPO,Bronze Expanded,QHP,WI
9641,87571OK0350164,87571,PPO,Silver,QHP,OK
9642,87571OK0350165,87571,PPO,Catastrophic,QHP,OK
9643,87571OK0350166,87571,PPO,Gold,QHP,OK
9644,87571OK0350167,87571,PPO,Bronze,QHP,OK
9645,87571OK0350171,87571,PPO,Gold,QHP,OK
9646,87571OK0350172,87571,PPO,Silver,QHP,OK
9647,87571OK0350173,87571,PPO,Bronze Expanded,QHP,OK
9648,87571OK0350176,87571,PPO,Bronze Expanded,QHP,OK
9649,87571OK0350177,87571,PPO,Silver,QHP,OK
9650,87571OK0350178,87571,PPO,Gold,QHP,OK
9651,87571OK0350179,87571,PPO,Bronze,QHP,OK
9652,87571OK0350180,87571,PPO,Bronze,QHP,OK
9653,87571OK0350181,87571,PPO,Bronze,QHP,OK
9654,87571OK0350182,87571,PPO,Bronze,QHP,OK
9655,87571OK0350191,87571,PPO,Bronze Expanded,QHP,OK
9656,87571OK0350192,87571,PPO,Bronze Expanded,QHP,OK
9657,87571OK0350193,87571,PPO,Bronze Expanded,QHP,OK
9658,87571OK0350194,87571,PPO,Bronze Expanded,QHP,OK
9659,87571OK0350195,87571,PPO,Gold,QHP,OK
9660,87571OK0350196,87571,PPO,Gold,QHP,OK
9661,87571OK0350197,87571,PPO,Gold,QHP,OK
9662,87571OK0350198,87571,PPO,Gold,QHP,OK
9663,87571OK0350199,87571,PPO,Gold,QHP,OK
9664,87571OK0350200,87571,PPO,Gold,QHP,OK
9665,87571OK0350201,87571,PPO,Gold,QHP,OK
9666,87571OK0350202,87571,PPO,Gold,QHP,OK
9667,87571OK0350203,87571,PPO,Catastrophic,QHP,OK
9668,87571OK0350204,87571,PPO,Catastrophic,QHP,OK
9669,87571OK0350205,87571,PPO,Catastrophic,QHP,OK
9670,87571OK0350206,87571,PPO,Catastrophic,QHP,OK
9671,87571OK0350207,87571,PPO,Silver,QHP,OK
9672,87571OK0350208,87571,PPO,Silver,QHP,OK
9673,87571OK0350209,87571,PPO,Silver,QHP,OK
9674,87571OK0350210,87571,PPO,Silver,QHP,OK
9675,87571OK0350215,87571,PPO,Silver,QHP,OK
9676,87571OK0350216,87571,PPO,Silver,QHP,OK
9677,87571OK0350217,87571,PPO,Silver,QHP,OK
9678,87571OK0350218,87571,PPO,Silver,QHP,OK
9679,87571OK0350219,87571,PPO,Bronze Expanded,QHP,OK
9680,87571OK0350220,87571,PPO,Bronze Expanded,QHP,OK
9681,87571OK0350221,87571,PPO,Bronze Expanded,QHP,OK
9682,87571OK0350222,87571,PPO,Bronze Expanded,QHP,OK
9683,87571OK0350223,87571,PPO,Silver,QHP,OK
9684,87571OK0350224,87571,PPO,Silver,QHP,OK
9685,87571OK0350225,87571,PPO,Silver,QHP,OK
9686,87571OK0350226,87571,PPO,Silver,QHP,OK
9687,87571OK0350227,87571,PPO,Gold,QHP,OK
9688,87571OK0350228,87571,PPO,Gold,QHP,OK
9689,87571OK0350229,87571,PPO,Gold,QHP,OK
9690,87571OK0350230,87571,PPO,Gold,QHP,OK
9691,87571OK0510070,87571,HMO,Silver,QHP,OK
9692,87571OK0510071,87571,HMO,Gold,QHP,OK
9693,87571OK0510072,87571,HMO,Silver,QHP,OK
9694,87571OK0510073,87571,HMO,Gold,QHP,OK
9695,89364ND0090029,89364,HMO,Gold,QHP,ND
9696,89364ND0120019,89364,PPO,Gold,QHP,ND
9697,90714MS0030064,90714,HMO,Bronze Expanded,QHP,MS
9698,90714MS0030065,90714,HMO,Silver,QHP,MS
9699,90714MS0030066,90714,HMO,Gold,QHP,MS
9700,90787LA0010001,90787,EPO,Bronze Expanded,QHP,LA
9701,90787LA0010002,90787,EPO,Bronze Expanded,QHP,LA
9702,90787LA0010003,90787,EPO,Silver,QHP,LA
9703,90787LA0010004,90787,EPO,Silver,QHP,LA
9704,90787LA0010005,90787,EPO,Silver,QHP,LA
9705,90787LA0010006,90787,EPO,Gold,QHP,LA
9706,90787LA0010007,90787,EPO,Gold,QHP,LA
9707,90787LA0010008,90787,EPO,Gold,QHP,LA
9708,90787LA0010009,90787,EPO,Bronze Expanded,QHP,LA
9709,90787LA0010010,90787,EPO,Silver,QHP,LA
9710,90787LA0010011,90787,EPO,Gold,QHP,LA
9711,90787LA0020001,90787,EPO,Bronze Expanded,QHP,LA
9712,90787LA0020002,90787,EPO,Bronze Expanded,QHP,LA
9713,90787LA0020003,90787,EPO,Silver,QHP,LA
9714,90787LA0020004,90787,EPO,Silver,QHP,LA
9715,90787LA0020005,90787,EPO,Gold,QHP,LA
9716,90787LA0020006,90787,EPO,Gold,QHP,LA
9717,90787LA0020007,90787,EPO,Silver,QHP,LA
9718,90787LA0020008,90787,EPO,Gold,QHP,LA
9719,90787LA0020009,90787,EPO,Bronze Expanded,QHP,LA
9720,90787LA0020010,90787,EPO,Silver,QHP,LA
9721,90787LA0020011,90787,EPO,Gold,QHP,LA
9722,91450AZ0180104,91450,HMO,Bronze Expanded,QHP,AZ
9723,91450AZ0180105,91450,HMO,Silver,QHP,AZ
9724,91450AZ0180106,91450,HMO,Gold,QHP,AZ
9725,91908OK0010055,91908,PPO,Silver,QHP,OK
9726,93078IA0050041,93078,EPO,Bronze Expanded,QHP,IA
9727,93078IA0050047,93078,EPO,Silver,QHP,IA
9728,93078IA0050073,93078,EPO,Bronze Expanded,QHP,IA
9729,93078IA0060041,93078,EPO,Bronze Expanded,QHP,IA
9730,93078IA0060047,93078,EPO,Silver,QHP,IA
9731,93078IA0060053,93078,EPO,Silver,QHP,IA
9732,93078IA0060073,93078,EPO,Bronze Expanded,QHP,IA
9733,93078IA0070047,93078,EPO,Silver,QHP,IA
9734,93078IA0070053,93078,EPO,Silver,QHP,IA
9735,93078IA0070073,93078,EPO,Bronze Expanded,QHP,IA
9736,93078IA0080041,93078,EPO,Bronze Expanded,QHP,IA
9737,93078IA0080047,93078,EPO,Silver,QHP,IA
9738,93078IA0080073,93078,EPO,Bronze Expanded,QHP,IA
9739,93078IA0120041,93078,EPO,Bronze Expanded,QHP,IA
9740,93078IA0120047,93078,EPO,Silver,QHP,IA
9741,93078IA0120053,93078,EPO,Silver,QHP,IA
9742,93078IA0120073,93078,EPO,Bronze Expanded,QHP,IA
9743,94419IN0010021,94419,EPO,Silver,QHP,IN
9744,94529WI0240082,94529,HMO,Bronze Expanded,QHP,WI
9745,94529WI0240083,94529,HMO,Bronze Expanded,QHP,WI
9746,94968KS0090015,94968,EPO,Bronze Expanded,QHP,KS
9747,94968KS0090016,94968,EPO,Silver,QHP,KS
9748,94968KS0090017,94968,EPO,Gold,QHP,KS
9749,94968KS0090018,94968,EPO,Gold,QHP,KS
9750,94968KS0100001,94968,EPO,Gold,QHP,KS
9751,94968KS0100002,94968,EPO,Silver,QHP,KS
9752,95426MO0410015,95426,EPO,Silver,QHP,MO
9753,95426MO0410016,95426,EPO,Silver,QHP,MO
9754,95426MO0410017,95426,EPO,Gold,QHP,MO
9755,95426MO0410018,95426,EPO,Gold,QHP,MO
9756,95426MO0410019,95426,EPO,Bronze Expanded,QHP,MO
9757,95426MO0420001,95426,EPO,Gold,QHP,MO
9758,95426MO0420002,95426,EPO,Silver,QHP,MO
9759,96384MO0220015,96384,EPO,Bronze,QHP,MO
9760,96384MO0220016,96384,EPO,Silver,QHP,MO
9761,96384MO0220017,96384,EPO,Silver,QHP,MO
9762,96384MO0220018,96384,EPO,Gold,QHP,MO
9763,96992IN0060001,96992,HMO,Bronze Expanded,QHP,IN
9764,96992IN0060002,96992,HMO,Bronze Expanded,QHP,IN
9765,96992IN0060003,96992,HMO,Bronze Expanded,QHP,IN
9766,96992IN0060004,96992,HMO,Gold,QHP,IN
9767,96992IN0060005,96992,HMO,Gold,QHP,IN
9768,96992IN0060006,96992,HMO,Silver,QHP,IN
9769,96992IN0060007,96992,HMO,Silver,QHP,IN
9770,96992IN0060008,96992,HMO,Silver,QHP,IN
9771,96992IN0060009,96992,HMO,Silver,QHP,IN
9772,97176LA0340024,97176,PPO,Bronze Expanded,QHP,LA
9773,97560MS0030028,97560,HMO,Bronze Expanded,QHP,MS
9774,97560MS0030029,97560,HMO,Silver,QHP,MS
9775,97560MS0030030,97560,HMO,Gold,QHP,MS
9776,97560MS0030031,97560,HMO,Gold,QHP,MS
9777,97560MS0030032,97560,HMO,Gold,QHP,MS
9778,97560MS0080001,97560,HMO,Silver,QHP,MS
9779,98113UT0010001,98113,HMO,Bronze Expanded,QHP,UT
9780,98113UT0010002,98113,HMO,Silver,QHP,UT
9781,98113UT0010003,98113,HMO,Gold,QHP,UT
9782,98113UT0020001,98113,HMO,Silver,QHP,UT
9783,98113UT0020002,98113,HMO,Gold,QHP,UT
9784,98780LA0140001,98780,HMO,Bronze Expanded,QHP,LA
9785,98780LA0140002,98780,HMO,Bronze Expanded,QHP,LA
9786,98780LA0140003,98780,HMO,Bronze Expanded,QHP,LA
9787,99129IL0120010,99129,HMO,Bronze Expanded,QHP,IL
9788,99129IL0120011,99129,HMO,Bronze Expanded,QHP,IL
9789,99129IL0120012,99129,HMO,Bronze Expanded,QHP,IL
9790,99129IL0120013,99129,HMO,Bronze Expanded,QHP,IL
9791,99129IL0120014,99129,HMO,Bronze Expanded,QHP,IL
9792,99129IL0120015,99129,HMO,Bronze Expanded,QHP,IL
9793,99129IL0120016,99129,HMO,Bronze Expanded,QHP,IL
9794,99129IL0120017,99129,HMO,Gold,QHP,IL
9795,99129IL0120018,99129,HMO,Gold,QHP,IL
9796,99129IL0120019,99129,HMO,Gold,QHP,IL
9797,99129IL0120020,99129,HMO,Gold,QHP,IL
9798,99129IL0120021,99129,HMO,Gold,QHP,IL
9799,99129IL0120022,99129,HMO,Silver,QHP,IL
9800,99129IL0120023,99129,HMO,Silver,QHP,IL
9801,99129IL0120024,99129,HMO,Silver,QHP,IL
9802,99129IL0120025,99129,HMO,Silver,QHP,IL
9803,99129IL0120026,99129,HMO,Silver,QHP,IL
9804,99129IL0120027,99129,HMO,Silver,QHP,IL
9805,99129IL0120028,99129,HMO,Silver,QHP,IL
9806,99129IL0120029,99129,HMO,Silver,QHP,IL
9807,99129IL0120030,99129,HMO,Silver,QHP,IL
9808,99129IL0120031,99129,HMO,Silver,QHP,IL
9809,99723MO0110070,99723,EPO,Bronze Expanded,QHP,MO
9810,99723MO0110071,99723,EPO,Silver,QHP,MO
9811,99723MO0110072,99723,EPO,Gold,QHP,MO
9812,99969OH0080491,99969,HMO,Gold,QHP,OH
9813,99969OH0080492,99969,HMO,Gold,QHP,OH
9814,99969OH0080493,99969,HMO,Silver,QHP,OH
9815,99969OH0080494,99969,HMO,Silver,QHP,OH
9816,99969OH0080495,99969,HMO,Silver,QHP,OH
9817,99969OH0080496,99969,HMO,Silver,QHP,OH
9818,99969OH0080497,99969,HMO,Silver,QHP,OH
9819,99969OH0080498,99969,HMO,Bronze Expanded,QHP,OH
9820,99969OH0080499,99969,HMO,Bronze Expanded,QHP,OH
9821,99969OH0080500,99969,HMO,Bronze Expanded,QHP,OH
9822,99969OH0080501,99969,HMO,Bronze,QHP,OH
9823,99969OH0080502,99969,HMO,Bronze Expanded,QHP,OH
9824,99969OH0080503,99969,HMO,Catastrophic,QHP,OH
9825,99969OH0080504,99969,HMO,Gold,QHP,OH
9826,99969OH0080505,99969,HMO,Silver,QHP,OH
9827,99969OH0080506,99969,HMO,Bronze Expanded,QHP,OH
9828,11269WY0170021,11269,PPO,Silver,QHP,WY
9829,11512NC0430001,11512,HMO,Gold,QHP,NC
9830,11512NC0430002,11512,HMO,Silver,QHP,NC
9831,11512NC0430003,11512,HMO,Bronze,QHP,NC
9832,11574IL0020060,11574,HMO,Silver,QHP,IL
9833,11718TX0140016,11718,HMO,Bronze,QHP,TX
9834,11718TX0140018,11718,HMO,Bronze,QHP,TX
9835,11718TX0140019,11718,HMO,Silver,QHP,TX
9836,11718TX0140020,11718,HMO,Silver,QHP,TX
9837,11718TX0140021,11718,HMO,Gold,QHP,TX
9838,11718TX0140022,11718,HMO,Gold,QHP,TX
9839,13219NH0010001,13219,HMO,Gold,QHP,NH
9840,13219NH0010002,13219,HMO,Silver,QHP,NH
9841,13219NH0010003,13219,HMO,Silver,QHP,NH
9842,13219NH0010004,13219,HMO,Silver,QHP,NH
9843,13219NH0010005,13219,HMO,Bronze,QHP,NH
9844,13219NH0010006,13219,HMO,Bronze,QHP,NH
9845,13219NH0010007,13219,HMO,Bronze,QHP,NH
9846,13262AR0230008,13262,POS,Silver,QHP,AR
9847,13591NC0010013,13591,HMO,Gold,QHP,NC
9848,13591NC0010014,13591,HMO,Silver,QHP,NC
9849,13591NC0010015,13591,HMO,Silver,QHP,NC
9850,13591NC0020013,13591,HMO,Gold,QHP,NC
9851,13591NC0020014,13591,HMO,Silver,QHP,NC
9852,13877AZ0070060,13877,HMO,Silver,QHP,AZ
9853,14002TN0400300,14002,EPO,Bronze,QHP,TN
9854,14002TN0400301,14002,EPO,Bronze,QHP,TN
9855,14002TN0400302,14002,EPO,Bronze,QHP,TN
9856,14002TN0400303,14002,EPO,Bronze,QHP,TN
9857,14002TN0400304,14002,EPO,Bronze,QHP,TN
9858,14002TN0400305,14002,EPO,Bronze,QHP,TN
9859,14002TN0400306,14002,EPO,Bronze,QHP,TN
9860,14002TN0400307,14002,EPO,Bronze,QHP,TN
9861,14002TN0400308,14002,EPO,Bronze,QHP,TN
9862,14002TN0400309,14002,EPO,Bronze,QHP,TN
9863,14002TN0400310,14002,EPO,Bronze,QHP,TN
9864,14002TN0400311,14002,EPO,Bronze,QHP,TN
9865,14002TN0400312,14002,EPO,Bronze,QHP,TN
9866,14002TN0400313,14002,EPO,Bronze,QHP,TN
9867,14002TN0400314,14002,EPO,Bronze,QHP,TN
9868,14002TN0400315,14002,EPO,Bronze,QHP,TN
9869,14002TN0400316,14002,EPO,Bronze,QHP,TN
9870,14002TN0400328,14002,EPO,Silver,QHP,TN
9871,14002TN0400329,14002,EPO,Silver,QHP,TN
9872,14002TN0400330,14002,EPO,Silver,QHP,TN
9873,14002TN0400331,14002,EPO,Silver,QHP,TN
9874,14002TN0400332,14002,EPO,Silver,QHP,TN
9875,14002TN0400333,14002,EPO,Silver,QHP,TN
9876,14002TN0400334,14002,EPO,Silver,QHP,TN
9877,14002TN0400335,14002,EPO,Silver,QHP,TN
9878,14002TN0400336,14002,EPO,Silver,QHP,TN
9879,14002TN0400337,14002,EPO,Silver,QHP,TN
9880,14002TN0400338,14002,EPO,Silver,QHP,TN
9881,14002TN0400339,14002,EPO,Silver,QHP,TN
9882,14002TN0400340,14002,EPO,Silver,QHP,TN
9883,14002TN0400341,14002,EPO,Silver,QHP,TN
9884,14002TN0400342,14002,EPO,Silver,QHP,TN
9885,14002TN0400353,14002,EPO,Gold,QHP,TN
9886,14002TN0400354,14002,EPO,Gold,QHP,TN
9887,14002TN0400355,14002,EPO,Gold,QHP,TN
9888,14002TN0400356,14002,EPO,Gold,QHP,TN
9889,14002TN0400357,14002,EPO,Gold,QHP,TN
9890,14002TN0400358,14002,EPO,Gold,QHP,TN
9891,14630WI0010016,14630,EPO,Gold,QHP,WI
9892,16842FL0310001,16842,EPO,Gold,QHP,FL
9893,16842FL0310004,16842,EPO,Silver,QHP,FL
9894,16842FL0310014,16842,EPO,Bronze,QHP,FL
9895,16842FL0320004,16842,EPO,Silver,QHP,FL
9896,16842FL0320014,16842,EPO,Bronze,QHP,FL
9897,17414NC0010013,17414,HMO,Silver,QHP,NC
9898,17414NC0010014,17414,HMO,Gold,QHP,NC
9899,17575IN0700101,17575,HMO,Bronze,QHP,IN
9900,17575IN0700102,17575,HMO,Silver,QHP,IN
9901,18558KS0400014,18558,EPO,Gold,QHP,KS
9902,18628FL0160060,18628,HMO,Bronze,QHP,FL
9903,18628FL0160061,18628,HMO,Gold,QHP,FL
9904,18628FL0160062,18628,HMO,Gold,QHP,FL
9905,18628FL0160063,18628,HMO,Gold,QHP,FL
9906,18628FL0160064,18628,HMO,Silver,QHP,FL
9907,18628FL0160065,18628,HMO,Silver,QHP,FL
9908,18628FL0160067,18628,HMO,Silver,QHP,FL
9909,19636LA0230009,19636,POS,Gold,QHP,LA
9910,19636LA0230010,19636,POS,Silver,QHP,LA
9911,19636LA0230011,19636,POS,Bronze,QHP,LA
9912,19636LA0240020,19636,POS,Gold,QHP,LA
9913,19636LA0240021,19636,POS,Gold,QHP,LA
9914,19636LA0240022,19636,POS,Gold,QHP,LA
9915,19636LA0240023,19636,POS,Silver,QHP,LA
9916,19636LA0240024,19636,POS,Silver,QHP,LA
9917,19636LA0240025,19636,POS,Silver,QHP,LA
9918,19636LA0240026,19636,POS,Bronze,QHP,LA
9919,19636LA0240027,19636,POS,Bronze,QHP,LA
9920,19636LA0240028,19636,POS,Bronze,QHP,LA
9921,19636LA0590005,19636,POS,Gold,QHP,LA
9922,19636LA0590006,19636,POS,Silver,QHP,LA
9923,19636LA0590007,19636,POS,Bronze,QHP,LA
9924,19636LA0610011,19636,POS,Gold,QHP,LA
9925,19636LA0610012,19636,POS,Gold,QHP,LA
9926,19636LA0610013,19636,POS,Silver,QHP,LA
9927,19636LA0610014,19636,POS,Silver,QHP,LA
9928,19636LA0610015,19636,POS,Bronze,QHP,LA
9929,19636LA0610016,19636,POS,Bronze,QHP,LA
9930,19898FL0340061,19898,HMO,Platinum,QHP,FL
9931,19898FL0340062,19898,HMO,Platinum,QHP,FL
9932,19898FL0340064,19898,HMO,Platinum,QHP,FL
9933,19898FL0340065,19898,HMO,Platinum,QHP,FL
9934,19898FL0350061,19898,HMO,Platinum,QHP,FL
9935,19898FL0350064,19898,HMO,Platinum,QHP,FL
9936,20069TX0510010,20069,HMO,Silver,QHP,TX
9937,20069TX0510011,20069,HMO,Silver,QHP,TX
9938,20069TX0510012,20069,HMO,Silver,QHP,TX
9939,20069TX0510013,20069,HMO,Silver,QHP,TX
9940,20069TX0510014,20069,HMO,Silver,QHP,TX
9941,20069TX0510015,20069,HMO,Silver,QHP,TX
9942,20069TX0510016,20069,HMO,Silver,QHP,TX
9943,20069TX0510017,20069,HMO,Silver,QHP,TX
9944,20069TX0510018,20069,HMO,Silver,QHP,TX
9945,20069TX0510019,20069,HMO,Silver,QHP,TX
9946,20069TX0510020,20069,HMO,Gold,QHP,TX
9947,20069TX0510021,20069,HMO,Gold,QHP,TX
9948,20069TX0510022,20069,HMO,Gold,QHP,TX
9949,20069TX0510023,20069,HMO,Gold,QHP,TX
9950,20069TX0510024,20069,HMO,Gold,QHP,TX
9951,20069TX0510025,20069,HMO,Gold,QHP,TX
9952,20069TX0510031,20069,HMO,Silver,QHP,TX
9953,20069TX0510032,20069,HMO,Gold,QHP,TX
9954,20069TX0510033,20069,HMO,Silver,QHP,TX
9955,20069TX0510034,20069,HMO,Gold,QHP,TX
9956,20069TX0510035,20069,HMO,Silver,QHP,TX
9957,20069TX0510036,20069,HMO,Gold,QHP,TX
9958,20069TX0510040,20069,HMO,Silver,QHP,TX
9959,20069TX0510041,20069,HMO,Silver,QHP,TX
9960,20069TX0510050,20069,HMO,Silver,QHP,TX
9961,20069TX0510051,20069,HMO,Silver,QHP,TX
9962,20069TX0510052,20069,HMO,Silver,QHP,TX
9963,20069TX0510053,20069,HMO,Silver,QHP,TX
9964,20069TX0510054,20069,HMO,Silver,QHP,TX
9965,20069TX0510055,20069,HMO,Gold,QHP,TX
9966,20069TX0510056,20069,HMO,Gold,QHP,TX
9967,20069TX0510057,20069,HMO,Gold,QHP,TX
9968,20069TX0510058,20069,HMO,Silver,QHP,TX
9969,20069TX0510059,20069,HMO,Silver,QHP,TX
9970,20069TX0510060,20069,HMO,Silver,QHP,TX
9971,20069TX0510061,20069,HMO,Silver,QHP,TX
9972,20069TX0510062,20069,HMO,Silver,QHP,TX
9973,20069TX0510063,20069,HMO,Gold,QHP,TX
9974,20069TX0510064,20069,HMO,Gold,QHP,TX
9975,20069TX0510065,20069,HMO,Gold,QHP,TX
9976,20069TX0510066,20069,HMO,Silver,QHP,TX
9977,20069TX0510067,20069,HMO,Silver,QHP,TX
9978,20069TX0510068,20069,HMO,Silver,QHP,TX
9979,20069TX0510069,20069,HMO,Silver,QHP,TX
9980,20069TX0510070,20069,HMO,Silver,QHP,TX
9981,20069TX0510071,20069,HMO,Gold,QHP,TX
9982,20069TX0510072,20069,HMO,Gold,QHP,TX
9983,20069TX0510073,20069,HMO,Gold,QHP,TX
9984,20069TX0510074,20069,HMO,Silver,QHP,TX
9985,20069TX0510075,20069,HMO,Silver,QHP,TX
9986,20069TX0510076,20069,HMO,Silver,QHP,TX
9987,20069TX0510077,20069,HMO,Silver,QHP,TX
9988,20069TX0510078,20069,HMO,Silver,QHP,TX
9989,20069TX0510079,20069,HMO,Gold,QHP,TX
9990,20069TX0510080,20069,HMO,Gold,QHP,TX
9991,20069TX0510081,20069,HMO,Gold,QHP,TX
9992,20129IL0330087,20129,HMO,Gold,QHP,IL
9993,20129IL0330088,20129,HMO,Silver,QHP,IL
9994,20129IL0330090,20129,HMO,Gold,QHP,IL
9995,20129IL0330091,20129,HMO,Silver,QHP,IL
9996,20305NE0030074,20305,EPO,Silver,QHP,NE
9997,20305NE0050074,20305,EPO,Bronze,QHP,NE
9998,20305NE0050075,20305,EPO,Gold,QHP,NE
9999,20305NE0100001,20305,EPO,Gold,QHP,NE
10000,20305NE0100002,20305,EPO,Silver,QHP,NE
10001,20305NE0100003,20305,EPO,Bronze,QHP,NE
10002,20305NE0100004,20305,EPO,Gold,QHP,NE
10003,20305NE0100005,20305,EPO,Silver,QHP,NE
10004,20305NE0100006,20305,EPO,Bronze,QHP,NE
10005,20305NE0100007,20305,EPO,Gold,QHP,NE
10006,20305NE0100008,20305,EPO,Silver,QHP,NE
10007,20305NE0100009,20305,EPO,Bronze,QHP,NE
10008,21333OK0010074,21333,PPO,Gold,QHP,OK
10009,21333OK0010075,21333,PPO,Silver,QHP,OK
10010,21333OK0060074,21333,PPO,Bronze,QHP,OK
10011,21333OK0060075,21333,PPO,Gold,QHP,OK
10012,21333OK0060076,21333,PPO,Silver,QHP,OK
10013,21333OK0070001,21333,PPO,Gold,QHP,OK
10014,21333OK0070002,21333,PPO,Silver,QHP,OK
10015,21333OK0070003,21333,PPO,Bronze,QHP,OK
10016,21333OK0070004,21333,PPO,Gold,QHP,OK
10017,21333OK0070005,21333,PPO,Silver,QHP,OK
10018,21333OK0070006,21333,PPO,Bronze,QHP,OK
10019,21333OK0070007,21333,PPO,Gold,QHP,OK
10020,21333OK0070008,21333,PPO,Silver,QHP,OK
10021,21333OK0070009,21333,PPO,Bronze,QHP,OK
10022,21333OK0070010,21333,PPO,Catastrophic,QHP,OK
10023,23435AZ0040022,23435,HMO,Bronze,QHP,AZ
10024,23435AZ0040023,23435,HMO,Gold,QHP,AZ
10025,23435AZ0040024,23435,HMO,Gold,QHP,AZ
10026,23435AZ0040025,23435,HMO,Silver,QHP,AZ
10027,23435AZ0040026,23435,HMO,Silver,QHP,AZ
10028,23435AZ0040027,23435,HMO,Silver,QHP,AZ
10029,23435AZ0040028,23435,HMO,Gold,QHP,AZ
10030,25896IA0370015,25896,HMO,Bronze,QHP,IA
10031,26065SC0380051,26065,EPO,Silver,QHP,SC
10032,26065SC0700009,26065,HMO,Silver,QHP,SC
10033,26065SC0700010,26065,HMO,Bronze,QHP,SC
10034,26065SC0710009,26065,HMO,Silver,QHP,SC
10035,26065SC0710010,26065,HMO,Bronze,QHP,SC
10036,26065SC0720009,26065,HMO,Silver,QHP,SC
10037,26065SC0720010,26065,HMO,Bronze,QHP,SC
10038,26065SC0730009,26065,HMO,Silver,QHP,SC
10039,26065SC0730010,26065,HMO,Bronze,QHP,SC
10040,26065SC0740001,26065,HMO,Gold,QHP,SC
10041,26065SC0740002,26065,HMO,Silver,QHP,SC
10042,26065SC0740003,26065,HMO,Silver,QHP,SC
10043,26065SC0740004,26065,HMO,Bronze,QHP,SC
10044,26065SC0740005,26065,HMO,Gold,QHP,SC
10045,26065SC0740006,26065,HMO,Silver,QHP,SC
10046,26065SC0740007,26065,HMO,Bronze,QHP,SC
10047,26065SC0740009,26065,HMO,Silver,QHP,SC
10048,26065SC0740010,26065,HMO,Bronze,QHP,SC
10049,26065SC0750001,26065,PPO,Gold,QHP,SC
10050,26065SC0750002,26065,PPO,Gold,QHP,SC
10051,26065SC0750003,26065,PPO,Silver,QHP,SC
10052,26065SC0750004,26065,PPO,Silver,QHP,SC
10053,26065SC0750005,26065,PPO,Bronze,QHP,SC
10054,26065SC0750006,26065,PPO,Bronze,QHP,SC
10055,26065SC0750007,26065,PPO,Gold,QHP,SC
10056,26065SC0750008,26065,PPO,Silver,QHP,SC
10057,26065SC0750009,26065,PPO,Bronze,QHP,SC
10058,26065SC0760001,26065,POS,Silver,QHP,SC
10059,26065SC0760002,26065,POS,Silver,QHP,SC
10060,26065SC0760003,26065,POS,Silver,QHP,SC
10061,26065SC0760004,26065,POS,Gold,QHP,SC
10062,26065SC0760005,26065,POS,Silver,QHP,SC
10063,29341OH0100060,29341,HMO,Silver,QHP,OH
10064,29678NE1510001,29678,PPO,Bronze,QHP,NE
10065,29678NE1510002,29678,PPO,Bronze,QHP,NE
10066,29678NE1510006,29678,PPO,Bronze,QHP,NE
10067,29678NE1510008,29678,PPO,Silver,QHP,NE
10068,29678NE1510009,29678,PPO,Silver,QHP,NE
10069,29678NE1510010,29678,PPO,Silver,QHP,NE
10070,29678NE1510011,29678,PPO,Gold,QHP,NE
10071,29678NE1510012,29678,PPO,Gold,QHP,NE
10072,29678NE1510013,29678,PPO,Gold,QHP,NE
10073,29678NE1520001,29678,EPO,Bronze,QHP,NE
10074,29678NE1520006,29678,EPO,Bronze,QHP,NE
10075,29678NE1520010,29678,EPO,Silver,QHP,NE
10076,29678NE1520013,29678,EPO,Gold,QHP,NE
10077,29678NE1530014,29678,EPO,Bronze,QHP,NE
10078,29678NE1540014,29678,EPO,Bronze,QHP,NE
10079,29678NE1550014,29678,EPO,Bronze,QHP,NE
10080,29678NE1560014,29678,EPO,Bronze,QHP,NE
10081,29678NE1570014,29678,EPO,Bronze,QHP,NE
10082,29678NE1580014,29678,EPO,Bronze,QHP,NE
10083,29698MI0541000,29698,HMO,Bronze,QHP,MI
10084,29698MI0541001,29698,HMO,Bronze,QHP,MI
10085,29698MI0541002,29698,HMO,Bronze,QHP,MI
10086,29698MI0541003,29698,HMO,Bronze,QHP,MI
10087,29698MI0541005,29698,HMO,Bronze,QHP,MI
10088,29698MI0541010,29698,HMO,Bronze,QHP,MI
10089,29698MI0541011,29698,HMO,Bronze,QHP,MI
10090,29698MI0541012,29698,HMO,Bronze,QHP,MI
10091,29698MI0541013,29698,HMO,Bronze,QHP,MI
10092,29698MI0541015,29698,HMO,Bronze,QHP,MI
10093,29698MI0541020,29698,HMO,Silver,QHP,MI
10094,29698MI0541021,29698,HMO,Silver,QHP,MI
10095,29698MI0541022,29698,HMO,Silver,QHP,MI
10096,29698MI0541023,29698,HMO,Silver,QHP,MI
10097,29698MI0541025,29698,HMO,Silver,QHP,MI
10098,29698MI0541035,29698,HMO,Bronze,QHP,MI
10099,29698MI0541036,29698,HMO,Bronze,QHP,MI
10100,29698MI0541037,29698,HMO,Silver,QHP,MI
10101,29698MI0541039,29698,HMO,Silver,QHP,MI
10102,29698MI0541060,29698,HMO,Silver,QHP,MI
10103,29698MI0541061,29698,HMO,Silver,QHP,MI
10104,29698MI0541062,29698,HMO,Silver,QHP,MI
10105,29698MI0541063,29698,HMO,Silver,QHP,MI
10106,29698MI0541065,29698,HMO,Silver,QHP,MI
10107,29698MI0541100,29698,HMO,Bronze,QHP,MI
10108,29698MI0541101,29698,HMO,Bronze,QHP,MI
10109,29698MI0541102,29698,HMO,Bronze,QHP,MI
10110,29698MI0541103,29698,HMO,Bronze,QHP,MI
10111,29698MI0541105,29698,HMO,Bronze,QHP,MI
10112,29698MI0541106,29698,HMO,Bronze,QHP,MI
10113,29698MI0541110,29698,HMO,Silver,QHP,MI
10114,29698MI0541111,29698,HMO,Silver,QHP,MI
10115,29698MI0541112,29698,HMO,Silver,QHP,MI
10116,29698MI0541113,29698,HMO,Silver,QHP,MI
10117,29698MI0541115,29698,HMO,Silver,QHP,MI
10118,29698MI0541116,29698,HMO,Silver,QHP,MI
10119,29698MI0541120,29698,HMO,Gold,QHP,MI
10120,29698MI0541121,29698,HMO,Gold,QHP,MI
10121,29698MI0541122,29698,HMO,Gold,QHP,MI
10122,29698MI0541123,29698,HMO,Gold,QHP,MI
10123,29698MI0541125,29698,HMO,Gold,QHP,MI
10124,29698MI0541143,29698,HMO,Bronze,QHP,MI
10125,29698MI0541144,29698,HMO,Silver,QHP,MI
10126,29698MI0541145,29698,HMO,Gold,QHP,MI
10127,29854TN0010004,29854,EPO,Bronze,QHP,TN
10128,29854TN0010005,29854,EPO,Platinum,QHP,TN
10129,29854TN0010006,29854,EPO,Gold,QHP,TN
10130,29854TN0010007,29854,EPO,Silver,QHP,TN
10131,29854TN0010008,29854,EPO,Bronze,QHP,TN
10132,29854TN0010010,29854,EPO,Gold,QHP,TN
10133,29854TN0010013,29854,EPO,Silver,QHP,TN
10134,29854TN0010014,29854,EPO,Silver,QHP,TN
10135,29854TN0010015,29854,EPO,Bronze,QHP,TN
10136,30252FL0070101,30252,HMO,Silver,QHP,FL
10137,30252FL0070102,30252,HMO,Silver,QHP,FL
10138,30252FL0070103,30252,HMO,Silver,QHP,FL
10139,30252FL0190003,30252,HMO,Silver,QHP,FL
10140,30252FL0190009,30252,HMO,Bronze,QHP,FL
10141,30252FL0190010,30252,HMO,Bronze,QHP,FL
10142,30252FL0190011,30252,HMO,Silver,QHP,FL
10143,30252FL0190018,30252,HMO,Bronze,QHP,FL
10144,30252FL0190025,30252,HMO,Silver,QHP,FL
10145,30252FL0190028,30252,HMO,Silver,QHP,FL
10146,30252FL0190030,30252,HMO,Silver,QHP,FL
10147,30252FL0190032,30252,HMO,Silver,QHP,FL
10148,30252FL0190033,30252,HMO,Silver,QHP,FL
10149,30252FL0190034,30252,HMO,Silver,QHP,FL
10150,30252FL0200003,30252,HMO,Silver,QHP,FL
10151,30252FL0200009,30252,HMO,Bronze,QHP,FL
10152,30252FL0200010,30252,HMO,Bronze,QHP,FL
10153,30252FL0200011,30252,HMO,Silver,QHP,FL
10154,30252FL0200022,30252,HMO,Bronze,QHP,FL
10155,30252FL0200029,30252,HMO,Silver,QHP,FL
10156,30252FL0200032,30252,HMO,Silver,QHP,FL
10157,30252FL0200034,30252,HMO,Silver,QHP,FL
10158,30252FL0200036,30252,HMO,Silver,QHP,FL
10159,30252FL0200037,30252,HMO,Silver,QHP,FL
10160,30252FL0200038,30252,HMO,Silver,QHP,FL
10161,30751MT0550102,30751,PPO,Gold,QHP,MT
10162,30751MT0550103,30751,PPO,Gold,QHP,MT
10163,30751MT0550104,30751,PPO,Gold,QHP,MT
10164,30751MT0550105,30751,PPO,Gold,QHP,MT
10165,30751MT0670030,30751,POS,Silver,QHP,MT
10166,30751MT0670031,30751,POS,Gold,QHP,MT
10167,30751MT0670032,30751,POS,Silver,QHP,MT
10168,30751MT0670033,30751,POS,Silver,QHP,MT
10169,30751MT0670034,30751,POS,Gold,QHP,MT
10170,30751MT0670035,30751,POS,Gold,QHP,MT
10171,31274WV0560007,31274,PPO,Bronze,QHP,WV
10172,31274WV0560008,31274,PPO,Silver,QHP,WV
10173,31274WV0560009,31274,PPO,Gold,QHP,WV
10174,31274WV0560010,31274,PPO,Catastrophic,QHP,WV
10175,31274WV0570004,31274,PPO,Silver,QHP,WV
10176,31981OH0010010,31981,HMO,Bronze,QHP,OH
10177,31981OH0010020,31981,HMO,Silver,QHP,OH
10178,31981OH0010030,31981,HMO,Gold,QHP,OH
10179,31981OH0010050,31981,HMO,Catastrophic,QHP,OH
10180,31981OH0020010,31981,HMO,Bronze,QHP,OH
10181,31981OH0020011,31981,HMO,Bronze,QHP,OH
10182,31981OH0020020,31981,HMO,Silver,QHP,OH
10183,31981OH0020021,31981,HMO,Silver,QHP,OH
10184,31981OH0020030,31981,HMO,Gold,QHP,OH
10185,31981OH0020031,31981,HMO,Gold,QHP,OH
10186,31981OH0030010,31981,HMO,Bronze,QHP,OH
10187,31981OH0030011,31981,HMO,Bronze,QHP,OH
10188,31981OH0030020,31981,HMO,Silver,QHP,OH
10189,31981OH0030021,31981,HMO,Silver,QHP,OH
10190,31981OH0030030,31981,HMO,Gold,QHP,OH
10191,31981OH0030031,31981,HMO,Gold,QHP,OH
10192,33602TX0461196,33602,HMO,Bronze,QHP,TX
10193,33602TX0461197,33602,HMO,Bronze,QHP,TX
10194,33602TX0461198,33602,HMO,Bronze,QHP,TX
10195,33602TX0461199,33602,HMO,Bronze,QHP,TX
10196,33602TX0461200,33602,HMO,Gold,QHP,TX
10197,33602TX0461201,33602,HMO,Gold,QHP,TX
10198,33602TX0461202,33602,HMO,Gold,QHP,TX
10199,33602TX0461203,33602,HMO,Gold,QHP,TX
10200,33602TX0461204,33602,HMO,Silver,QHP,TX
10201,33602TX0461205,33602,HMO,Silver,QHP,TX
10202,33602TX0461208,33602,HMO,Silver,QHP,TX
10203,33602TX0461209,33602,HMO,Silver,QHP,TX
10204,33764SC0040002,33764,HMO,Bronze,QHP,SC
10205,33764SC0040003,33764,HMO,Silver,QHP,SC
10206,33863SC0010001,33863,HMO,Silver,QHP,SC
10207,33863SC0010002,33863,HMO,Silver,QHP,SC
10208,33863SC0010003,33863,HMO,Silver,QHP,SC
10209,33863SC0010004,33863,HMO,Gold,QHP,SC
10210,33863SC0010005,33863,HMO,Silver,QHP,SC
10211,33931OH0030034,33931,HMO,Bronze,QHP,OH
10212,33931OH0030035,33931,HMO,Bronze,QHP,OH
10213,33931OH0030042,33931,HMO,Gold,QHP,OH
10214,33931OH0070003,33931,HMO,Bronze,QHP,OH
10215,33931OH0070004,33931,HMO,Bronze,QHP,OH
10216,33931OH0070005,33931,HMO,Bronze,QHP,OH
10217,33931OH0070006,33931,HMO,Silver,QHP,OH
10218,33931OH0070007,33931,HMO,Silver,QHP,OH
10219,33931OH0070008,33931,HMO,Gold,QHP,OH
10220,33931OH0070009,33931,HMO,Gold,QHP,OH
10221,35065IN0040001,35065,HMO,Silver,QHP,IN
10222,35065IN0040002,35065,HMO,Bronze,QHP,IN
10223,35065IN0040003,35065,HMO,Silver,QHP,IN
10224,35065IN0040004,35065,HMO,Gold,QHP,IN
10225,35065IN0040007,35065,HMO,Gold,QHP,IN
10226,35065IN0040008,35065,HMO,Bronze,QHP,IN
10227,35065IN0040010,35065,HMO,Silver,QHP,IN
10228,35065IN0040012,35065,HMO,Bronze,QHP,IN
10229,35065IN0040013,35065,HMO,Gold,QHP,IN
10230,35065IN0050001,35065,HMO,Silver,QHP,IN
10231,35065IN0050002,35065,HMO,Bronze,QHP,IN
10232,35065IN0050003,35065,HMO,Gold,QHP,IN
10233,35065IN0050006,35065,HMO,Gold,QHP,IN
10234,35065IN0050007,35065,HMO,Bronze,QHP,IN
10235,35065IN0050009,35065,HMO,Silver,QHP,IN
10236,35065IN0050011,35065,HMO,Bronze,QHP,IN
10237,35065IN0050012,35065,HMO,Gold,QHP,IN
10238,36096IL0990374,36096,PPO,Gold,QHP,IL
10239,36096IL0990375,36096,PPO,Gold,QHP,IL
10240,36096IL0990376,36096,PPO,Gold,QHP,IL
10241,36096IL0990377,36096,PPO,Gold,QHP,IL
10242,36096IL0990378,36096,PPO,Gold,QHP,IL
10243,36096IL0990379,36096,PPO,Gold,QHP,IL
10244,36096IL0990380,36096,PPO,Gold,QHP,IL
10245,36096IL0990381,36096,PPO,Gold,QHP,IL
10246,36096IL0990382,36096,PPO,Gold,QHP,IL
10247,36096IL0990383,36096,PPO,Gold,QHP,IL
10248,36096IL0990384,36096,PPO,Gold,QHP,IL
10249,36096IL0990385,36096,PPO,Gold,QHP,IL
10250,36096IL0990386,36096,PPO,Gold,QHP,IL
10251,36096IL1380001,36096,POS,Bronze,QHP,IL
10252,36096IL1380003,36096,POS,Silver,QHP,IL
10253,36096IL1380004,36096,POS,Gold,QHP,IL
10254,36096IL1380005,36096,POS,Bronze,QHP,IL
10255,36096IL1380006,36096,POS,Silver,QHP,IL
10256,36096IL1380007,36096,POS,Gold,QHP,IL
10257,36096IL1380008,36096,POS,Gold,QHP,IL
10258,36096IL1380009,36096,POS,Silver,QHP,IL
10259,36096IL1380010,36096,POS,Bronze,QHP,IL
10260,36096IL1380011,36096,POS,Bronze,QHP,IL
10261,36096IL1380012,36096,POS,Bronze,QHP,IL
10262,36096IL1380015,36096,POS,Silver,QHP,IL
10263,36096IL1380016,36096,POS,Silver,QHP,IL
10264,36096IL1380017,36096,POS,Gold,QHP,IL
10265,36096IL1380018,36096,POS,Gold,QHP,IL
10266,36096IL1380019,36096,POS,Bronze,QHP,IL
10267,36096IL1380020,36096,POS,Bronze,QHP,IL
10268,36096IL1380021,36096,POS,Silver,QHP,IL
10269,36096IL1380022,36096,POS,Silver,QHP,IL
10270,36096IL1380023,36096,POS,Gold,QHP,IL
10271,36096IL1380024,36096,POS,Gold,QHP,IL
10272,36096IL1380025,36096,POS,Gold,QHP,IL
10273,36096IL1380026,36096,POS,Gold,QHP,IL
10274,36096IL1380027,36096,POS,Silver,QHP,IL
10275,36096IL1380028,36096,POS,Silver,QHP,IL
10276,36096IL1380029,36096,POS,Bronze,QHP,IL
10277,36096IL1380030,36096,POS,Bronze,QHP,IL
10278,36194FL0450001,36194,HMO,Silver,QHP,FL
10279,36194FL0450002,36194,HMO,Gold,QHP,FL
10280,36194FL0450003,36194,HMO,Catastrophic,QHP,FL
10281,36194FL0460001,36194,HMO,Silver,QHP,FL
10282,36194FL0460002,36194,HMO,Gold,QHP,FL
10283,36194FL0460003,36194,HMO,Bronze,QHP,FL
10284,36194FL0470001,36194,HMO,Bronze,QHP,FL
10285,36194FL0470002,36194,HMO,Silver,QHP,FL
10286,36194FL0470003,36194,HMO,Gold,QHP,FL
10287,36194FL0480001,36194,HMO,Bronze,QHP,FL
10288,36194FL0480002,36194,HMO,Silver,QHP,FL
10289,36194FL0480003,36194,HMO,Gold,QHP,FL
10290,37833WI0380268,37833,HMO,Gold,QHP,WI
10291,37833WI0380271,37833,HMO,Silver,QHP,WI
10292,37833WI0380272,37833,HMO,Silver,QHP,WI
10293,37833WI0380273,37833,HMO,Silver,QHP,WI
10294,37833WI0380274,37833,HMO,Silver,QHP,WI
10295,37833WI0380275,37833,HMO,Bronze,QHP,WI
10296,37833WI0380280,37833,HMO,Gold,QHP,WI
10297,37833WI0380281,37833,HMO,Gold,QHP,WI
10298,37833WI0380282,37833,HMO,Bronze,QHP,WI
10299,37833WI0380284,37833,HMO,Silver,QHP,WI
10300,37833WI0380287,37833,HMO,Silver,QHP,WI
10301,37833WI0380288,37833,HMO,Silver,QHP,WI
10302,37833WI0380289,37833,HMO,Bronze,QHP,WI
10303,37833WI0380292,37833,HMO,Bronze,QHP,WI
10304,37833WI0380305,37833,HMO,Gold,QHP,WI
10305,37833WI0380318,37833,HMO,Gold,QHP,WI
10306,37833WI0380319,37833,HMO,Gold,QHP,WI
10307,37833WI0380320,37833,HMO,Gold,QHP,WI
10308,37833WI0380321,37833,HMO,Silver,QHP,WI
10309,37833WI0380322,37833,HMO,Silver,QHP,WI
10310,37833WI0380323,37833,HMO,Silver,QHP,WI
10311,37833WI0380325,37833,HMO,Bronze,QHP,WI
10312,37833WI0380326,37833,HMO,Bronze,QHP,WI
10313,37833WI0380337,37833,HMO,Gold,QHP,WI
10314,37833WI0510280,37833,HMO,Gold,QHP,WI
10315,37833WI0510281,37833,HMO,Gold,QHP,WI
10316,37833WI0510284,37833,HMO,Silver,QHP,WI
10317,37833WI0510287,37833,HMO,Silver,QHP,WI
10318,37833WI0510288,37833,HMO,Silver,QHP,WI
10319,37833WI0510289,37833,HMO,Bronze,QHP,WI
10320,37833WI0510292,37833,HMO,Bronze,QHP,WI
10321,37833WI0510305,37833,HMO,Gold,QHP,WI
10322,37833WI0510318,37833,HMO,Gold,QHP,WI
10323,37833WI0510319,37833,HMO,Gold,QHP,WI
10324,37833WI0510320,37833,HMO,Gold,QHP,WI
10325,37833WI0510321,37833,HMO,Silver,QHP,WI
10326,37833WI0510322,37833,HMO,Silver,QHP,WI
10327,37833WI0510323,37833,HMO,Silver,QHP,WI
10328,37833WI0510325,37833,HMO,Bronze,QHP,WI
10329,37833WI0510326,37833,HMO,Bronze,QHP,WI
10330,37833WI0540083,37833,HMO,Bronze,QHP,WI
10331,37833WI0540084,37833,HMO,Catastrophic,QHP,WI
10332,37833WI0540088,37833,HMO,Bronze,QHP,WI
10333,37833WI0540089,37833,HMO,Catastrophic,QHP,WI
10334,37903AR0070001,37903,PPO,Silver,QHP,AR
10335,38345WI0010182,38345,HMO,Silver,QHP,WI
10336,38345WI0010183,38345,HMO,Bronze,QHP,WI
10337,38345WI0010184,38345,HMO,Gold,QHP,WI
10338,38345WI0010185,38345,HMO,Silver,QHP,WI
10339,38345WI0010186,38345,HMO,Bronze,QHP,WI
10340,38345WI0080072,38345,EPO,Silver,QHP,WI
10341,38345WI0080073,38345,EPO,Bronze,QHP,WI
10342,38345WI0080074,38345,EPO,Gold,QHP,WI
10343,38345WI0080075,38345,EPO,Silver,QHP,WI
10344,38345WI0080076,38345,EPO,Bronze,QHP,WI
10345,38345WI0240019,38345,HMO,Silver,QHP,WI
10346,38345WI0240020,38345,HMO,Gold,QHP,WI
10347,38345WI0240021,38345,HMO,Silver,QHP,WI
10348,38345WI0240022,38345,HMO,Bronze,QHP,WI
10349,38927UT0380010,38927,HMO,Gold,QHP,UT
10350,39424OR1660001,39424,EPO,Silver,QHP,OR
10351,39424OR1660002,39424,EPO,Bronze,QHP,OR
10352,39424OR1670001,39424,EPO,Gold,QHP,OR
10353,39424OR1670002,39424,EPO,Silver,QHP,OR
10354,39424OR1670003,39424,EPO,Bronze,QHP,OR
10355,39424OR1680002,39424,EPO,Silver,QHP,OR
10356,39424OR1680004,39424,EPO,Silver,QHP,OR
10357,39424OR1680005,39424,EPO,Bronze,QHP,OR
10358,39424OR1680007,39424,EPO,Bronze,QHP,OR
10359,39424OR1680008,39424,EPO,Gold,QHP,OR
10360,39424OR1690001,39424,EPO,Gold,QHP,OR
10361,39424OR1690003,39424,EPO,Silver,QHP,OR
10362,39424OR1700001,39424,EPO,Gold,QHP,OR
10363,39520KS0040074,39520,EPO,Silver,QHP,KS
10364,39520KS0040075,39520,EPO,Gold,QHP,KS
10365,39520KS0040076,39520,EPO,Silver,QHP,KS
10366,40220TX0090003,40220,HMO,Bronze,QHP,TX
10367,40220TX0090004,40220,HMO,Silver,QHP,TX
10368,40356MI0010001,40356,HMO,Gold,QHP,MI
10369,40356MI0010002,40356,HMO,Gold,QHP,MI
10370,40356MI0010003,40356,HMO,Gold,QHP,MI
10371,40356MI0010004,40356,HMO,Silver,QHP,MI
10372,40356MI0010005,40356,HMO,Silver,QHP,MI
10373,40356MI0010006,40356,HMO,Silver,QHP,MI
10374,40356MI0010007,40356,HMO,Silver,QHP,MI
10375,40356MI0010008,40356,HMO,Silver,QHP,MI
10376,40356MI0010009,40356,HMO,Bronze,QHP,MI
10377,40356MI0020001,40356,HMO,Gold,QHP,MI
10378,40356MI0020002,40356,HMO,Gold,QHP,MI
10379,40356MI0020003,40356,HMO,Gold,QHP,MI
10380,40356MI0020004,40356,HMO,Silver,QHP,MI
10381,40356MI0020005,40356,HMO,Silver,QHP,MI
10382,40356MI0020006,40356,HMO,Silver,QHP,MI
10383,40356MI0020007,40356,HMO,Silver,QHP,MI
10384,40356MI0020009,40356,HMO,Bronze,QHP,MI
10385,40572FL0070060,40572,EPO,Silver,QHP,FL
10386,40572FL0070061,40572,EPO,Silver,QHP,FL
10387,40572FL0200060,40572,EPO,Silver,QHP,FL
10388,40572FL0200061,40572,EPO,Silver,QHP,FL
10389,40702AZ0060033,40702,HMO,Bronze,QHP,AZ
10390,40702AZ0060034,40702,HMO,Bronze,QHP,AZ
10391,40702AZ0060038,40702,HMO,Silver,QHP,AZ
10392,40702AZ0060041,40702,HMO,Silver,QHP,AZ
10393,40702AZ0060046,40702,HMO,Gold,QHP,AZ
10394,40702AZ0060047,40702,HMO,Gold,QHP,AZ
10395,40702AZ0070004,40702,HMO,Bronze,QHP,AZ
10396,40702AZ0070005,40702,HMO,Bronze,QHP,AZ
10397,40702AZ0070006,40702,HMO,Silver,QHP,AZ
10398,40702AZ0070008,40702,HMO,Silver,QHP,AZ
10399,40702AZ0070010,40702,HMO,Gold,QHP,AZ
10400,42529IL0070029,42529,HMO,Gold,QHP,IL
10401,42529IL0080003,42529,HMO,Bronze,QHP,IL
10402,42529IL0080004,42529,HMO,Silver,QHP,IL
10403,42529IL0080005,42529,HMO,Gold,QHP,IL
10404,44228FL0040001,44228,HMO,Bronze,QHP,FL
10405,44228FL0040002,44228,HMO,Silver,QHP,FL
10406,44228FL0040003,44228,HMO,Gold,QHP,FL
10407,44228FL0040004,44228,HMO,Catastrophic,QHP,FL
10408,44228FL0040005,44228,HMO,Bronze,QHP,FL
10409,44228FL0040007,44228,HMO,Bronze,QHP,FL
10410,44228FL0040008,44228,HMO,Bronze,QHP,FL
10411,44228FL0040009,44228,HMO,Gold,QHP,FL
10412,44228FL0040010,44228,HMO,Gold,QHP,FL
10413,44228FL0040011,44228,HMO,Silver,QHP,FL
10414,44228FL0040012,44228,HMO,Silver,QHP,FL
10415,44228FL0040013,44228,HMO,Silver,QHP,FL
10416,44228FL0040014,44228,HMO,Gold,QHP,FL
10417,45480OK0050038,45480,HMO,Gold,QHP,OK
10418,45480OK0110003,45480,HMO,Bronze,QHP,OK
10419,45480OK0110004,45480,HMO,Silver,QHP,OK
10420,45786TX0020013,45786,HMO,Gold,QHP,TX
10421,45845OH0100060,45845,HMO,Silver,QHP,OH
10422,47501TX0030001,47501,POS,Silver,QHP,TX
10423,47501TX0030002,47501,POS,Bronze,QHP,TX
10424,47501TX0030003,47501,POS,Bronze,QHP,TX
10425,47501TX0030004,47501,POS,Bronze,QHP,TX
10426,47501TX0030005,47501,POS,Gold,QHP,TX
10427,47501TX0030006,47501,POS,Gold,QHP,TX
10428,47501TX0030007,47501,POS,Gold,QHP,TX
10429,47501TX0030008,47501,POS,Silver,QHP,TX
10430,47501TX0030009,47501,POS,Silver,QHP,TX
10431,47501TX0040002,47501,HMO,Bronze,QHP,TX
10432,47501TX0040003,47501,HMO,Bronze,QHP,TX
10433,47501TX0040004,47501,HMO,Bronze,QHP,TX
10434,47501TX0040005,47501,HMO,Bronze,QHP,TX
10435,47501TX0040006,47501,HMO,Catastrophic,QHP,TX
10436,47501TX0040007,47501,HMO,Gold,QHP,TX
10437,47501TX0040008,47501,HMO,Gold,QHP,TX
10438,47501TX0040009,47501,HMO,Gold,QHP,TX
10439,47501TX0040010,47501,HMO,Silver,QHP,TX
10440,47501TX0040011,47501,HMO,Silver,QHP,TX
10441,47501TX0040012,47501,HMO,Silver,QHP,TX
10442,47501TX0040013,47501,HMO,Silver,QHP,TX
10443,47840MO0010019,47840,EPO,Gold,QHP,MO
10444,47840MO0010020,47840,EPO,Silver,QHP,MO
10445,47840MO0010021,47840,EPO,Bronze,QHP,MO
10446,47840MO0010022,47840,EPO,Bronze,QHP,MO
10447,48161MO0200040,48161,EPO,Bronze,QHP,MO
10448,48161MO0200044,48161,EPO,Silver,QHP,MO
10449,48161MO0200045,48161,EPO,Silver,QHP,MO
10450,48161MO0200046,48161,EPO,Silver,QHP,MO
10451,48286IA0010012,48286,HMO,Bronze,QHP,IA
10452,48286IA0010013,48286,HMO,Bronze,QHP,IA
10453,48286IA0010014,48286,HMO,Bronze,QHP,IA
10454,48286IA0010015,48286,HMO,Gold,QHP,IA
10455,48286IA0010016,48286,HMO,Gold,QHP,IA
10456,48286IA0010017,48286,HMO,Gold,QHP,IA
10457,48286IA0010019,48286,HMO,Silver,QHP,IA
10458,48286IA0010020,48286,HMO,Silver,QHP,IA
10459,48286IA0010022,48286,HMO,Silver,QHP,IA
10460,48286IA0020012,48286,HMO,Bronze,QHP,IA
10461,48286IA0020013,48286,HMO,Bronze,QHP,IA
10462,48286IA0020014,48286,HMO,Bronze,QHP,IA
10463,48286IA0020015,48286,HMO,Gold,QHP,IA
10464,48286IA0020016,48286,HMO,Gold,QHP,IA
10465,48286IA0020017,48286,HMO,Gold,QHP,IA
10466,48286IA0020019,48286,HMO,Silver,QHP,IA
10467,48286IA0020021,48286,HMO,Silver,QHP,IA
10468,48772AR0010006,48772,POS,Silver,QHP,AR
10469,49004FL0010001,49004,HMO,Bronze,QHP,FL
10470,49004FL0010002,49004,HMO,Bronze,QHP,FL
10471,49004FL0010004,49004,HMO,Bronze,QHP,FL
10472,49004FL0010006,49004,HMO,Silver,QHP,FL
10473,49004FL0010007,49004,HMO,Silver,QHP,FL
10474,49004FL0010008,49004,HMO,Silver,QHP,FL
10475,49004FL0010009,49004,HMO,Silver,QHP,FL
10476,49004FL0010010,49004,HMO,Gold,QHP,FL
10477,49004FL0010011,49004,HMO,Gold,QHP,FL
10478,49004FL0010013,49004,HMO,Gold,QHP,FL
10479,49004FL0010015,49004,HMO,Bronze,QHP,FL
10480,49004FL0010017,49004,HMO,Bronze,QHP,FL
10481,49004FL0010018,49004,HMO,Bronze,QHP,FL
10482,49004FL0010020,49004,HMO,Silver,QHP,FL
10483,49004FL0010021,49004,HMO,Silver,QHP,FL
10484,49004FL0010023,49004,HMO,Silver,QHP,FL
10485,49004FL0010024,49004,HMO,Silver,QHP,FL
10486,49004FL0010025,49004,HMO,Gold,QHP,FL
10487,49004FL0010026,49004,HMO,Gold,QHP,FL
10488,49004FL0010028,49004,HMO,Gold,QHP,FL
10489,49004FL0020001,49004,HMO,Bronze,QHP,FL
10490,49004FL0020002,49004,HMO,Bronze,QHP,FL
10491,49004FL0020004,49004,HMO,Bronze,QHP,FL
10492,49004FL0020006,49004,HMO,Silver,QHP,FL
10493,49004FL0020007,49004,HMO,Silver,QHP,FL
10494,49004FL0020008,49004,HMO,Silver,QHP,FL
10495,49004FL0020009,49004,HMO,Gold,QHP,FL
10496,49004FL0020010,49004,HMO,Gold,QHP,FL
10497,49004FL0020012,49004,HMO,Gold,QHP,FL
10498,49004FL0020013,49004,HMO,Bronze,QHP,FL
10499,49004FL0020015,49004,HMO,Bronze,QHP,FL
10500,49004FL0020016,49004,HMO,Bronze,QHP,FL
10501,49004FL0020017,49004,HMO,Silver,QHP,FL
10502,49004FL0020018,49004,HMO,Silver,QHP,FL
10503,49004FL0020020,49004,HMO,Silver,QHP,FL
10504,49004FL0020021,49004,HMO,Gold,QHP,FL
10505,49004FL0020022,49004,HMO,Gold,QHP,FL
10506,49004FL0020024,49004,HMO,Gold,QHP,FL
10507,49714WY0200001,49714,EPO,Bronze,QHP,WY
10508,49714WY0200002,49714,EPO,Bronze,QHP,WY
10509,49714WY0200003,49714,EPO,Bronze,QHP,WY
10510,49714WY0200004,49714,EPO,Silver,QHP,WY
10511,49714WY0200005,49714,EPO,Silver,QHP,WY
10512,49714WY0200006,49714,EPO,Silver,QHP,WY
10513,49714WY0200007,49714,EPO,Gold,QHP,WY
10514,49714WY0200008,49714,EPO,Gold,QHP,WY
10515,49714WY0200009,49714,EPO,Gold,QHP,WY
10516,49714WY0210001,49714,EPO,Bronze,QHP,WY
10517,49714WY0210002,49714,EPO,Silver,QHP,WY
10518,49714WY0210003,49714,EPO,Gold,QHP,WY
10519,50328WV0010034,50328,HMO,Platinum,QHP,WV
10520,50328WV0010035,50328,HMO,Gold,QHP,WV
10521,50328WV0010036,50328,HMO,Silver,QHP,WV
10522,50328WV0020034,50328,HMO,Platinum,QHP,WV
10523,50328WV0020035,50328,HMO,Gold,QHP,WV
10524,50328WV0020036,50328,HMO,Silver,QHP,WV
10525,52664OH1540001,52664,HMO,Catastrophic,QHP,OH
10526,52664OH1540002,52664,HMO,Bronze,QHP,OH
10527,52664OH1540003,52664,HMO,Bronze,QHP,OH
10528,52664OH1540004,52664,HMO,Silver,QHP,OH
10529,52664OH1540005,52664,HMO,Silver,QHP,OH
10530,52664OH1540006,52664,HMO,Gold,QHP,OH
10531,52664OH1540010,52664,HMO,Bronze,QHP,OH
10532,52664OH1540011,52664,HMO,Silver,QHP,OH
10533,52664OH1540012,52664,HMO,Gold,QHP,OH
10534,53461MO0010074,53461,EPO,Gold,QHP,MO
10535,53461MO0010075,53461,EPO,Silver,QHP,MO
10536,53461MO0070074,53461,EPO,Gold,QHP,MO
10537,53461MO0070075,53461,EPO,Silver,QHP,MO
10538,53461MO0080074,53461,EPO,Gold,QHP,MO
10539,53461MO0080075,53461,EPO,Silver,QHP,MO
10540,53901AZ1420162,53901,HMO,Silver,QHP,AZ
10541,53932AL0100015,53932,EPO,Gold,QHP,AL
10542,53932AL0100016,53932,EPO,Gold,QHP,AL
10543,53932AL0100017,53932,EPO,Silver,QHP,AL
10544,53932AL0110010,53932,EPO,Gold,QHP,AL
10545,53932AL0110015,53932,EPO,Gold,QHP,AL
10546,53932AL0110016,53932,EPO,Silver,QHP,AL
10547,54192IN0010029,54192,HMO,Platinum,QHP,IN
10548,54192IN0010030,54192,HMO,Gold,QHP,IN
10549,54192IN0010032,54192,HMO,Silver,QHP,IN
10550,54192IN0010033,54192,HMO,Silver,QHP,IN
10551,54192IN0020029,54192,HMO,Platinum,QHP,IN
10552,54192IN0020030,54192,HMO,Gold,QHP,IN
10553,54192IN0020032,54192,HMO,Silver,QHP,IN
10554,54332NC0060003,54332,HMO,Bronze,QHP,NC
10555,54332NC0060004,54332,HMO,Silver,QHP,NC
10556,56610IA0100001,56610,HMO,Bronze,QHP,IA
10557,56610IA0100002,56610,HMO,Bronze,QHP,IA
10558,56610IA0100003,56610,HMO,Bronze,QHP,IA
10559,56610IA0100004,56610,HMO,Silver,QHP,IA
10560,56610IA0100005,56610,HMO,Silver,QHP,IA
10561,56610IA0100006,56610,HMO,Silver,QHP,IA
10562,56610IA0100007,56610,HMO,Gold,QHP,IA
10563,56610IA0100008,56610,HMO,Gold,QHP,IA
10564,56610IA0100009,56610,HMO,Gold,QHP,IA
10565,56610IA0110001,56610,HMO,Bronze,QHP,IA
10566,56610IA0110002,56610,HMO,Silver,QHP,IA
10567,56610IA0110003,56610,HMO,Gold,QHP,IA
10568,57845WI0040074,57845,EPO,Gold,QHP,WI
10569,57845WI0040075,57845,EPO,Silver,QHP,WI
10570,57845WI0040076,57845,EPO,Gold,QHP,WI
10571,57845WI0050074,57845,EPO,Gold,QHP,WI
10572,57845WI0050075,57845,EPO,Silver,QHP,WI
10573,57845WI0050076,57845,EPO,Gold,QHP,WI
10574,57845WI0060074,57845,EPO,Gold,QHP,WI
10575,57845WI0060075,57845,EPO,Silver,QHP,WI
10576,57845WI0060076,57845,EPO,Gold,QHP,WI
10577,58840TX0110147,58840,HMO,Gold,QHP,TX
10578,58840TX0110149,58840,HMO,Gold,QHP,TX
10579,58840TX0110151,58840,HMO,Silver,QHP,TX
10580,58840TX0110152,58840,HMO,Silver,QHP,TX
10581,58840TX0110154,58840,HMO,Silver,QHP,TX
10582,58840TX0130001,58840,HMO,Gold,QHP,TX
10583,58840TX0130002,58840,HMO,Silver,QHP,TX
10584,59025NH0370084,59025,HMO,Gold,QHP,NH
10585,59025NH0370085,59025,HMO,Silver,QHP,NH
10586,59025NH0370086,59025,HMO,Bronze,QHP,NH
10587,59025NH0370088,59025,HMO,Bronze,QHP,NH
10588,59025NH0370089,59025,HMO,Gold,QHP,NH
10589,59025NH0370090,59025,HMO,Gold,QHP,NH
10590,59025NH0370092,59025,HMO,Silver,QHP,NH
10591,59025NH0370094,59025,HMO,Silver,QHP,NH
10592,59025NH0370097,59025,HMO,Bronze,QHP,NH
10593,60536SD0060027,60536,HMO,Gold,QHP,SD
10594,60536SD0060028,60536,HMO,Silver,QHP,SD
10595,61671NC0100022,61671,HMO,Bronze,QHP,NC
10596,61671NC0100023,61671,HMO,Gold,QHP,NC
10597,61671NC0100024,61671,HMO,Gold,QHP,NC
10598,61671NC0100025,61671,HMO,Gold,QHP,NC
10599,61671NC0100026,61671,HMO,Silver,QHP,NC
10600,61671NC0100027,61671,HMO,Silver,QHP,NC
10601,61671NC0100028,61671,HMO,Silver,QHP,NC
10602,64004DE0090013,64004,EPO,Silver,QHP,DE
10603,64004DE0100013,64004,EPO,Silver,QHP,DE
10604,64353OH0010011,64353,HMO,Bronze,QHP,OH
10605,64353OH0010012,64353,HMO,Bronze,QHP,OH
10606,64353OH0010013,64353,HMO,Bronze,QHP,OH
10607,66252TX0320001,66252,HMO,Bronze,QHP,TX
10608,66252TX0320002,66252,HMO,Bronze,QHP,TX
10609,66252TX0320003,66252,HMO,Bronze,QHP,TX
10610,66252TX0320006,66252,HMO,Bronze,QHP,TX
10611,66252TX0320007,66252,HMO,Bronze,QHP,TX
10612,66252TX0320009,66252,HMO,Bronze,QHP,TX
10613,66252TX0320010,66252,HMO,Bronze,QHP,TX
10614,66252TX0320011,66252,HMO,Bronze,QHP,TX
10615,66252TX0320012,66252,HMO,Bronze,QHP,TX
10616,66252TX0320013,66252,HMO,Bronze,QHP,TX
10617,66252TX0330001,66252,HMO,Bronze,QHP,TX
10618,66252TX0330002,66252,HMO,Bronze,QHP,TX
10619,66252TX0330003,66252,HMO,Bronze,QHP,TX
10620,66252TX0330006,66252,HMO,Bronze,QHP,TX
10621,66252TX0330007,66252,HMO,Bronze,QHP,TX
10622,66252TX0330009,66252,HMO,Bronze,QHP,TX
10623,66252TX0330010,66252,HMO,Bronze,QHP,TX
10624,66252TX0330011,66252,HMO,Bronze,QHP,TX
10625,66252TX0330012,66252,HMO,Bronze,QHP,TX
10626,66252TX0330013,66252,HMO,Bronze,QHP,TX
10627,66252TX0340001,66252,HMO,Silver,QHP,TX
10628,66252TX0340002,66252,HMO,Silver,QHP,TX
10629,66252TX0340003,66252,HMO,Silver,QHP,TX
10630,66252TX0340006,66252,HMO,Silver,QHP,TX
10631,66252TX0340007,66252,HMO,Silver,QHP,TX
10632,66252TX0340009,66252,HMO,Silver,QHP,TX
10633,66252TX0340010,66252,HMO,Silver,QHP,TX
10634,66252TX0340011,66252,HMO,Silver,QHP,TX
10635,66252TX0340012,66252,HMO,Silver,QHP,TX
10636,66252TX0340013,66252,HMO,Silver,QHP,TX
10637,66252TX0350001,66252,HMO,Silver,QHP,TX
10638,66252TX0350002,66252,HMO,Silver,QHP,TX
10639,66252TX0350003,66252,HMO,Silver,QHP,TX
10640,66252TX0350006,66252,HMO,Silver,QHP,TX
10641,66252TX0350007,66252,HMO,Silver,QHP,TX
10642,66252TX0350009,66252,HMO,Silver,QHP,TX
10643,66252TX0350010,66252,HMO,Silver,QHP,TX
10644,66252TX0350011,66252,HMO,Silver,QHP,TX
10645,66252TX0350012,66252,HMO,Silver,QHP,TX
10646,66252TX0350013,66252,HMO,Silver,QHP,TX
10647,66252TX0360001,66252,HMO,Gold,QHP,TX
10648,66252TX0360002,66252,HMO,Gold,QHP,TX
10649,66252TX0360003,66252,HMO,Gold,QHP,TX
10650,66252TX0360006,66252,HMO,Gold,QHP,TX
10651,66252TX0360007,66252,HMO,Gold,QHP,TX
10652,66252TX0360009,66252,HMO,Gold,QHP,TX
10653,66252TX0360010,66252,HMO,Gold,QHP,TX
10654,66252TX0360011,66252,HMO,Gold,QHP,TX
10655,66252TX0360012,66252,HMO,Gold,QHP,TX
10656,66252TX0360013,66252,HMO,Gold,QHP,TX
10657,66252TX0370001,66252,HMO,Gold,QHP,TX
10658,66252TX0370002,66252,HMO,Gold,QHP,TX
10659,66252TX0370003,66252,HMO,Gold,QHP,TX
10660,66252TX0370006,66252,HMO,Gold,QHP,TX
10661,66252TX0370007,66252,HMO,Gold,QHP,TX
10662,66252TX0370009,66252,HMO,Gold,QHP,TX
10663,66252TX0370010,66252,HMO,Gold,QHP,TX
10664,66252TX0370011,66252,HMO,Gold,QHP,TX
10665,66252TX0370012,66252,HMO,Gold,QHP,TX
10666,66252TX0370013,66252,HMO,Gold,QHP,TX
10667,67926FL0010008,67926,HMO,Silver,QHP,FL
10668,67926FL0010009,67926,HMO,Gold,QHP,FL
10669,68398FL0030057,68398,HMO,Gold,QHP,FL
10670,68398FL0060003,68398,HMO,Bronze,QHP,FL
10671,68398FL0060004,68398,HMO,Silver,QHP,FL
10672,68398FL0060005,68398,HMO,Silver,QHP,FL
10673,68445AZ0590010,68445,HMO,Bronze,QHP,AZ
10674,68445AZ0590020,68445,HMO,Silver,QHP,AZ
10675,68445AZ0590030,68445,HMO,Gold,QHP,AZ
10676,68445AZ0590050,68445,HMO,Catastrophic,QHP,AZ
10677,68445AZ0600010,68445,HMO,Bronze,QHP,AZ
10678,68445AZ0600011,68445,HMO,Bronze,QHP,AZ
10679,68445AZ0600020,68445,HMO,Silver,QHP,AZ
10680,68445AZ0600021,68445,HMO,Silver,QHP,AZ
10681,68445AZ0600030,68445,HMO,Gold,QHP,AZ
10682,68445AZ0600031,68445,HMO,Gold,QHP,AZ
10683,68445AZ0610010,68445,HMO,Bronze,QHP,AZ
10684,68445AZ0610011,68445,HMO,Bronze,QHP,AZ
10685,68445AZ0610020,68445,HMO,Silver,QHP,AZ
10686,68445AZ0610021,68445,HMO,Silver,QHP,AZ
10687,68445AZ0610030,68445,HMO,Gold,QHP,AZ
10688,68445AZ0610031,68445,HMO,Gold,QHP,AZ
10689,68781UT0210001,68781,HMO,Silver,QHP,UT
10690,69443TN0140031,69443,EPO,Gold,QHP,TN
10691,69443TN0180003,69443,EPO,Bronze,QHP,TN
10692,69461AL0110025,69461,EPO,Gold,QHP,AL
10693,69461AL0120003,69461,EPO,Bronze,QHP,AL
10694,69461AL0120004,69461,EPO,Silver,QHP,AL
10695,69461AL0120005,69461,EPO,Silver,QHP,AL
10696,69803NC0010055,69803,HMO,Bronze,QHP,NC
10697,69803NC0010056,69803,HMO,Silver,QHP,NC
10698,69803NC0010057,69803,HMO,Gold,QHP,NC
10699,69803NC0010060,69803,HMO,Catastrophic,QHP,NC
10700,69803NC0010061,69803,HMO,Bronze,QHP,NC
10701,69803NC0010062,69803,HMO,Bronze,QHP,NC
10702,69803NC0010063,69803,HMO,Silver,QHP,NC
10703,69803NC0010064,69803,HMO,Silver,QHP,NC
10704,69803NC0010065,69803,HMO,Silver,QHP,NC
10705,69803NC0010066,69803,HMO,Gold,QHP,NC
10706,69842LA0240025,69842,EPO,Gold,QHP,LA
10707,69842LA0250003,69842,EPO,Silver,QHP,LA
10708,69842LA0250004,69842,EPO,Bronze,QHP,LA
10709,69842LA0250005,69842,EPO,Silver,QHP,LA
10710,70111TN0110018,70111,EPO,Silver,QHP,TN
10711,70111TN0120001,70111,EPO,Silver,QHP,TN
10712,70525AR0070001,70525,POS,Silver,QHP,AR
10713,71667MI0050003,71667,HMO,Bronze,QHP,MI
10714,71667MI0050004,71667,HMO,Silver,QHP,MI
10715,72760DE0010008,72760,HMO,Silver,QHP,DE
10716,72760DE0010009,72760,HMO,Gold,QHP,DE
10717,72850IN0160001,72850,EPO,Bronze,QHP,IN
10718,72850IN0160002,72850,EPO,Bronze,QHP,IN
10719,72850IN0160003,72850,EPO,Bronze,QHP,IN
10720,72850IN0160004,72850,EPO,Silver,QHP,IN
10721,72850IN0160005,72850,EPO,Silver,QHP,IN
10722,72850IN0160006,72850,EPO,Silver,QHP,IN
10723,72850IN0160007,72850,EPO,Gold,QHP,IN
10724,72850IN0160008,72850,EPO,Gold,QHP,IN
10725,72850IN0160009,72850,EPO,Gold,QHP,IN
10726,72850IN0170001,72850,EPO,Bronze,QHP,IN
10727,72850IN0170002,72850,EPO,Bronze,QHP,IN
10728,72850IN0170003,72850,EPO,Silver,QHP,IN
10729,72850IN0170004,72850,EPO,Silver,QHP,IN
10730,72850IN0170005,72850,EPO,Gold,QHP,IN
10731,72850IN0170006,72850,EPO,Gold,QHP,IN
10732,72850IN0170007,72850,EPO,Silver,QHP,IN
10733,73102NE0080001,73102,EPO,Bronze,QHP,NE
10734,73102NE0080002,73102,EPO,Bronze,QHP,NE
10735,73102NE0080003,73102,EPO,Bronze,QHP,NE
10736,73102NE0080004,73102,EPO,Silver,QHP,NE
10737,73102NE0080005,73102,EPO,Silver,QHP,NE
10738,73102NE0080006,73102,EPO,Silver,QHP,NE
10739,73102NE0080007,73102,EPO,Gold,QHP,NE
10740,73102NE0080008,73102,EPO,Gold,QHP,NE
10741,73102NE0080009,73102,EPO,Gold,QHP,NE
10742,73102NE0090001,73102,EPO,Bronze,QHP,NE
10743,73102NE0090002,73102,EPO,Silver,QHP,NE
10744,73102NE0090003,73102,EPO,Silver,QHP,NE
10745,73102NE0090004,73102,EPO,Silver,QHP,NE
10746,73102NE0090005,73102,EPO,Gold,QHP,NE
10747,73107SC0010008,73107,HMO,Silver,QHP,SC
10748,73107SC0010009,73107,HMO,Gold,QHP,SC
10749,73751ND0120074,73751,HMO,Gold,QHP,ND
10750,73751ND0120076,73751,HMO,Silver,QHP,ND
10751,73751ND0130074,73751,HMO,Gold,QHP,ND
10752,73751ND0130076,73751,HMO,Silver,QHP,ND
10753,73751ND0140074,73751,HMO,Gold,QHP,ND
10754,73751ND0140076,73751,HMO,Silver,QHP,ND
10755,74313OH0210041,74313,HMO,Gold,QHP,OH
10756,74313OH0210042,74313,HMO,Silver,QHP,OH
10757,74313OH0210043,74313,HMO,Silver,QHP,OH
10758,74313OH0210044,74313,HMO,Bronze,QHP,OH
10759,74313OH0210045,74313,HMO,Bronze,QHP,OH
10760,75841NH0090013,75841,EPO,Silver,QHP,NH
10761,75841NH0100010,75841,EPO,Silver,QHP,NH
10762,76168DE0690009,76168,PPO,Silver,QHP,DE
10763,76168DE0690010,76168,PPO,Gold,QHP,DE
10764,76168DE0690011,76168,PPO,Platinum,QHP,DE
10765,76168DE0690012,76168,PPO,Bronze,QHP,DE
10766,76168DE0690013,76168,PPO,Catastrophic,QHP,DE
10767,76168DE0700006,76168,PPO,Silver,QHP,DE
10768,76168DE0730003,76168,PPO,Platinum,QHP,DE
10769,76168DE0740004,76168,PPO,Platinum,QHP,DE
10770,76589TX0010035,76589,HMO,Gold,QHP,TX
10771,76589TX0010036,76589,HMO,Gold,QHP,TX
10772,76589TX0010037,76589,HMO,Gold,QHP,TX
10773,76589TX0010038,76589,HMO,Gold,QHP,TX
10774,76589TX0010040,76589,HMO,Silver,QHP,TX
10775,76589TX0010041,76589,HMO,Silver,QHP,TX
10776,76589TX0010043,76589,HMO,Silver,QHP,TX
10777,76589TX0010044,76589,HMO,Bronze,QHP,TX
10778,76589TX0010045,76589,HMO,Bronze,QHP,TX
10779,76589TX0010047,76589,HMO,Bronze,QHP,TX
10780,76589TX0010048,76589,HMO,Bronze,QHP,TX
10781,76589TX0010050,76589,HMO,Gold,QHP,TX
10782,77552OH0010215,77552,HMO,Gold,QHP,OH
10783,77552OH0010218,77552,HMO,Silver,QHP,OH
10784,77552OH0010219,77552,HMO,Silver,QHP,OH
10785,77552OH0020215,77552,HMO,Gold,QHP,OH
10786,77552OH0020218,77552,HMO,Silver,QHP,OH
10787,79475WI0340251,79475,HMO,Bronze,QHP,WI
10788,79475WI0340252,79475,HMO,Silver,QHP,WI
10789,79475WI0340253,79475,HMO,Gold,QHP,WI
10790,79475WI0340254,79475,HMO,Bronze,QHP,WI
10791,79475WI0340255,79475,HMO,Silver,QHP,WI
10792,79475WI0340256,79475,HMO,Bronze,QHP,WI
10793,79475WI0340257,79475,HMO,Bronze,QHP,WI
10794,79475WI0340258,79475,HMO,Gold,QHP,WI
10795,79475WI0340259,79475,HMO,Silver,QHP,WI
10796,80180WI0100002,80180,HMO,Gold,QHP,WI
10797,80180WI0110003,80180,HMO,Bronze,QHP,WI
10798,80180WI0110004,80180,HMO,Silver,QHP,WI
10799,81413WI0480008,81413,HMO,Bronze,QHP,WI
10800,81413WI0480011,81413,HMO,Silver,QHP,WI
10801,81413WI0480013,81413,HMO,Gold,QHP,WI
10802,81413WI0480016,81413,HMO,Gold,QHP,WI
10803,81413WI0480018,81413,HMO,Bronze,QHP,WI
10804,81413WI0490008,81413,HMO,Bronze,QHP,WI
10805,81413WI0490011,81413,HMO,Silver,QHP,WI
10806,81413WI0490013,81413,HMO,Gold,QHP,WI
10807,81413WI0490016,81413,HMO,Gold,QHP,WI
10808,81413WI0490018,81413,HMO,Bronze,QHP,WI
10809,84600KS0130010,84600,EPO,Bronze,QHP,KS
10810,84600KS0130011,84600,EPO,Gold,QHP,KS
10811,84600KS0130012,84600,EPO,Gold,QHP,KS
10812,84600KS0130013,84600,EPO,Gold,QHP,KS
10813,84600KS0130014,84600,EPO,Silver,QHP,KS
10814,84600KS0130015,84600,EPO,Silver,QHP,KS
10815,84600KS0130016,84600,EPO,Silver,QHP,KS
10816,84867OH0100010,84867,HMO,Bronze,QHP,OH
10817,84867OH0100011,84867,HMO,Gold,QHP,OH
10818,84867OH0100012,84867,HMO,Gold,QHP,OH
10819,84867OH0100013,84867,HMO,Silver,QHP,OH
10820,84867OH0100014,84867,HMO,Silver,QHP,OH
10821,84867OH0100015,84867,HMO,Silver,QHP,OH
10822,85773IL0040039,85773,HMO,Silver,QHP,IL
10823,85773IL0040040,85773,HMO,Bronze,QHP,IL
10824,85773IL0040044,85773,HMO,Bronze,QHP,IL
10825,85773IL0040051,85773,HMO,Gold,QHP,IL
10826,85773IL0040054,85773,HMO,Silver,QHP,IL
10827,85773IL0040059,85773,HMO,Gold,QHP,IL
10828,85773IL0040065,85773,HMO,Silver,QHP,IL
10829,85773IL0040067,85773,HMO,Silver,QHP,IL
10830,85773IL0040068,85773,HMO,Silver,QHP,IL
10831,85773IL0040070,85773,HMO,Bronze,QHP,IL
10832,85773IL0040074,85773,HMO,Bronze,QHP,IL
10833,87226TX0060013,87226,HMO,Gold,QHP,TX
10834,87226TX0070013,87226,HMO,Gold,QHP,TX
10835,87226TX0080013,87226,HMO,Gold,QHP,TX
10836,87226TX0100013,87226,HMO,Gold,QHP,TX
10837,87226TX0120001,87226,HMO,Silver,QHP,TX
10838,87226TX0120005,87226,HMO,Silver,QHP,TX
10839,87226TX0130002,87226,HMO,Silver,QHP,TX
10840,87226TX0130003,87226,HMO,Silver,QHP,TX
10841,87226TX0140003,87226,HMO,Silver,QHP,TX
10842,87226TX0140004,87226,HMO,Silver,QHP,TX
10843,87226TX0150001,87226,HMO,Silver,QHP,TX
10844,87226TX0150003,87226,HMO,Silver,QHP,TX
10845,87416WI0060001,87416,EPO,Gold,QHP,WI
10846,87416WI0060002,87416,EPO,Silver,QHP,WI
10847,87416WI0060003,87416,EPO,Bronze,QHP,WI
10848,87571OK0510078,87571,HMO,Bronze,QHP,OK
10849,87571OK0510079,87571,HMO,Bronze,QHP,OK
10850,87571OK0510080,87571,HMO,Bronze,QHP,OK
10851,87571OK0510081,87571,HMO,Bronze,QHP,OK
10852,87571OK0510082,87571,HMO,Bronze,QHP,OK
10853,87571OK0510083,87571,HMO,Bronze,QHP,OK
10854,87571OK0510084,87571,HMO,Bronze,QHP,OK
10855,87571OK0510085,87571,HMO,Bronze,QHP,OK
10856,87571OK0510086,87571,HMO,Bronze,QHP,OK
10857,87571OK0510093,87571,HMO,Gold,QHP,OK
10858,87571OK0510095,87571,HMO,Gold,QHP,OK
10859,87571OK0510097,87571,HMO,Silver,QHP,OK
10860,87571OK0510099,87571,HMO,Silver,QHP,OK
10861,87571OK0510101,87571,HMO,Silver,QHP,OK
10862,87571OK0510103,87571,HMO,Gold,QHP,OK
10863,90787LA0010012,90787,EPO,Silver,QHP,LA
10864,90787LA0020012,90787,EPO,Silver,QHP,LA
10865,93078IA0050074,93078,EPO,Gold,QHP,IA
10866,93078IA0050075,93078,EPO,Silver,QHP,IA
10867,93078IA0060074,93078,EPO,Gold,QHP,IA
10868,93078IA0070074,93078,EPO,Bronze,QHP,IA
10869,93078IA0070075,93078,EPO,Gold,QHP,IA
10870,93078IA0080074,93078,EPO,Gold,QHP,IA
10871,93078IA0080075,93078,EPO,Silver,QHP,IA
10872,93078IA0130001,93078,EPO,Gold,QHP,IA
10873,93078IA0130002,93078,EPO,Silver,QHP,IA
10874,93078IA0130003,93078,EPO,Bronze,QHP,IA
10875,93078IA0130004,93078,EPO,Gold,QHP,IA
10876,93078IA0130005,93078,EPO,Silver,QHP,IA
10877,93078IA0130006,93078,EPO,Bronze,QHP,IA
10878,93078IA0130007,93078,EPO,Gold,QHP,IA
10879,93078IA0130008,93078,EPO,Silver,QHP,IA
10880,93078IA0130009,93078,EPO,Bronze,QHP,IA
10881,94529WI0240022,94529,HMO,Platinum,QHP,WI
10882,94529WI0240023,94529,HMO,Gold,QHP,WI
10883,94529WI0240024,94529,HMO,Gold,QHP,WI
10884,94529WI0240025,94529,HMO,Silver,QHP,WI
10885,94529WI0240026,94529,HMO,Silver,QHP,WI
10886,94529WI0240027,94529,HMO,Bronze,QHP,WI
10887,94529WI0240028,94529,HMO,Bronze,QHP,WI
10888,94968KS0090019,94968,EPO,Gold,QHP,KS
10889,94968KS0100003,94968,EPO,Bronze,QHP,KS
10890,94968KS0100004,94968,EPO,Bronze,QHP,KS
10891,94968KS0100005,94968,EPO,Silver,QHP,KS
10892,94968KS0100006,94968,EPO,Gold,QHP,KS
10893,95426MO0410020,95426,EPO,Gold,QHP,MO
10894,95426MO0420003,95426,EPO,Bronze,QHP,MO
10895,95426MO0420004,95426,EPO,Silver,QHP,MO
10896,96992IN0060010,96992,HMO,Bronze,QHP,IN
10897,96992IN0060011,96992,HMO,Gold,QHP,IN
10898,96992IN0060012,96992,HMO,Gold,QHP,IN
10899,96992IN0060013,96992,HMO,Gold,QHP,IN
10900,96992IN0060014,96992,HMO,Silver,QHP,IN
10901,96992IN0060015,96992,HMO,Silver,QHP,IN
10902,96992IN0060016,96992,HMO,Silver,QHP,IN
10903,97560MS0080002,97560,HMO,Silver,QHP,MS
10904,97560MS0080003,97560,HMO,Gold,QHP,MS
10905,97560MS0080004,97560,HMO,Gold,QHP,MS
10906,97560MS0080005,97560,HMO,Bronze,QHP,MS
10907,97560MS0080006,97560,HMO,Bronze,QHP,MS
10908,98185MI0180028,98185,HMO,Bronze,QHP,MI
10909,98185MI0180029,98185,HMO,Bronze,QHP,MI
10910,98185MI0180032,98185,HMO,Bronze,QHP,MI
10911,98185MI0440015,98185,HMO,Catastrophic,QHP,MI
10912,98185MI0440016,98185,HMO,Silver,QHP,MI
10913,98185MI0440017,98185,HMO,Silver,QHP,MI
10914,98185MI0440019,98185,HMO,Bronze,QHP,MI
10915,98780LA0150001,98780,HMO,Bronze,QHP,LA
10916,98780LA0150002,98780,HMO,Bronze,QHP,LA
10917,98780LA0150003,98780,HMO,Bronze,QHP,LA
10918,98780LA0160001,98780,HMO,Bronze,QHP,LA
10919,98780LA0160002,98780,HMO,Bronze,QHP,LA
10920,98780LA0160003,98780,HMO,Bronze,QHP,LA
10921,98780LA0170001,98780,HMO,Bronze,QHP,LA
10922,98780LA0170002,98780,HMO,Bronze,QHP,LA
10923,98780LA0170003,98780,HMO,Bronze,QHP,LA
10924,98780LA0180001,98780,HMO,Silver,QHP,LA
10925,98780LA0180002,98780,HMO,Silver,QHP,LA
10926,98780LA0180003,98780,HMO,Silver,QHP,LA
10927,98780LA0190001,98780,HMO,Silver,QHP,LA
10928,98780LA0190002,98780,HMO,Silver,QHP,LA
10929,98780LA0190003,98780,HMO,Silver,QHP,LA
10930,98780LA0200001,98780,HMO,Gold,QHP,LA
10931,98780LA0200002,98780,HMO,Gold,QHP,LA
10932,98780LA0200003,98780,HMO,Gold,QHP,LA
10933,98780LA0210001,98780,HMO,Gold,QHP,LA
10934,98780LA0210002,98780,HMO,Gold,QHP,LA
10935,98780LA0210003,98780,HMO,Gold,QHP,LA
10936,99129IL0120032,99129,HMO,Bronze,QHP,IL
10937,99129IL0120033,99129,HMO,Gold,QHP,IL
10938,99129IL0120034,99129,HMO,Gold,QHP,IL
10939,99129IL0120035,99129,HMO,Gold,QHP,IL
10940,99129IL0120036,99129,HMO,Silver,QHP,IL
10941,99129IL0120037,99129,HMO,Silver,QHP,IL
10942,99129IL0120038,99129,HMO,Silver,QHP,IL
10943,99969OH0080542,99969,HMO,Gold,QHP,OH
10944,99969OH0080543,99969,HMO,Gold,QHP,OH
10945,99969OH0080544,99969,HMO,Silver,QHP,OH
10946,10091OR0770001,10091,EPO,Bronze,QHP,OR
10947,10091OR0770002,10091,EPO,Bronze,QHP,OR
10948,10091OR0770003,10091,EPO,Bronze,QHP,OR
10949,10091OR0770004,10091,EPO,Silver,QHP,OR
10950,10091OR0770005,10091,EPO,Silver,QHP,OR
10951,10091OR0770006,10091,EPO,Silver,QHP,OR
10952,10091OR0770007,10091,EPO,Gold,QHP,OR
10953,10091OR0780001,10091,EPO,Gold,QHP,OR
10954,10091OR0780002,10091,EPO,Gold,QHP,OR
10955,11512NC0060059,11512,PPO,Bronze,QHP,NC
10956,11512NC0100079,11512,POS,Bronze,QHP,NC
10957,11512NC0100080,11512,POS,Bronze,QHP,NC
10958,11512NC0390046,11512,EPO,Bronze,QHP,NC
10959,11512NC0390047,11512,EPO,Bronze,QHP,NC
10960,11512NC0390048,11512,EPO,Bronze,QHP,NC
10961,11512NC0410061,11512,EPO,Bronze,QHP,NC
10962,11512NC0410064,11512,EPO,Bronze,QHP,NC
10963,11512NC0430004,11512,HMO,Gold,QHP,NC
10964,11512NC0430005,11512,HMO,Silver,QHP,NC
10965,11512NC0430007,11512,HMO,Silver,QHP,NC
10966,11512NC0430008,11512,HMO,Bronze,QHP,NC
10967,11512NC0430009,11512,HMO,Bronze,QHP,NC
10968,11512NC0430010,11512,HMO,Bronze,QHP,NC
10969,11512NC0440001,11512,EPO,Gold,QHP,NC
10970,11512NC0440002,11512,EPO,Gold,QHP,NC
10971,11512NC0440003,11512,EPO,Silver,QHP,NC
10972,11512NC0440005,11512,EPO,Silver,QHP,NC
10973,11512NC0440006,11512,EPO,Bronze,QHP,NC
10974,11512NC0440007,11512,EPO,Bronze,QHP,NC
10975,13262AR0230009,13262,POS,Gold,QHP,AR
10976,13262AR0230010,13262,POS,Platinum,QHP,AR
10977,13262AR0230011,13262,POS,Platinum,QHP,AR
10978,13484NE0090001,13484,EPO,Bronze,QHP,NE
10979,13484NE0090002,13484,EPO,Gold,QHP,NE
10980,13484NE0090004,13484,EPO,Silver,QHP,NE
10981,13484NE0090005,13484,EPO,Gold,QHP,NE
10982,13484NE0090006,13484,EPO,Gold,QHP,NE
10983,13484NE0090007,13484,EPO,Bronze,QHP,NE
10984,13484NE0090008,13484,EPO,Bronze,QHP,NE
10985,13484NE0090009,13484,EPO,Silver,QHP,NE
10986,13484NE0090010,13484,EPO,Silver,QHP,NE
10987,13484NE0100001,13484,EPO,Bronze,QHP,NE
10988,13484NE0100002,13484,EPO,Gold,QHP,NE
10989,13484NE0100004,13484,EPO,Silver,QHP,NE
10990,13484NE0100005,13484,EPO,Gold,QHP,NE
10991,13484NE0100006,13484,EPO,Gold,QHP,NE
10992,13484NE0100007,13484,EPO,Bronze,QHP,NE
10993,13484NE0100008,13484,EPO,Bronze,QHP,NE
10994,13484NE0100009,13484,EPO,Silver,QHP,NE
10995,13591NC0010021,13591,HMO,Bronze,QHP,NC
10996,13591NC0020021,13591,HMO,Bronze,QHP,NC
10997,13877AZ0070056,13877,HMO,Bronze,QHP,AZ
10998,13877AZ0070057,13877,HMO,Bronze,QHP,AZ
10999,13877AZ0070058,13877,HMO,Bronze,QHP,AZ
11000,13877AZ0070063,13877,HMO,Silver,QHP,AZ
11001,13877AZ0070064,13877,HMO,Silver,QHP,AZ
11002,13877AZ0070068,13877,HMO,Gold,QHP,AZ
11003,13877AZ0070072,13877,HMO,Bronze,QHP,AZ
11004,13877AZ0070073,13877,HMO,Gold,QHP,AZ
11005,13887FL0010001,13887,HMO,Gold,QHP,FL
11006,13887FL0010002,13887,HMO,Silver,QHP,FL
11007,13887FL0010003,13887,HMO,Bronze,QHP,FL
11008,13887FL0010004,13887,HMO,Silver,QHP,FL
11009,13887FL0010005,13887,HMO,Silver,QHP,FL
11010,14002TN0400373,14002,EPO,Bronze,QHP,TN
11011,14002TN0400374,14002,EPO,Bronze,QHP,TN
11012,14002TN0400375,14002,EPO,Bronze,QHP,TN
11013,14002TN0400376,14002,EPO,Bronze,QHP,TN
11014,14002TN0400383,14002,EPO,Bronze,QHP,TN
11015,14002TN0400384,14002,EPO,Bronze,QHP,TN
11016,14002TN0400385,14002,EPO,Bronze,QHP,TN
11017,14002TN0400386,14002,EPO,Bronze,QHP,TN
11018,14002TN0400387,14002,EPO,Bronze,QHP,TN
11019,14002TN0400388,14002,EPO,Bronze,QHP,TN
11020,14002TN0400389,14002,EPO,Bronze,QHP,TN
11021,14002TN0400390,14002,EPO,Bronze,QHP,TN
11022,14002TN0400391,14002,EPO,Bronze,QHP,TN
11023,14002TN0400392,14002,EPO,Bronze,QHP,TN
11024,14002TN0400419,14002,EPO,Silver,QHP,TN
11025,14002TN0400420,14002,EPO,Silver,QHP,TN
11026,14002TN0400427,14002,EPO,Silver,QHP,TN
11027,14002TN0400428,14002,EPO,Silver,QHP,TN
11028,14002TN0400429,14002,EPO,Silver,QHP,TN
11029,14002TN0400430,14002,EPO,Silver,QHP,TN
11030,14002TN0400437,14002,EPO,Silver,QHP,TN
11031,14002TN0400438,14002,EPO,Silver,QHP,TN
11032,14002TN0400439,14002,EPO,Silver,QHP,TN
11033,14002TN0400440,14002,EPO,Silver,QHP,TN
11034,14002TN0400441,14002,EPO,Silver,QHP,TN
11035,14002TN0400442,14002,EPO,Silver,QHP,TN
11036,14002TN0400443,14002,EPO,Silver,QHP,TN
11037,14002TN0400444,14002,EPO,Silver,QHP,TN
11038,14002TN0400445,14002,EPO,Silver,QHP,TN
11039,14002TN0400446,14002,EPO,Silver,QHP,TN
11040,14002TN0400447,14002,EPO,Silver,QHP,TN
11041,14002TN0400448,14002,EPO,Silver,QHP,TN
11042,14002TN0400473,14002,EPO,Gold,QHP,TN
11043,14002TN0400474,14002,EPO,Gold,QHP,TN
11044,17091AL0010001,17091,EPO,Bronze,QHP,AL
11045,17091AL0010002,17091,EPO,Bronze,QHP,AL
11046,17091AL0010003,17091,EPO,Bronze,QHP,AL
11047,17091AL0010004,17091,EPO,Bronze,QHP,AL
11048,17091AL0010005,17091,EPO,Silver,QHP,AL
11049,17091AL0010006,17091,EPO,Silver,QHP,AL
11050,17091AL0010007,17091,EPO,Silver,QHP,AL
11051,17091AL0010008,17091,EPO,Gold,QHP,AL
11052,17091AL0010009,17091,EPO,Gold,QHP,AL
11053,17575IN0990001,17575,HMO,Silver,QHP,IN
11054,17575IN0990002,17575,HMO,Silver,QHP,IN
11055,17575IN0990003,17575,HMO,Silver,QHP,IN
11056,17575IN0990004,17575,HMO,Catastrophic,QHP,IN
11057,17575IN0990005,17575,HMO,Silver,QHP,IN
11058,17575IN0990006,17575,HMO,Gold,QHP,IN
11059,17575IN0990007,17575,HMO,Bronze,QHP,IN
11060,17575IN0990008,17575,HMO,Bronze,QHP,IN
11061,17575IN0990009,17575,HMO,Bronze,QHP,IN
11062,17575IN0990010,17575,HMO,Bronze,QHP,IN
11063,17575IN0990011,17575,HMO,Bronze,QHP,IN
11064,17575IN0990012,17575,HMO,Gold,QHP,IN
11065,17575IN0990013,17575,HMO,Silver,QHP,IN
11066,17575IN1000001,17575,POS,Bronze,QHP,IN
11067,17575IN1000002,17575,POS,Bronze,QHP,IN
11068,18167UT0060001,18167,HMO,Gold,QHP,UT
11069,18167UT0060002,18167,HMO,Silver,QHP,UT
11070,19636LA0220020,19636,POS,Bronze,QHP,LA
11071,19636LA0230012,19636,POS,Bronze,QHP,LA
11072,19636LA0240032,19636,POS,Gold,QHP,LA
11073,19636LA0240033,19636,POS,Bronze,QHP,LA
11074,19636LA0590008,19636,POS,Bronze,QHP,LA
11075,19636LA0610017,19636,POS,Bronze,QHP,LA
11076,20069TX0100059,20069,EPO,Bronze,QHP,TX
11077,20069TX0100064,20069,EPO,Bronze,QHP,TX
11078,20069TX0100068,20069,EPO,Bronze,QHP,TX
11079,20069TX0510001,20069,HMO,Silver,QHP,TX
11080,20069TX0510002,20069,HMO,Silver,QHP,TX
11081,20069TX0510003,20069,HMO,Silver,QHP,TX
11082,20069TX0510004,20069,HMO,Silver,QHP,TX
11083,20069TX0510005,20069,HMO,Silver,QHP,TX
11084,20069TX0510006,20069,HMO,Silver,QHP,TX
11085,20069TX0510007,20069,HMO,Silver,QHP,TX
11086,20069TX0510008,20069,HMO,Silver,QHP,TX
11087,20069TX0510009,20069,HMO,Silver,QHP,TX
11088,20069TX0510026,20069,HMO,Silver,QHP,TX
11089,20069TX0510027,20069,HMO,Silver,QHP,TX
11090,20069TX0510028,20069,HMO,Silver,QHP,TX
11091,20069TX0510029,20069,HMO,Silver,QHP,TX
11092,20069TX0510030,20069,HMO,Silver,QHP,TX
11093,20069TX0510037,20069,HMO,Gold,QHP,TX
11094,20069TX0510038,20069,HMO,Gold,QHP,TX
11095,20069TX0510039,20069,HMO,Gold,QHP,TX
11096,20069TX0510042,20069,HMO,Gold,QHP,TX
11097,20069TX0510043,20069,HMO,Gold,QHP,TX
11098,20069TX0510044,20069,HMO,Gold,QHP,TX
11099,20069TX0510045,20069,HMO,Gold,QHP,TX
11100,20069TX0510120,20069,HMO,Silver,QHP,TX
11101,20069TX0510121,20069,HMO,Silver,QHP,TX
11102,20069TX0510122,20069,HMO,Silver,QHP,TX
11103,20069TX0510123,20069,HMO,Silver,QHP,TX
11104,20069TX0510124,20069,HMO,Silver,QHP,TX
11105,20069TX0510125,20069,HMO,Silver,QHP,TX
11106,20069TX0510126,20069,HMO,Silver,QHP,TX
11107,20069TX0510127,20069,HMO,Gold,QHP,TX
11108,20069TX0510128,20069,HMO,Gold,QHP,TX
11109,20069TX0510129,20069,HMO,Gold,QHP,TX
11110,20069TX0510130,20069,HMO,Gold,QHP,TX
11111,20635MS0010001,20635,HMO,Bronze,QHP,MS
11112,20635MS0010002,20635,HMO,Bronze,QHP,MS
11113,20635MS0010003,20635,HMO,Bronze,QHP,MS
11114,20635MS0010004,20635,HMO,Silver,QHP,MS
11115,20635MS0010005,20635,HMO,Silver,QHP,MS
11116,20635MS0010006,20635,HMO,Silver,QHP,MS
11117,20635MS0010007,20635,HMO,Gold,QHP,MS
11118,21525FL0010001,21525,HMO,Bronze,QHP,FL
11119,21525FL0010002,21525,HMO,Bronze,QHP,FL
11120,21525FL0010004,21525,HMO,Bronze,QHP,FL
11121,21525FL0010005,21525,HMO,Bronze,QHP,FL
11122,21525FL0010006,21525,HMO,Bronze,QHP,FL
11123,21525FL0010007,21525,HMO,Bronze,QHP,FL
11124,21525FL0010008,21525,HMO,Bronze,QHP,FL
11125,21525FL0010009,21525,HMO,Silver,QHP,FL
11126,21525FL0010010,21525,HMO,Silver,QHP,FL
11127,21525FL0010012,21525,HMO,Silver,QHP,FL
11128,21525FL0010013,21525,HMO,Silver,QHP,FL
11129,21525FL0010014,21525,HMO,Silver,QHP,FL
11130,21525FL0010015,21525,HMO,Silver,QHP,FL
11131,21525FL0010016,21525,HMO,Silver,QHP,FL
11132,21525FL0010017,21525,HMO,Silver,QHP,FL
11133,21525FL0010019,21525,HMO,Gold,QHP,FL
11134,21525FL0010020,21525,HMO,Gold,QHP,FL
11135,21525FL0010022,21525,HMO,Gold,QHP,FL
11136,21525FL0010023,21525,HMO,Gold,QHP,FL
11137,21525FL0020001,21525,HMO,Bronze,QHP,FL
11138,21525FL0020002,21525,HMO,Bronze,QHP,FL
11139,21525FL0020003,21525,HMO,Bronze,QHP,FL
11140,21525FL0020004,21525,HMO,Bronze,QHP,FL
11141,21525FL0020005,21525,HMO,Bronze,QHP,FL
11142,21525FL0020006,21525,HMO,Bronze,QHP,FL
11143,21525FL0020007,21525,HMO,Silver,QHP,FL
11144,21525FL0020008,21525,HMO,Silver,QHP,FL
11145,21525FL0020009,21525,HMO,Silver,QHP,FL
11146,21525FL0020010,21525,HMO,Silver,QHP,FL
11147,21525FL0020011,21525,HMO,Silver,QHP,FL
11148,21525FL0020012,21525,HMO,Silver,QHP,FL
11149,21525FL0020013,21525,HMO,Silver,QHP,FL
11150,21525FL0020015,21525,HMO,Gold,QHP,FL
11151,21525FL0020016,21525,HMO,Gold,QHP,FL
11152,22013UT2680001,22013,EPO,Bronze,QHP,UT
11153,23552TN0020058,23552,EPO,Bronze,QHP,TN
11154,23552TN0020059,23552,EPO,Bronze,QHP,TN
11155,23552TN0020060,23552,EPO,Bronze,QHP,TN
11156,23552TN0020063,23552,EPO,Silver,QHP,TN
11157,23552TN0020064,23552,EPO,Silver,QHP,TN
11158,23552TN0020068,23552,EPO,Bronze,QHP,TN
11159,23552TN0020071,23552,EPO,Gold,QHP,TN
11160,23603MT0380001,23603,EPO,Bronze,QHP,MT
11161,23603MT0380002,23603,EPO,Bronze,QHP,MT
11162,23603MT0380003,23603,EPO,Bronze,QHP,MT
11163,23603MT0380004,23603,EPO,Silver,QHP,MT
11164,23603MT0380005,23603,EPO,Silver,QHP,MT
11165,23603MT0380006,23603,EPO,Silver,QHP,MT
11166,23603MT0380008,23603,EPO,Gold,QHP,MT
11167,23603MT0380009,23603,EPO,Gold,QHP,MT
11168,26065SC0380052,26065,EPO,Silver,QHP,SC
11169,26065SC0760006,26065,POS,Bronze,QHP,SC
11170,26065SC0760007,26065,POS,Bronze,QHP,SC
11171,27248TX0010026,27248,HMO,Silver,QHP,TX
11172,27248TX0010028,27248,HMO,Gold,QHP,TX
11173,29276OH0970001,29276,HMO,Bronze,QHP,OH
11174,29276OH0970002,29276,HMO,Bronze,QHP,OH
11175,29276OH0970003,29276,HMO,Catastrophic,QHP,OH
11176,29276OH0970004,29276,HMO,Silver,QHP,OH
11177,29276OH0970005,29276,HMO,Silver,QHP,OH
11178,29276OH0970006,29276,HMO,Silver,QHP,OH
11179,29276OH0970007,29276,HMO,Bronze,QHP,OH
11180,29276OH0970008,29276,HMO,Silver,QHP,OH
11181,29276OH0970009,29276,HMO,Gold,QHP,OH
11182,29276OH0970010,29276,HMO,Bronze,QHP,OH
11183,29276OH0970011,29276,HMO,Silver,QHP,OH
11184,29276OH0970012,29276,HMO,Bronze,QHP,OH
11185,29341OH0100056,29341,HMO,Bronze,QHP,OH
11186,29341OH0100057,29341,HMO,Bronze,QHP,OH
11187,29341OH0100058,29341,HMO,Bronze,QHP,OH
11188,29341OH0100061,29341,HMO,Silver,QHP,OH
11189,29341OH0100062,29341,HMO,Silver,QHP,OH
11190,29341OH0100063,29341,HMO,Silver,QHP,OH
11191,29341OH0100064,29341,HMO,Bronze,QHP,OH
11192,29418TX0140049,29418,EPO,Silver,QHP,TX
11193,29418TX0140050,29418,EPO,Silver,QHP,TX
11194,29418TX0160053,29418,EPO,Silver,QHP,TX
11195,29418TX0160054,29418,EPO,Silver,QHP,TX
11196,29678NE1520008,29678,EPO,Silver,QHP,NE
11197,29678NE1520011,29678,EPO,Gold,QHP,NE
11198,29678NE1530015,29678,EPO,Silver,QHP,NE
11199,29678NE1530016,29678,EPO,Gold,QHP,NE
11200,29678NE1540015,29678,EPO,Silver,QHP,NE
11201,29678NE1540016,29678,EPO,Gold,QHP,NE
11202,29678NE1550015,29678,EPO,Silver,QHP,NE
11203,29678NE1550016,29678,EPO,Gold,QHP,NE
11204,29678NE1560015,29678,EPO,Silver,QHP,NE
11205,29678NE1560016,29678,EPO,Gold,QHP,NE
11206,29678NE1570015,29678,EPO,Silver,QHP,NE
11207,29678NE1570016,29678,EPO,Gold,QHP,NE
11208,29678NE1580015,29678,EPO,Silver,QHP,NE
11209,29678NE1580016,29678,EPO,Gold,QHP,NE
11210,29678NE1590015,29678,EPO,Silver,QHP,NE
11211,29678NE1590016,29678,EPO,Gold,QHP,NE
11212,29678NE1600015,29678,PPO,Silver,QHP,NE
11213,29678NE1600016,29678,PPO,Gold,QHP,NE
11214,29678NE1610020,29678,EPO,Silver,QHP,NE
11215,29678NE1620020,29678,EPO,Silver,QHP,NE
11216,29678NE1630020,29678,EPO,Silver,QHP,NE
11217,29678NE1640020,29678,EPO,Silver,QHP,NE
11218,29678NE1650020,29678,EPO,Silver,QHP,NE
11219,29678NE1660020,29678,EPO,Silver,QHP,NE
11220,29698MI0541200,29698,HMO,Bronze,QHP,MI
11221,29698MI0541201,29698,HMO,Bronze,QHP,MI
11222,29698MI0541202,29698,HMO,Bronze,QHP,MI
11223,29698MI0541203,29698,HMO,Bronze,QHP,MI
11224,29698MI0541205,29698,HMO,Bronze,QHP,MI
11225,29698MI0541210,29698,HMO,Bronze,QHP,MI
11226,29698MI0541211,29698,HMO,Bronze,QHP,MI
11227,29698MI0541212,29698,HMO,Bronze,QHP,MI
11228,29698MI0541213,29698,HMO,Bronze,QHP,MI
11229,29698MI0541215,29698,HMO,Bronze,QHP,MI
11230,29698MI0541220,29698,HMO,Silver,QHP,MI
11231,29698MI0541221,29698,HMO,Silver,QHP,MI
11232,29698MI0541222,29698,HMO,Silver,QHP,MI
11233,29698MI0541223,29698,HMO,Silver,QHP,MI
11234,29698MI0541225,29698,HMO,Silver,QHP,MI
11235,29698MI0541235,29698,HMO,Bronze,QHP,MI
11236,29698MI0541236,29698,HMO,Bronze,QHP,MI
11237,29698MI0541237,29698,HMO,Silver,QHP,MI
11238,29698MI0541239,29698,HMO,Silver,QHP,MI
11239,29698MI0541260,29698,HMO,Silver,QHP,MI
11240,29698MI0541261,29698,HMO,Silver,QHP,MI
11241,29698MI0541262,29698,HMO,Silver,QHP,MI
11242,29698MI0541263,29698,HMO,Silver,QHP,MI
11243,29698MI0541265,29698,HMO,Silver,QHP,MI
11244,29698MI0541300,29698,HMO,Bronze,QHP,MI
11245,29698MI0541301,29698,HMO,Bronze,QHP,MI
11246,29698MI0541302,29698,HMO,Bronze,QHP,MI
11247,29698MI0541303,29698,HMO,Bronze,QHP,MI
11248,29698MI0541305,29698,HMO,Bronze,QHP,MI
11249,29698MI0541306,29698,HMO,Bronze,QHP,MI
11250,29698MI0541310,29698,HMO,Silver,QHP,MI
11251,29698MI0541311,29698,HMO,Silver,QHP,MI
11252,29698MI0541312,29698,HMO,Silver,QHP,MI
11253,29698MI0541313,29698,HMO,Silver,QHP,MI
11254,29698MI0541315,29698,HMO,Silver,QHP,MI
11255,29698MI0541316,29698,HMO,Silver,QHP,MI
11256,29698MI0541320,29698,HMO,Gold,QHP,MI
11257,29698MI0541321,29698,HMO,Gold,QHP,MI
11258,29698MI0541322,29698,HMO,Gold,QHP,MI
11259,29698MI0541323,29698,HMO,Gold,QHP,MI
11260,29698MI0541325,29698,HMO,Gold,QHP,MI
11261,29698MI0541343,29698,HMO,Bronze,QHP,MI
11262,29698MI0541344,29698,HMO,Silver,QHP,MI
11263,29698MI0541345,29698,HMO,Gold,QHP,MI
11264,30252FL0070061,30252,HMO,Silver,QHP,FL
11265,30252FL0070062,30252,HMO,Silver,QHP,FL
11266,30252FL0070063,30252,HMO,Silver,QHP,FL
11267,30252FL0070065,30252,HMO,Bronze,QHP,FL
11268,30252FL0070066,30252,HMO,Bronze,QHP,FL
11269,30252FL0190007,30252,HMO,Silver,QHP,FL
11270,30252FL0190008,30252,HMO,Silver,QHP,FL
11271,30252FL0190012,30252,HMO,Silver,QHP,FL
11272,30252FL0200007,30252,HMO,Silver,QHP,FL
11273,30252FL0200008,30252,HMO,Silver,QHP,FL
11274,30252FL0200012,30252,HMO,Silver,QHP,FL
11275,31274WV0590003,31274,PPO,Silver,QHP,WV
11276,31274WV0600003,31274,PPO,Silver,QHP,WV
11277,31274WV0630002,31274,PPO,Gold,QHP,WV
11278,32753MO0980013,32753,EPO,Silver,QHP,MO
11279,32753MO0980014,32753,EPO,Bronze,QHP,MO
11280,32753MO0980015,32753,EPO,Silver,QHP,MO
11281,32753MO0980016,32753,EPO,Silver,QHP,MO
11282,32753MO0980017,32753,EPO,Catastrophic,QHP,MO
11283,32753MO0980018,32753,EPO,Bronze,QHP,MO
11284,32753MO0980019,32753,EPO,Bronze,QHP,MO
11285,32753MO0980020,32753,EPO,Silver,QHP,MO
11286,32753MO0980021,32753,EPO,Gold,QHP,MO
11287,32753MO0980022,32753,EPO,Bronze,QHP,MO
11288,32753MO0990011,32753,EPO,Silver,QHP,MO
11289,32753MO0990012,32753,EPO,Bronze,QHP,MO
11290,32753MO0990013,32753,EPO,Silver,QHP,MO
11291,32753MO0990014,32753,EPO,Silver,QHP,MO
11292,32753MO0990015,32753,EPO,Catastrophic,QHP,MO
11293,32753MO0990016,32753,EPO,Bronze,QHP,MO
11294,32753MO0990017,32753,EPO,Bronze,QHP,MO
11295,32753MO0990018,32753,EPO,Silver,QHP,MO
11296,32753MO0990019,32753,EPO,Gold,QHP,MO
11297,32753MO0990020,32753,EPO,Bronze,QHP,MO
11298,33602TX0461210,33602,HMO,Bronze,QHP,TX
11299,33602TX0461211,33602,HMO,Bronze,QHP,TX
11300,33602TX0461212,33602,HMO,Bronze,QHP,TX
11301,33602TX0461213,33602,HMO,Bronze,QHP,TX
11302,33602TX0461214,33602,HMO,Gold,QHP,TX
11303,33602TX0461215,33602,HMO,Gold,QHP,TX
11304,33602TX0461216,33602,HMO,Gold,QHP,TX
11305,33602TX0461217,33602,HMO,Gold,QHP,TX
11306,33602TX0461218,33602,HMO,Silver,QHP,TX
11307,33602TX0461219,33602,HMO,Silver,QHP,TX
11308,33602TX0461222,33602,HMO,Silver,QHP,TX
11309,33602TX0461223,33602,HMO,Silver,QHP,TX
11310,33764SC0030013,33764,HMO,Bronze,QHP,SC
11311,33764SC0030022,33764,HMO,Silver,QHP,SC
11312,33764SC0030024,33764,HMO,Gold,QHP,SC
11313,33764SC0040004,33764,HMO,Silver,QHP,SC
11314,33764SC0040005,33764,HMO,Gold,QHP,SC
11315,33764SC0060001,33764,HMO,Bronze,QHP,SC
11316,33764SC0060002,33764,HMO,Silver,QHP,SC
11317,33764SC0070001,33764,HMO,Bronze,QHP,SC
11318,33764SC0070002,33764,HMO,Silver,QHP,SC
11319,33764SC0070003,33764,HMO,Gold,QHP,SC
11320,33931OH0030044,33931,HMO,Bronze,QHP,OH
11321,34368KS0110002,34368,EPO,Silver,QHP,KS
11322,34762MO0590024,34762,EPO,Gold,QHP,MO
11323,34762MO0590025,34762,EPO,Silver,QHP,MO
11324,34762MO0590026,34762,EPO,Bronze,QHP,MO
11325,34762MO0590027,34762,EPO,Gold,QHP,MO
11326,36194FL0500001,36194,HMO,Silver,QHP,FL
11327,36194FL0500002,36194,HMO,Gold,QHP,FL
11328,37160ND2410030,37160,PPO,Bronze,QHP,ND
11329,37758TX0010001,37758,HMO,Gold,QHP,TX
11330,37758TX0010002,37758,HMO,Silver,QHP,TX
11331,37758TX0010004,37758,HMO,Gold,QHP,TX
11332,37758TX0010005,37758,HMO,Silver,QHP,TX
11333,37833WI0380338,37833,HMO,Bronze,QHP,WI
11334,37833WI0380340,37833,HMO,Bronze,QHP,WI
11335,37833WI0380341,37833,HMO,Bronze,QHP,WI
11336,37833WI0380342,37833,HMO,Silver,QHP,WI
11337,37833WI0380343,37833,HMO,Silver,QHP,WI
11338,37833WI0380344,37833,HMO,Silver,QHP,WI
11339,37833WI0510338,37833,HMO,Bronze,QHP,WI
11340,37833WI0510340,37833,HMO,Bronze,QHP,WI
11341,37833WI0510341,37833,HMO,Bronze,QHP,WI
11342,37833WI0510342,37833,HMO,Silver,QHP,WI
11343,37833WI0510343,37833,HMO,Silver,QHP,WI
11344,37833WI0510344,37833,HMO,Silver,QHP,WI
11345,37903AR0160001,37903,PPO,Gold,QHP,AR
11346,37903AR0160002,37903,PPO,Gold,QHP,AR
11347,37903AR0160003,37903,PPO,Silver,QHP,AR
11348,38166WI0180030,38166,EPO,Silver,QHP,WI
11349,38166WI0270030,38166,EPO,Silver,QHP,WI
11350,38166WI0280030,38166,HMO,Silver,QHP,WI
11351,38166WI0310030,38166,HMO,Silver,QHP,WI
11352,38246LA0010001,38246,HMO,Bronze,QHP,LA
11353,38246LA0010002,38246,HMO,Bronze,QHP,LA
11354,38246LA0010003,38246,HMO,Silver,QHP,LA
11355,38246LA0010004,38246,HMO,Gold,QHP,LA
11356,38246LA0010006,38246,HMO,Bronze,QHP,LA
11357,38246LA0010007,38246,HMO,Silver,QHP,LA
11358,38246LA0010008,38246,HMO,Silver,QHP,LA
11359,38246LA0010009,38246,HMO,Gold,QHP,LA
11360,40220TX0080045,40220,HMO,Bronze,QHP,TX
11361,40220TX0080055,40220,HMO,Gold,QHP,TX
11362,40220TX0090005,40220,HMO,Bronze,QHP,TX
11363,40220TX0090006,40220,HMO,Bronze,QHP,TX
11364,40220TX0090007,40220,HMO,Silver,QHP,TX
11365,40220TX0090008,40220,HMO,Gold,QHP,TX
11366,40220TX0090009,40220,HMO,Gold,QHP,TX
11367,40356MI0010010,40356,HMO,Bronze,QHP,MI
11368,40356MI0010017,40356,HMO,Silver,QHP,MI
11369,40356MI0010018,40356,HMO,Silver,QHP,MI
11370,40356MI0010019,40356,HMO,Silver,QHP,MI
11371,40356MI0010020,40356,HMO,Silver,QHP,MI
11372,40356MI0010021,40356,HMO,Gold,QHP,MI
11373,40356MI0010022,40356,HMO,Gold,QHP,MI
11374,40356MI0010023,40356,HMO,Gold,QHP,MI
11375,40356MI0020010,40356,HMO,Bronze,QHP,MI
11376,40356MI0020017,40356,HMO,Silver,QHP,MI
11377,40356MI0020018,40356,HMO,Silver,QHP,MI
11378,40356MI0020021,40356,HMO,Gold,QHP,MI
11379,40356MI0020022,40356,HMO,Gold,QHP,MI
11380,40356MI0020023,40356,HMO,Gold,QHP,MI
11381,40702AZ0060051,40702,HMO,Bronze,QHP,AZ
11382,40702AZ0070011,40702,HMO,Bronze,QHP,AZ
11383,40788TX0460014,40788,HMO,Gold,QHP,TX
11384,41047OH0010033,41047,HMO,Silver,QHP,OH
11385,42326SC0010011,42326,HMO,Gold,QHP,SC
11386,42326SC0020011,42326,HMO,Gold,QHP,SC
11387,42326SC0040001,42326,HMO,Gold,QHP,SC
11388,42326SC0040002,42326,HMO,Silver,QHP,SC
11389,42326SC0040003,42326,HMO,Gold,QHP,SC
11390,43490KS0010055,43490,EPO,Bronze,QHP,KS
11391,45480OK0050039,45480,HMO,Bronze,QHP,OK
11392,45480OK0110005,45480,HMO,Bronze,QHP,OK
11393,45786TX0050009,45786,HMO,Gold,QHP,TX
11394,45786TX0060001,45786,HMO,Gold,QHP,TX
11395,45786TX0060002,45786,HMO,Silver,QHP,TX
11396,45786TX0060003,45786,HMO,Gold,QHP,TX
11397,45819IA0010070,45819,EPO,Bronze,QHP,IA
11398,45819IA0010071,45819,EPO,Bronze,QHP,IA
11399,45819IA0010072,45819,EPO,Bronze,QHP,IA
11400,45819IA0010076,45819,EPO,Silver,QHP,IA
11401,45819IA0010077,45819,EPO,Silver,QHP,IA
11402,45819IA0010078,45819,EPO,Silver,QHP,IA
11403,45845OH0100055,45845,HMO,Bronze,QHP,OH
11404,45845OH0100056,45845,HMO,Bronze,QHP,OH
11405,45845OH0100057,45845,HMO,Bronze,QHP,OH
11406,45845OH0100059,45845,HMO,Silver,QHP,OH
11407,45845OH0100061,45845,HMO,Silver,QHP,OH
11408,46944AL0770001,46944,EPO,Silver,QHP,AL
11409,46944AL0780001,46944,EPO,Silver,QHP,AL
11410,47840MO0010023,47840,EPO,Gold,QHP,MO
11411,47840MO0010024,47840,EPO,Silver,QHP,MO
11412,48121FL0070127,48121,EPO,Silver,QHP,FL
11413,48121FL0070128,48121,EPO,Silver,QHP,FL
11414,48121FL0070129,48121,EPO,Bronze,QHP,FL
11415,48121FL0070130,48121,EPO,Bronze,QHP,FL
11416,48121FL0070131,48121,EPO,Gold,QHP,FL
11417,48121FL0070135,48121,EPO,Silver,QHP,FL
11418,48121FL0070136,48121,EPO,Bronze,QHP,FL
11419,48121FL0070137,48121,EPO,Gold,QHP,FL
11420,48121FL0070138,48121,EPO,Silver,QHP,FL
11421,48121FL0070139,48121,EPO,Silver,QHP,FL
11422,48121FL0070140,48121,EPO,Bronze,QHP,FL
11423,48121FL0070141,48121,EPO,Bronze,QHP,FL
11424,48121FL0070142,48121,EPO,Gold,QHP,FL
11425,48121FL0070145,48121,EPO,Bronze,QHP,FL
11426,48121FL0070146,48121,EPO,Silver,QHP,FL
11427,48121FL0070147,48121,EPO,Gold,QHP,FL
11428,48286IA0010024,48286,HMO,Silver,QHP,IA
11429,48286IA0020023,48286,HMO,Silver,QHP,IA
11430,48772AR0010008,48772,POS,Gold,QHP,AR
11431,49004FL0010031,49004,HMO,Silver,QHP,FL
11432,49004FL0010032,49004,HMO,Silver,QHP,FL
11433,49004FL0020027,49004,HMO,Silver,QHP,FL
11434,49004FL0020028,49004,HMO,Silver,QHP,FL
11435,50328WV0010038,50328,HMO,Bronze,QHP,WV
11436,50328WV0020038,50328,HMO,Bronze,QHP,WV
11437,52664OH1540013,52664,HMO,Gold,QHP,OH
11438,53932AL0100018,53932,EPO,Silver,QHP,AL
11439,53932AL0100019,53932,EPO,Silver,QHP,AL
11440,53932AL0110017,53932,EPO,Silver,QHP,AL
11441,53932AL0110018,53932,EPO,Silver,QHP,AL
11442,54172FL0010012,54172,HMO,Gold,QHP,FL
11443,54172FL0010013,54172,HMO,Bronze,QHP,FL
11444,54172FL0010020,54172,HMO,Bronze,QHP,FL
11445,54172FL0040004,54172,HMO,Gold,QHP,FL
11446,54172FL0040005,54172,HMO,Bronze,QHP,FL
11447,54172FL0040012,54172,HMO,Bronze,QHP,FL
11448,54172FL0070001,54172,HMO,Gold,QHP,FL
11449,54172FL0070002,54172,HMO,Silver,QHP,FL
11450,54172FL0070003,54172,HMO,Bronze,QHP,FL
11451,54172FL0070004,54172,HMO,Gold,QHP,FL
11452,54172FL0070005,54172,HMO,Bronze,QHP,FL
11453,54172FL0080001,54172,HMO,Silver,QHP,FL
11454,54172FL0090001,54172,HMO,Silver,QHP,FL
11455,54332NC0030026,54332,HMO,Bronze,QHP,NC
11456,54332NC0030039,54332,HMO,Silver,QHP,NC
11457,54332NC0030040,54332,HMO,Gold,QHP,NC
11458,54332NC0060005,54332,HMO,Bronze,QHP,NC
11459,54332NC0060006,54332,HMO,Silver,QHP,NC
11460,54332NC0060007,54332,HMO,Gold,QHP,NC
11461,56707OR1380013,56707,EPO,Silver,QHP,OR
11462,56707OR1380014,56707,EPO,Bronze,QHP,OR
11463,57424NE0010055,57424,EPO,Silver,QHP,NE
11464,57424NE0010056,57424,EPO,Bronze,QHP,NE
11465,57424NE0010057,57424,EPO,Bronze,QHP,NE
11466,57424NE0010058,57424,EPO,Bronze,QHP,NE
11467,57424NE0010059,57424,EPO,Bronze,QHP,NE
11468,57424NE0010060,57424,EPO,Bronze,QHP,NE
11469,57424NE0010061,57424,EPO,Silver,QHP,NE
11470,57424NE0010062,57424,EPO,Silver,QHP,NE
11471,57424NE0010063,57424,EPO,Silver,QHP,NE
11472,57424NE0010064,57424,EPO,Silver,QHP,NE
11473,57424NE0010065,57424,EPO,Silver,QHP,NE
11474,57424NE0010066,57424,EPO,Gold,QHP,NE
11475,57424NE0010067,57424,EPO,Gold,QHP,NE
11476,59025NH0370098,59025,HMO,Gold,QHP,NH
11477,59025NH0370099,59025,HMO,Silver,QHP,NH
11478,59025NH0370100,59025,HMO,Bronze,QHP,NH
11479,59025NH0370102,59025,HMO,Bronze,QHP,NH
11480,59025NH0370103,59025,HMO,Gold,QHP,NH
11481,59025NH0370104,59025,HMO,Gold,QHP,NH
11482,59025NH0370106,59025,HMO,Silver,QHP,NH
11483,59025NH0370107,59025,HMO,Silver,QHP,NH
11484,59025NH0370109,59025,HMO,Bronze,QHP,NH
11485,60536SD0020068,60536,PPO,Gold,QHP,SD
11486,60536SD0020069,60536,PPO,Gold,QHP,SD
11487,60536SD0020070,60536,PPO,Silver,QHP,SD
11488,60536SD0020071,60536,PPO,Silver,QHP,SD
11489,60536SD0020072,60536,PPO,Gold,QHP,SD
11490,60536SD0020073,60536,PPO,Gold,QHP,SD
11491,60536SD0020074,60536,PPO,Silver,QHP,SD
11492,60536SD0020075,60536,PPO,Silver,QHP,SD
11493,60536SD0020076,60536,PPO,Silver,QHP,SD
11494,60536SD0020077,60536,PPO,Silver,QHP,SD
11495,60536SD0060030,60536,HMO,Gold,QHP,SD
11496,60536SD0060031,60536,HMO,Silver,QHP,SD
11497,60536SD0060032,60536,HMO,Silver,QHP,SD
11498,62505OK0120022,62505,PPO,Silver,QHP,OK
11499,62505OK0120023,62505,PPO,Silver,QHP,OK
11500,62505OK0120024,62505,PPO,Silver,QHP,OK
11501,62505OK0130023,62505,PPO,Silver,QHP,OK
11502,62505OK0130024,62505,PPO,Silver,QHP,OK
11503,62505OK0130025,62505,PPO,Silver,QHP,OK
11504,64353OH0010014,64353,HMO,Gold,QHP,OH
11505,64353OH0040004,64353,HMO,Bronze,QHP,OH
11506,64353OH0040005,64353,HMO,Gold,QHP,OH
11507,64353OH0040012,64353,HMO,Bronze,QHP,OH
11508,64353OH0060001,64353,HMO,Gold,QHP,OH
11509,64353OH0060002,64353,HMO,Silver,QHP,OH
11510,64353OH0060003,64353,HMO,Bronze,QHP,OH
11511,64353OH0060004,64353,HMO,Bronze,QHP,OH
11512,64353OH0060005,64353,HMO,Gold,QHP,OH
11513,64353OH0070001,64353,HMO,Bronze,QHP,OH
11514,64353OH0070002,64353,HMO,Gold,QHP,OH
11515,64353OH0070003,64353,HMO,Silver,QHP,OH
11516,66252TX0380001,66252,HMO,Bronze,QHP,TX
11517,66252TX0380002,66252,HMO,Bronze,QHP,TX
11518,66252TX0380003,66252,HMO,Bronze,QHP,TX
11519,66252TX0380004,66252,HMO,Bronze,QHP,TX
11520,66252TX0380005,66252,HMO,Bronze,QHP,TX
11521,66252TX0380006,66252,HMO,Bronze,QHP,TX
11522,66252TX0380007,66252,HMO,Bronze,QHP,TX
11523,66252TX0380008,66252,HMO,Silver,QHP,TX
11524,66252TX0380009,66252,HMO,Silver,QHP,TX
11525,66252TX0380010,66252,HMO,Silver,QHP,TX
11526,66252TX0380011,66252,HMO,Silver,QHP,TX
11527,66252TX0380012,66252,HMO,Silver,QHP,TX
11528,66252TX0380013,66252,HMO,Gold,QHP,TX
11529,66252TX0380014,66252,HMO,Gold,QHP,TX
11530,66252TX0380015,66252,HMO,Gold,QHP,TX
11531,66252TX0380016,66252,HMO,Gold,QHP,TX
11532,66252TX0380017,66252,HMO,Gold,QHP,TX
11533,66252TX0380100,66252,HMO,Catastrophic,QHP,TX
11534,66966FL0050009,66966,HMO,Bronze,QHP,FL
11535,66966FL0050010,66966,HMO,Silver,QHP,FL
11536,68398FL0030058,68398,HMO,Bronze,QHP,FL
11537,68398FL0060006,68398,HMO,Bronze,QHP,FL
11538,68398FL0060007,68398,HMO,Bronze,QHP,FL
11539,68398FL0090001,68398,HMO,Bronze,QHP,FL
11540,68398FL0090002,68398,HMO,Silver,QHP,FL
11541,69443TN0140032,69443,EPO,Bronze,QHP,TN
11542,69461AL0110024,69461,EPO,Bronze,QHP,AL
11543,69461AL0120006,69461,EPO,Bronze,QHP,AL
11544,69512MO0010055,69512,EPO,Bronze,QHP,MO
11545,69512MO0010058,69512,EPO,Silver,QHP,MO
11546,69512MO0010064,69512,EPO,Gold,QHP,MO
11547,69803NC0010058,69803,HMO,Bronze,QHP,NC
11548,69803NC0010059,69803,HMO,Bronze,QHP,NC
11549,69803NC0010067,69803,HMO,Bronze,QHP,NC
11550,69803NC0010070,69803,HMO,Silver,QHP,NC
11551,69803NC0010071,69803,HMO,Silver,QHP,NC
11552,69803NC0010072,69803,HMO,Silver,QHP,NC
11553,69803NC0010074,69803,HMO,Gold,QHP,NC
11554,69803NC0010075,69803,HMO,Gold,QHP,NC
11555,69842LA0240026,69842,EPO,Bronze,QHP,LA
11556,69842LA0250006,69842,EPO,Bronze,QHP,LA
11557,70111TN0110019,70111,EPO,Silver,QHP,TN
11558,70111TN0110020,70111,EPO,Silver,QHP,TN
11559,70111TN0120003,70111,EPO,Silver,QHP,TN
11560,70525AR0070002,70525,POS,Silver,QHP,AR
11561,70525AR0210001,70525,POS,Silver,QHP,AR
11562,70525AR0210002,70525,POS,Gold,QHP,AR
11563,70525AR0210003,70525,POS,Gold,QHP,AR
11564,70525AR0210005,70525,POS,Silver,QHP,AR
11565,70754TX0020001,70754,HMO,Bronze,QHP,TX
11566,70754TX0020002,70754,HMO,Bronze,QHP,TX
11567,70754TX0020003,70754,HMO,Silver,QHP,TX
11568,70754TX0020004,70754,HMO,Silver,QHP,TX
11569,70754TX0020005,70754,HMO,Gold,QHP,TX
11570,70754TX0020006,70754,HMO,Gold,QHP,TX
11571,70754TX0020008,70754,HMO,Silver,QHP,TX
11572,70754TX0020009,70754,HMO,Gold,QHP,TX
11573,70754TX0030001,70754,HMO,Bronze,QHP,TX
11574,70754TX0030002,70754,HMO,Silver,QHP,TX
11575,70754TX0030003,70754,HMO,Gold,QHP,TX
11576,71667MI0010044,71667,HMO,Bronze,QHP,MI
11577,71667MI0010048,71667,HMO,Gold,QHP,MI
11578,71667MI0050005,71667,HMO,Bronze,QHP,MI
11579,71667MI0050006,71667,HMO,Gold,QHP,MI
11580,72850IN0160010,72850,EPO,Bronze,QHP,IN
11581,73102NE0080010,73102,EPO,Bronze,QHP,NE
11582,73943NC0070052,73943,HMO,Silver,QHP,NC
11583,73943NC0070053,73943,HMO,Gold,QHP,NC
11584,73943NC0070054,73943,HMO,Bronze,QHP,NC
11585,73943NC0070055,73943,HMO,Bronze,QHP,NC
11586,73943NC0070056,73943,HMO,Bronze,QHP,NC
11587,73943NC0070057,73943,HMO,Silver,QHP,NC
11588,73943NC0070058,73943,HMO,Silver,QHP,NC
11589,73943NC0070059,73943,HMO,Silver,QHP,NC
11590,73943NC0070061,73943,HMO,Gold,QHP,NC
11591,74313OH0210046,74313,HMO,Gold,QHP,OH
11592,74313OH0210047,74313,HMO,Silver,QHP,OH
11593,74313OH0210048,74313,HMO,Silver,QHP,OH
11594,74313OH0210049,74313,HMO,Bronze,QHP,OH
11595,74313OH0210050,74313,HMO,Bronze,QHP,OH
11596,74313OH0210052,74313,HMO,Gold,QHP,OH
11597,74980IA0020021,74980,PPO,Gold,QHP,IA
11598,74980IA0020022,74980,PPO,Gold,QHP,IA
11599,74980IA0020023,74980,PPO,Gold,QHP,IA
11600,74980IA0020024,74980,PPO,Gold,QHP,IA
11601,74980IA0020025,74980,PPO,Silver,QHP,IA
11602,74980IA0020026,74980,PPO,Silver,QHP,IA
11603,74980IA0020027,74980,PPO,Silver,QHP,IA
11604,74980IA0020028,74980,PPO,Silver,QHP,IA
11605,74980IA0020029,74980,PPO,Bronze,QHP,IA
11606,74980IA0020030,74980,PPO,Bronze,QHP,IA
11607,74980IA0020031,74980,PPO,Bronze,QHP,IA
11608,74980IA0020032,74980,PPO,Catastrophic,QHP,IA
11609,75293AR1200030,75293,PPO,Gold,QHP,AR
11610,76168DE0700007,76168,PPO,Gold,QHP,DE
11611,76168DE0740005,76168,PPO,Silver,QHP,DE
11612,77264NC0010009,77264,HMO,Silver,QHP,NC
11613,77264NC0010010,77264,HMO,Silver,QHP,NC
11614,77264NC0010011,77264,HMO,Silver,QHP,NC
11615,77264NC0020004,77264,HMO,Silver,QHP,NC
11616,77264NC0020006,77264,HMO,Silver,QHP,NC
11617,77264NC0020008,77264,HMO,Silver,QHP,NC
11618,77552OH0010222,77552,HMO,Bronze,QHP,OH
11619,77552OH0020222,77552,HMO,Bronze,QHP,OH
11620,77969OR5350001,77969,EPO,Bronze,QHP,OR
11621,77969OR5350002,77969,EPO,Bronze,QHP,OR
11622,79222SC0010017,79222,HMO,Silver,QHP,SC
11623,79475WI0550001,79475,HMO,Bronze,QHP,WI
11624,79475WI0550002,79475,HMO,Bronze,QHP,WI
11625,79475WI0550003,79475,HMO,Silver,QHP,WI
11626,79475WI0550005,79475,HMO,Silver,QHP,WI
11627,79475WI0550006,79475,HMO,Gold,QHP,WI
11628,79475WI0550007,79475,HMO,Bronze,QHP,WI
11629,79475WI0550008,79475,HMO,Bronze,QHP,WI
11630,79475WI0550009,79475,HMO,Bronze,QHP,WI
11631,79475WI0550010,79475,HMO,Bronze,QHP,WI
11632,79475WI0550011,79475,HMO,Bronze,QHP,WI
11633,79475WI0550012,79475,HMO,Bronze,QHP,WI
11634,79475WI0550013,79475,HMO,Bronze,QHP,WI
11635,79475WI0550014,79475,HMO,Silver,QHP,WI
11636,79475WI0550015,79475,HMO,Silver,QHP,WI
11637,79475WI0550016,79475,HMO,Silver,QHP,WI
11638,79475WI0550017,79475,HMO,Silver,QHP,WI
11639,79475WI0550018,79475,HMO,Silver,QHP,WI
11640,79475WI0550019,79475,HMO,Silver,QHP,WI
11641,79475WI0550020,79475,HMO,Gold,QHP,WI
11642,79475WI0550021,79475,HMO,Gold,QHP,WI
11643,79475WI0550022,79475,HMO,Gold,QHP,WI
11644,79475WI0550023,79475,HMO,Bronze,QHP,WI
11645,79475WI0550024,79475,HMO,Bronze,QHP,WI
11646,79475WI0550025,79475,HMO,Bronze,QHP,WI
11647,79475WI0550029,79475,HMO,Bronze,QHP,WI
11648,79475WI0550030,79475,HMO,Silver,QHP,WI
11649,79475WI0550031,79475,HMO,Gold,QHP,WI
11650,79475WI0550032,79475,HMO,Bronze,QHP,WI
11651,79475WI0550033,79475,HMO,Gold,QHP,WI
11652,79475WI0550034,79475,HMO,Silver,QHP,WI
11653,79475WI0550035,79475,HMO,Silver,QHP,WI
11654,79475WI0550036,79475,HMO,Gold,QHP,WI
11655,79475WI0550037,79475,HMO,Silver,QHP,WI
11656,79475WI0550038,79475,HMO,Gold,QHP,WI
11657,79475WI0550039,79475,HMO,Bronze,QHP,WI
11658,79475WI0550040,79475,HMO,Bronze,QHP,WI
11659,79475WI0550042,79475,HMO,Bronze,QHP,WI
11660,79475WI0550044,79475,HMO,Silver,QHP,WI
11661,79475WI0550046,79475,HMO,Gold,QHP,WI
11662,79475WI0550048,79475,HMO,Bronze,QHP,WI
11663,79475WI0550050,79475,HMO,Silver,QHP,WI
11664,79475WI0550052,79475,HMO,Bronze,QHP,WI
11665,79475WI0550054,79475,HMO,Bronze,QHP,WI
11666,79475WI0550056,79475,HMO,Gold,QHP,WI
11667,79475WI0550058,79475,HMO,Silver,QHP,WI
11668,79475WI0560001,79475,POS,Bronze,QHP,WI
11669,79475WI0560002,79475,POS,Bronze,QHP,WI
11670,79475WI0560003,79475,POS,Bronze,QHP,WI
11671,79475WI0560004,79475,POS,Silver,QHP,WI
11672,79475WI0560005,79475,POS,Gold,QHP,WI
11673,79475WI0560006,79475,POS,Bronze,QHP,WI
11674,79475WI0560007,79475,POS,Silver,QHP,WI
11675,79475WI0560008,79475,POS,Gold,QHP,WI
11676,79475WI0560009,79475,POS,Silver,QHP,WI
11677,79850FL0020001,79850,HMO,Silver,QHP,FL
11678,79850FL0020002,79850,HMO,Silver,QHP,FL
11679,79850FL0020003,79850,HMO,Gold,QHP,FL
11680,79850FL0020005,79850,HMO,Silver,QHP,FL
11681,79850FL0020006,79850,HMO,Gold,QHP,FL
11682,80180WI0100019,80180,HMO,Bronze,QHP,WI
11683,80180WI0100020,80180,HMO,Silver,QHP,WI
11684,80180WI0100022,80180,HMO,Bronze,QHP,WI
11685,80180WI0110005,80180,HMO,Bronze,QHP,WI
11686,80180WI0110006,80180,HMO,Silver,QHP,WI
11687,86382FL0050014,86382,HMO,Silver,QHP,FL
11688,87226TX0060014,87226,HMO,Silver,QHP,TX
11689,87226TX0070014,87226,HMO,Silver,QHP,TX
11690,87226TX0100014,87226,HMO,Silver,QHP,TX
11691,87571OK0350239,87571,PPO,Silver,QHP,OK
11692,87571OK0350240,87571,PPO,Silver,QHP,OK
11693,87571OK0350241,87571,PPO,Silver,QHP,OK
11694,87571OK0350242,87571,PPO,Silver,QHP,OK
11695,90714MS0010032,90714,HMO,Silver,QHP,MS
11696,90714MS0010033,90714,HMO,Silver,QHP,MS
11697,90714MS0030009,90714,HMO,Silver,QHP,MS
11698,90714MS0030029,90714,HMO,Silver,QHP,MS
11699,90787LA0010013,90787,EPO,Silver,QHP,LA
11700,90787LA0020014,90787,EPO,Silver,QHP,LA
11701,91450AZ0080091,91450,HMO,Silver,QHP,AZ
11702,91908OK0010056,91908,PPO,Bronze,QHP,OK
11703,91908OK0010057,91908,PPO,Bronze,QHP,OK
11704,91908OK0010058,91908,PPO,Bronze,QHP,OK
11705,91908OK0010059,91908,PPO,Silver,QHP,OK
11706,91908OK0010060,91908,PPO,Silver,QHP,OK
11707,91908OK0010068,91908,PPO,Bronze,QHP,OK
11708,94248KS0560016,94248,EPO,Gold,QHP,KS
11709,94248KS0560017,94248,EPO,Silver,QHP,KS
11710,94248KS0560018,94248,EPO,Bronze,QHP,KS
11711,94248KS0560019,94248,EPO,Gold,QHP,KS
11712,94419IN0010020,94419,EPO,Gold,QHP,IN
11713,94419IN0010022,94419,EPO,Silver,QHP,IN
11714,94419IN0010023,94419,EPO,Silver,QHP,IN
11715,94419IN0010024,94419,EPO,Bronze,QHP,IN
11716,94419IN0010025,94419,EPO,Bronze,QHP,IN
11717,94419IN0010026,94419,EPO,Bronze,QHP,IN
11718,94419IN0010027,94419,EPO,Bronze,QHP,IN
11719,94419IN0010034,94419,EPO,Gold,QHP,IN
11720,94419IN0010035,94419,EPO,Gold,QHP,IN
11721,94968KS0090021,94968,EPO,Bronze,QHP,KS
11722,94968KS0100007,94968,EPO,Bronze,QHP,KS
11723,95426MO0410021,95426,EPO,Bronze,QHP,MO
11724,95426MO0420005,95426,EPO,Bronze,QHP,MO
11725,96751NH0150215,96751,HMO,Bronze,QHP,NH
11726,97560MS0030033,97560,HMO,Bronze,QHP,MS
11727,97560MS0080007,97560,HMO,Bronze,QHP,MS
11728,97667AZ0110037,97667,HMO,Gold,QHP,AZ
11729,97667AZ0110038,97667,HMO,Gold,QHP,AZ
11730,97667AZ0110039,97667,HMO,Silver,QHP,AZ
11731,97667AZ0110040,97667,HMO,Silver,QHP,AZ
11732,97667AZ0110041,97667,HMO,Silver,QHP,AZ
11733,97667AZ0110042,97667,HMO,Bronze,QHP,AZ
11734,97667AZ0110043,97667,HMO,Bronze,QHP,AZ
11735,97667AZ0110044,97667,HMO,Bronze,QHP,AZ
11736,98780LA0220001,98780,HMO,Bronze,QHP,LA
11737,98780LA0220002,98780,HMO,Bronze,QHP,LA
11738,98780LA0220003,98780,HMO,Bronze,QHP,LA
11739,98780LA0220004,98780,HMO,Bronze,QHP,LA
11740,98780LA0220005,98780,HMO,Bronze,QHP,LA
11741,98780LA0220006,98780,HMO,Silver,QHP,LA
11742,98780LA0220007,98780,HMO,Silver,QHP,LA
11743,98780LA0220008,98780,HMO,Silver,QHP,LA
11744,98780LA0220009,98780,HMO,Silver,QHP,LA
11745,98780LA0220010,98780,HMO,Silver,QHP,LA
11746,98780LA0220011,98780,HMO,Gold,QHP,LA
11747,98780LA0220012,98780,HMO,Gold,QHP,LA
11748,98780LA0220013,98780,HMO,Gold,QHP,LA
11749,98780LA0220014,98780,HMO,Gold,QHP,LA
11750,98780LA0220015,98780,HMO,Gold,QHP,LA
11751,98905OK0330001,98905,HMO,Silver,QHP,OK
11752,98905OK0330002,98905,HMO,Bronze,QHP,OK
11753,98905OK0340001,98905,HMO,Silver,QHP,OK
11754,98905OK0340003,98905,HMO,Silver,QHP,OK
11755,99248TN0060117,99248,EPO,Gold,QHP,TN
11756,99723MO0090020,99723,EPO,Silver,QHP,MO
11757,99723MO0110027,99723,EPO,Silver,QHP,MO
11758,99969OH0080545,99969,HMO,Gold,QHP,OH
11759,99969OH0080546,99969,HMO,Gold,QHP,OH
11760,99969OH0080547,99969,HMO,Silver,QHP,OH
11761,99969OH0080548,99969,HMO,Silver,QHP,OH
11762,99969OH0080549,99969,HMO,Silver,QHP,OH
11763,99969OH0080550,99969,HMO,Bronze,QHP,OH
